received_at_utc,trade_time,price,volume_24h
2026-05-28T02:15:30.638639+00:00,,74262.4,6446.1183111
2026-05-28T02:15:30.649733+00:00,,74254.76,6446.1183111
2026-05-28T02:15:30.730229+00:00,,74254.76,6446.1183111
2026-05-28T02:15:30.951765+00:00,,74254.75,6446.1183111
2026-05-28T02:15:30.990015+00:00,,74254.75,6446.1183111
2026-05-28T02:15:31.155629+00:00,,74259.587,6446.1183111
2026-05-28T02:15:31.236292+00:00,,74259.587,6446.1183111
2026-05-28T02:15:31.404564+00:00,,74243.43,6446.1183111
2026-05-28T02:15:31.477646+00:00,,74243.43,6446.1183111
2026-05-28T02:15:31.633955+00:00,,74243.42,6446.1183111
2026-05-28T02:15:31.730401+00:00,,74243.42,6446.1183111
2026-05-28T02:15:31.886870+00:00,,74238.0,6446.1183111
2026-05-28T02:15:31.980483+00:00,,74238.0,6446.1183111
2026-05-28T02:15:32.180718+00:00,,74236.81,6446.1183111
2026-05-28T02:15:32.233427+00:00,,74236.81,6446.1183111
2026-05-28T02:15:32.419323+00:00,,74236.8,6446.1183111
2026-05-28T02:15:32.677559+00:00,,74255.2,6446.1183111
2026-05-28T02:15:32.728752+00:00,,74255.2,6446.1183111
2026-05-28T02:15:32.926732+00:00,,74236.8,6446.46751185
2026-05-28T02:15:32.981269+00:00,,74236.8,6446.46751185
2026-05-28T02:15:33.108476+00:00,,74236.81,6446.46751185
2026-05-28T02:15:33.229742+00:00,,74236.81,6446.46751185
2026-05-28T02:15:33.481913+00:00,,74236.81,6446.46751185
2026-05-28T02:15:33.732352+00:00,,74236.81,6446.46751185
2026-05-28T02:15:33.906870+00:00,,74240.52,6446.46751185
2026-05-28T02:15:33.978964+00:00,,74240.52,6446.46751185
2026-05-28T02:15:34.152096+00:00,,74240.77,6446.46751185
2026-05-28T02:15:34.230178+00:00,,74240.77,6446.46751185
2026-05-28T02:15:34.481724+00:00,,74240.77,6446.46751185
2026-05-28T02:15:34.732540+00:00,,74240.77,6446.46751185
2026-05-28T02:15:34.901794+00:00,,74243.69,6446.46751185
2026-05-28T02:15:34.981297+00:00,,74243.69,6446.46751185
2026-05-28T02:15:35.136760+00:00,,74245.99,6446.46751185
2026-05-28T02:15:35.242913+00:00,,74245.99,6446.46751185
2026-05-28T02:15:35.478165+00:00,,74245.99,6446.46751185
2026-05-28T02:15:35.625583+00:00,,74247.72,6446.46751185
2026-05-28T02:15:35.731514+00:00,,74247.72,6446.46751185
2026-05-28T02:15:35.904530+00:00,,74247.71,6446.46751185
2026-05-28T02:15:35.978262+00:00,,74247.71,6446.46751185
2026-05-28T02:15:36.159765+00:00,,74247.72,6446.46751185
2026-05-28T02:15:36.232915+00:00,,74247.72,6446.46751185
2026-05-28T02:15:36.480160+00:00,,74247.72,6446.46751185
2026-05-28T02:15:36.654713+00:00,,74251.19,6446.46751185
2026-05-28T02:15:36.731899+00:00,,74251.19,6446.46751185
2026-05-28T02:15:36.901484+00:00,,74251.2,6446.46751185
2026-05-28T02:15:36.978084+00:00,,74251.2,6446.46751185
2026-05-28T02:15:37.155645+00:00,,74251.19,6446.46751185
2026-05-28T02:15:37.233191+00:00,,74251.19,6446.46751185
2026-05-28T02:15:37.408093+00:00,,74253.0,6446.46751185
2026-05-28T02:15:37.486276+00:00,,74253.0,6446.46751185
2026-05-28T02:15:37.729723+00:00,,74253.0,6446.46751185
2026-05-28T02:15:37.905653+00:00,,74254.75,6446.46751185
2026-05-28T02:15:37.976700+00:00,,74254.75,6446.46751185
2026-05-28T02:15:38.477527+00:00,,74254.75,6446.46751185
2026-05-28T02:15:38.734874+00:00,,74254.75,6446.46751185
2026-05-28T02:15:38.981658+00:00,,74254.75,6446.46751185
2026-05-28T02:15:39.229698+00:00,,74254.75,6446.46751185
2026-05-28T02:15:39.405836+00:00,,74254.76,6446.46751185
2026-05-28T02:15:39.482639+00:00,,74254.76,6446.46751185
2026-05-28T02:15:39.976070+00:00,,74254.76,6446.46751185
2026-05-28T02:15:40.159828+00:00,,74254.75,6446.46751185
2026-05-28T02:15:40.230843+00:00,,74254.75,6446.46751185
2026-05-28T02:15:40.383446+00:00,,74263.9,6446.46751185
2026-05-28T02:15:40.484761+00:00,,74263.9,6446.46751185
2026-05-28T02:15:40.651870+00:00,,74255.99,6446.46751185
2026-05-28T02:15:40.983054+00:00,,74255.99,6446.46751185
2026-05-28T02:15:41.233267+00:00,,74255.99,6446.46751185
2026-05-28T02:15:41.478688+00:00,,74255.99,6446.46751185
2026-05-28T02:15:41.655638+00:00,,74254.75,6446.46751185
2026-05-28T02:15:41.733659+00:00,,74254.75,6446.46751185
2026-05-28T02:15:42.477831+00:00,,74254.75,6446.46751185
2026-05-28T02:15:42.729465+00:00,,74254.75,6446.46751185
2026-05-28T02:15:43.231486+00:00,,74254.75,6446.46751185
2026-05-28T02:15:43.433765+00:00,,74254.75,6446.56854075
2026-05-28T02:15:43.735569+00:00,,74254.75,6446.56854075
2026-05-28T02:15:43.978377+00:00,,74254.75,6446.56854075
2026-05-28T02:15:44.156443+00:00,,74253.72,6446.56854075
2026-05-28T02:15:44.480295+00:00,,74253.72,6446.56854075
2026-05-28T02:15:44.731535+00:00,,74253.72,6446.56854075
2026-05-28T02:15:45.234515+00:00,,74253.72,6446.56854075
2026-05-28T02:15:45.480288+00:00,,74253.72,6446.56854075
2026-05-28T02:15:45.648491+00:00,,74253.73,6446.56854075
2026-05-28T02:15:45.732718+00:00,,74253.73,6446.56854075
2026-05-28T02:15:45.995621+00:00,,74253.72,6446.56854075
2026-05-28T02:15:45.996258+00:00,,74253.72,6446.56854075
2026-05-28T02:15:46.233622+00:00,,74253.72,6446.56854075
2026-05-28T02:15:46.512569+00:00,,74253.72,6446.56854075
2026-05-28T02:15:46.768462+00:00,,74253.72,6446.56854075
2026-05-28T02:15:46.984781+00:00,,74253.72,6446.56854075
2026-05-28T02:15:47.234697+00:00,,74253.72,6446.56854075
2026-05-28T02:15:47.477828+00:00,,74253.72,6446.56854075
2026-05-28T02:15:47.732518+00:00,,74253.72,6446.56854075
2026-05-28T02:15:47.907363+00:00,,74253.73,6446.56854075
2026-05-28T02:15:47.979389+00:00,,74253.73,6446.56854075
2026-05-28T02:15:48.112233+00:00,,74253.72,6446.56854075
2026-05-28T02:15:48.231656+00:00,,74253.72,6446.56854075
2026-05-28T02:15:48.482036+00:00,,74253.72,6446.56854075
2026-05-28T02:15:48.976464+00:00,,74253.72,6446.56854075
2026-05-28T02:15:49.228232+00:00,,74253.72,6446.56854075
2026-05-28T02:15:49.481908+00:00,,74253.72,6446.56854075
2026-05-28T02:15:49.737225+00:00,,74253.72,6446.56854075
2026-05-28T02:15:49.891052+00:00,,74263.1,6446.56854075
2026-05-28T02:15:49.980641+00:00,,74263.1,6446.56854075
2026-05-28T02:15:50.148397+00:00,,74257.7,6446.56854075
2026-05-28T02:15:50.234597+00:00,,74257.7,6446.56854075
2026-05-28T02:15:50.402718+00:00,,74242.71,6446.56854075
2026-05-28T02:15:50.478018+00:00,,74242.71,6446.56854075
2026-05-28T02:15:50.656898+00:00,,74242.72,6446.56854075
2026-05-28T02:15:50.731645+00:00,,74242.72,6446.56854075
2026-05-28T02:15:50.974296+00:00,,74252.2,6446.56854075
2026-05-28T02:15:51.478204+00:00,,74252.2,6446.56854075
2026-05-28T02:15:51.661907+00:00,,74242.71,6446.56854075
2026-05-28T02:15:51.734044+00:00,,74242.71,6446.56854075
2026-05-28T02:15:51.907014+00:00,,74242.72,6446.56854075
2026-05-28T02:15:52.231550+00:00,,74242.72,6446.56854075
2026-05-28T02:15:52.446456+00:00,,74242.71,6446.56854075
2026-05-28T02:15:52.478881+00:00,,74242.71,6446.56854075
2026-05-28T02:15:52.681969+00:00,,74242.72,6446.56854075
2026-05-28T02:15:52.731170+00:00,,74242.72,6446.56854075
2026-05-28T02:15:52.925599+00:00,,74250.1,6447.18736008
2026-05-28T02:15:52.978700+00:00,,74250.1,6447.18736008
2026-05-28T02:15:53.172828+00:00,,74240.0,6447.18736008
2026-05-28T02:15:53.233125+00:00,,74240.0,6447.18736008
2026-05-28T02:15:53.433403+00:00,,74242.57,6447.18736008
2026-05-28T02:15:53.481782+00:00,,74242.57,6447.18736008
2026-05-28T02:15:53.675125+00:00,,74242.58,6447.18736008
2026-05-28T02:15:54.233701+00:00,,74242.58,6447.18736008
2026-05-28T02:15:54.485436+00:00,,74242.58,6447.18736008
2026-05-28T02:15:54.642575+00:00,,74238.46,6447.18736008
2026-05-28T02:15:54.731061+00:00,,74238.46,6447.18736008
2026-05-28T02:15:54.879525+00:00,,74247.6,6447.18736008
2026-05-28T02:15:55.229860+00:00,,74247.6,6447.18736008
2026-05-28T02:15:55.476149+00:00,,74247.6,6447.18736008
2026-05-28T02:15:55.743687+00:00,,74247.6,6447.18736008
2026-05-28T02:15:55.867432+00:00,,74232.03,6447.18736008
2026-05-28T02:15:56.128234+00:00,,74243.41,6447.18736008
2026-05-28T02:15:56.730236+00:00,,74243.41,6447.18736008
2026-05-28T02:15:56.860636+00:00,,74232.03,6447.18736008
2026-05-28T02:15:57.156448+00:00,,74235.49,6447.18736008
2026-05-28T02:15:57.234027+00:00,,74235.49,6447.18736008
2026-05-28T02:15:57.481681+00:00,,74235.49,6447.18736008
2026-05-28T02:15:57.638396+00:00,,74230.01,6447.18736008
2026-05-28T02:15:57.744507+00:00,,74230.01,6447.18736008
2026-05-28T02:15:57.906426+00:00,,74226.42,6447.18736008
2026-05-28T02:15:57.981742+00:00,,74226.42,6447.18736008
2026-05-28T02:15:58.133163+00:00,,74224.42,6447.18736008
2026-05-28T02:15:58.242795+00:00,,74224.42,6447.18736008
2026-05-28T02:15:58.414231+00:00,,74222.69,6447.18736008
2026-05-28T02:15:58.487355+00:00,,74222.69,6447.18736008
2026-05-28T02:15:58.633213+00:00,,74222.4,6447.18736008
2026-05-28T02:15:58.735627+00:00,,74222.4,6447.18736008
2026-05-28T02:15:59.001845+00:00,,74222.4,6447.18736008
2026-05-28T02:15:59.235036+00:00,,74222.4,6447.18736008
2026-05-28T02:15:59.484589+00:00,,74222.4,6447.18736008
2026-05-28T02:15:59.655125+00:00,,74220.04,6447.18736008
2026-05-28T02:15:59.736063+00:00,,74220.04,6447.18736008
2026-05-28T02:15:59.890305+00:00,,74229.4,6447.18736008
2026-05-28T02:15:59.977587+00:00,,74229.4,6447.18736008
2026-05-28T02:16:00.151150+00:00,,74220.04,6447.18736008
2026-05-28T02:16:00.232770+00:00,,74220.04,6447.18736008
2026-05-28T02:16:00.482145+00:00,,74220.04,6447.18736008
2026-05-28T02:16:00.732399+00:00,,74220.04,6447.18736008
2026-05-28T02:16:00.980731+00:00,,74220.04,6447.18736008
2026-05-28T02:16:01.477980+00:00,,74220.04,6447.18736008
2026-05-28T02:16:01.732395+00:00,,74220.04,6447.18736008
2026-05-28T02:16:01.892416+00:00,,74220.05,6447.18736008
2026-05-28T02:16:01.978826+00:00,,74220.05,6447.18736008
2026-05-28T02:16:02.231107+00:00,,74220.05,6447.18736008
2026-05-28T02:16:02.423414+00:00,,74225.0,6447.18736008
2026-05-28T02:16:02.477947+00:00,,74225.0,6447.18736008
2026-05-28T02:16:02.675374+00:00,,74220.04,6447.18736008
2026-05-28T02:16:02.731656+00:00,,74220.04,6447.18736008
2026-05-28T02:16:02.923374+00:00,,74220.04,6448.47614502
2026-05-28T02:16:02.985270+00:00,,74220.04,6448.47614502
2026-05-28T02:16:03.233322+00:00,,74220.04,6448.47614502
2026-05-28T02:16:03.426660+00:00,,74217.9,6448.47614502
2026-05-28T02:16:03.478723+00:00,,74217.9,6448.47614502
2026-05-28T02:16:03.664995+00:00,,74217.61,6448.47614502
2026-05-28T02:16:03.731618+00:00,,74217.61,6448.47614502
2026-05-28T02:16:03.979117+00:00,,74217.61,6448.47614502
2026-05-28T02:16:04.448968+00:00,,74223.7,6448.47614502
2026-05-28T02:16:04.479519+00:00,,74223.7,6448.47614502
2026-05-28T02:16:04.717550+00:00,,74217.62,6448.47614502
2026-05-28T02:16:04.732410+00:00,,74217.62,6448.47614502
2026-05-28T02:16:04.949129+00:00,,74217.61,6448.47614502
2026-05-28T02:16:04.978319+00:00,,74217.61,6448.47614502
2026-05-28T02:16:05.113140+00:00,,74217.62,6448.47614502
2026-05-28T02:16:05.233824+00:00,,74217.62,6448.47614502
2026-05-28T02:16:05.483800+00:00,,74217.62,6448.47614502
2026-05-28T02:16:05.733667+00:00,,74217.62,6448.47614502
2026-05-28T02:16:05.911902+00:00,,74226.0,6448.47614502
2026-05-28T02:16:05.976622+00:00,,74226.0,6448.47614502
2026-05-28T02:16:06.229689+00:00,,74226.0,6448.47614502
2026-05-28T02:16:06.409498+00:00,,74227.99,6448.47614502
2026-05-28T02:16:06.481176+00:00,,74227.99,6448.47614502
2026-05-28T02:16:06.656302+00:00,,74228.0,6448.47614502
2026-05-28T02:16:06.735966+00:00,,74228.0,6448.47614502
2026-05-28T02:16:06.985632+00:00,,74228.0,6448.47614502
2026-05-28T02:16:07.157363+00:00,,74227.99,6448.47614502
2026-05-28T02:16:07.235816+00:00,,74227.99,6448.47614502
2026-05-28T02:16:07.408040+00:00,,74234.2,6448.47614502
2026-05-28T02:16:07.484239+00:00,,74234.2,6448.47614502
2026-05-28T02:16:07.731350+00:00,,74234.2,6448.47614502
2026-05-28T02:16:07.864891+00:00,,74228.0,6448.47614502
2026-05-28T02:16:08.230406+00:00,,74228.0,6448.47614502
2026-05-28T02:16:08.976543+00:00,,74228.0,6448.47614502
2026-05-28T02:16:09.407369+00:00,,74227.99,6448.47614502
2026-05-28T02:16:09.477720+00:00,,74227.99,6448.47614502
2026-05-28T02:16:09.736950+00:00,,74227.99,6448.47614502
2026-05-28T02:16:09.899620+00:00,,74228.0,6448.47614502
2026-05-28T02:16:10.060339+00:00,,74228.0,6448.47614502
2026-05-28T02:16:10.256288+00:00,,74228.0,6448.47614502
2026-05-28T02:16:10.481559+00:00,,74228.0,6448.47614502
2026-05-28T02:16:10.736340+00:00,,74228.0,6448.47614502
2026-05-28T02:16:10.980523+00:00,,74228.0,6448.47614502
2026-05-28T02:16:11.163861+00:00,,74228.87,6448.47614502
2026-05-28T02:16:11.229885+00:00,,74228.87,6448.47614502
2026-05-28T02:16:11.406767+00:00,,74231.7,6448.47614502
2026-05-28T02:16:11.482760+00:00,,74231.7,6448.47614502
2026-05-28T02:16:11.630191+00:00,,74231.71,6448.47614502
2026-05-28T02:16:11.739206+00:00,,74231.71,6448.47614502
2026-05-28T02:16:11.909557+00:00,,74231.7,6448.47614502
2026-05-28T02:16:11.981568+00:00,,74231.7,6448.47614502
2026-05-28T02:16:12.153830+00:00,,74231.71,6448.47614502
2026-05-28T02:16:12.234304+00:00,,74231.71,6448.47614502
2026-05-28T02:16:12.415484+00:00,,74231.7,6448.47614502
2026-05-28T02:16:12.484450+00:00,,74231.7,6448.47614502
2026-05-28T02:16:12.735459+00:00,,74231.7,6448.47614502
2026-05-28T02:16:12.896120+00:00,,74231.71,6448.47614502
2026-05-28T02:16:13.172331+00:00,,74238.718,6448.93619374
2026-05-28T02:16:13.233509+00:00,,74238.718,6448.93619374
2026-05-28T02:16:13.982701+00:00,,74238.718,6448.93619374
2026-05-28T02:16:14.153436+00:00,,74225.02,6448.93619374
2026-05-28T02:16:14.236481+00:00,,74225.02,6448.93619374
2026-05-28T02:16:14.400169+00:00,,74241.3,6448.93619374
2026-05-28T02:16:14.481458+00:00,,74241.3,6448.93619374
2026-05-28T02:16:14.655344+00:00,,74245.16,6448.93619374
2026-05-28T02:16:14.735968+00:00,,74245.16,6448.93619374
2026-05-28T02:16:14.883887+00:00,,74249.68,6448.93619374
2026-05-28T02:16:14.977545+00:00,,74249.68,6448.93619374
2026-05-28T02:16:15.237183+00:00,,74249.68,6448.93619374
2026-05-28T02:16:15.403742+00:00,,74247.14,6448.93619374
2026-05-28T02:16:15.481698+00:00,,74247.14,6448.93619374
2026-05-28T02:16:15.616274+00:00,,74249.0,6448.93619374
2026-05-28T02:16:15.732572+00:00,,74249.0,6448.93619374
2026-05-28T02:16:15.903816+00:00,,74248.91,6448.93619374
2026-05-28T02:16:15.977941+00:00,,74248.91,6448.93619374
2026-05-28T02:16:16.482466+00:00,,74248.91,6448.93619374
2026-05-28T02:16:16.650686+00:00,,74248.93,6448.93619374
2026-05-28T02:16:16.728634+00:00,,74248.93,6448.93619374
2026-05-28T02:16:16.977995+00:00,,74248.93,6448.93619374
2026-05-28T02:16:17.239552+00:00,,74248.93,6448.93619374
2026-05-28T02:16:17.483940+00:00,,74248.93,6448.93619374
2026-05-28T02:16:17.730213+00:00,,74248.93,6448.93619374
2026-05-28T02:16:17.901971+00:00,,74248.92,6448.93619374
2026-05-28T02:16:17.979374+00:00,,74248.92,6448.93619374
2026-05-28T02:16:18.232100+00:00,,74248.92,6448.93619374
2026-05-28T02:16:18.405561+00:00,,74248.93,6448.93619374
2026-05-28T02:16:18.476729+00:00,,74248.93,6448.93619374
2026-05-28T02:16:18.733288+00:00,,74248.93,6448.93619374
2026-05-28T02:16:18.902669+00:00,,74248.92,6448.93619374
2026-05-28T02:16:18.979130+00:00,,74248.92,6448.93619374
2026-05-28T02:16:19.229054+00:00,,74248.92,6448.93619374
2026-05-28T02:16:19.730049+00:00,,74248.92,6448.93619374
2026-05-28T02:16:19.908827+00:00,,74248.93,6448.93619374
2026-05-28T02:16:19.977087+00:00,,74248.93,6448.93619374
2026-05-28T02:16:20.232551+00:00,,74248.93,6448.93619374
2026-05-28T02:16:20.407831+00:00,,74248.92,6448.93619374
2026-05-28T02:16:20.479528+00:00,,74248.92,6448.93619374
2026-05-28T02:16:20.658011+00:00,,74248.93,6448.93619374
2026-05-28T02:16:20.732314+00:00,,74248.93,6448.93619374
2026-05-28T02:16:20.954593+00:00,,74248.85,6448.93619374
2026-05-28T02:16:20.978651+00:00,,74248.85,6448.93619374
2026-05-28T02:16:21.156919+00:00,,74238.47,6448.93619374
2026-05-28T02:16:21.232818+00:00,,74238.47,6448.93619374
2026-05-28T02:16:21.404067+00:00,,74236.99,6448.93619374
2026-05-28T02:16:21.480019+00:00,,74236.99,6448.93619374
2026-05-28T02:16:21.651462+00:00,,74232.57,6448.93619374
2026-05-28T02:16:21.732798+00:00,,74232.57,6448.93619374
2026-05-28T02:16:21.885891+00:00,,74233.52,6448.93619374
2026-05-28T02:16:22.233866+00:00,,74233.52,6448.93619374
2026-05-28T02:16:22.478616+00:00,,74233.52,6448.93619374
2026-05-28T02:16:22.671595+00:00,,74232.1,6448.93619374
2026-05-28T02:16:22.731548+00:00,,74232.1,6448.93619374
2026-05-28T02:16:22.916094+00:00,,74233.51,6449.16213826
2026-05-28T02:16:22.978780+00:00,,74233.51,6449.16213826
2026-05-28T02:16:23.168591+00:00,,74233.39,6449.16213826
2026-05-28T02:16:23.238978+00:00,,74233.39,6449.16213826
2026-05-28T02:16:23.477405+00:00,,74233.39,6449.16213826
2026-05-28T02:16:23.680177+00:00,,74233.38,6449.16213826
2026-05-28T02:16:23.733811+00:00,,74233.38,6449.16213826
2026-05-28T02:16:23.909356+00:00,,74233.41,6449.16213826
2026-05-28T02:16:23.979514+00:00,,74233.41,6449.16213826
2026-05-28T02:16:24.233037+00:00,,74233.41,6449.16213826
2026-05-28T02:16:24.482868+00:00,,74233.41,6449.16213826
2026-05-28T02:16:24.651435+00:00,,74241.85,6449.16213826
2026-05-28T02:16:24.731204+00:00,,74241.85,6449.16213826
2026-05-28T02:16:24.901702+00:00,,74240.57,6449.16213826
2026-05-28T02:16:24.977536+00:00,,74240.57,6449.16213826
2026-05-28T02:16:25.230480+00:00,,74240.57,6449.16213826
2026-05-28T02:16:25.476581+00:00,,74240.57,6449.16213826
2026-05-28T02:16:25.640390+00:00,,74239.0,6449.16213826
2026-05-28T02:16:25.732923+00:00,,74239.0,6449.16213826
2026-05-28T02:16:25.976364+00:00,,74239.0,6449.16213826
2026-05-28T02:16:26.233212+00:00,,74239.0,6449.16213826
2026-05-28T02:16:26.478916+00:00,,74239.0,6449.16213826
2026-05-28T02:16:26.731751+00:00,,74239.0,6449.16213826
2026-05-28T02:16:26.978419+00:00,,74239.0,6449.16213826
2026-05-28T02:16:27.151803+00:00,,74239.01,6449.16213826
2026-05-28T02:16:27.230100+00:00,,74239.01,6449.16213826
2026-05-28T02:16:28.481037+00:00,,74239.01,6449.16213826
2026-05-28T02:16:28.733450+00:00,,74239.01,6449.16213826
2026-05-28T02:16:28.980254+00:00,,74239.01,6449.16213826
2026-05-28T02:16:29.477479+00:00,,74239.01,6449.16213826
2026-05-28T02:16:29.658268+00:00,,74241.98,6449.16213826
2026-05-28T02:16:29.731918+00:00,,74241.98,6449.16213826
2026-05-28T02:16:29.902725+00:00,,74238.2,6449.16213826
2026-05-28T02:16:29.979206+00:00,,74238.2,6449.16213826
2026-05-28T02:16:30.234355+00:00,,74238.2,6449.16213826
2026-05-28T02:16:30.477339+00:00,,74238.2,6449.16213826
2026-05-28T02:16:30.733134+00:00,,74238.2,6449.16213826
2026-05-28T02:16:31.057325+00:00,,74238.2,6449.16213826
2026-05-28T02:16:31.286381+00:00,,74238.2,6449.16213826
2026-05-28T02:16:31.729012+00:00,,74238.2,6449.16213826
2026-05-28T02:16:32.231984+00:00,,74238.2,6449.16213826
2026-05-28T02:16:32.477849+00:00,,74238.2,6449.16213826
2026-05-28T02:16:32.932029+00:00,,74238.2,6449.81336516
2026-05-28T02:16:32.977170+00:00,,74238.2,6449.81336516
2026-05-28T02:16:33.483981+00:00,,74238.2,6449.81336516
2026-05-28T02:16:33.980899+00:00,,74238.2,6449.81336516
2026-05-28T02:16:34.230753+00:00,,74238.2,6449.81336516
2026-05-28T02:16:34.406897+00:00,,74238.19,6449.81336516
2026-05-28T02:16:34.476882+00:00,,74238.19,6449.81336516
2026-05-28T02:16:34.605647+00:00,,74238.2,6449.81336516
2026-05-28T02:16:34.733367+00:00,,74238.2,6449.81336516
2026-05-28T02:16:34.978184+00:00,,74238.2,6449.81336516
2026-05-28T02:16:35.505406+00:00,,74238.2,6449.81336516
2026-05-28T02:16:35.755623+00:00,,74238.2,6449.81336516
2026-05-28T02:16:35.977291+00:00,,74238.2,6449.81336516
2026-05-28T02:16:36.230361+00:00,,74238.2,6449.81336516
2026-05-28T02:16:36.407725+00:00,,74238.19,6449.81336516
2026-05-28T02:16:36.479080+00:00,,74238.19,6449.81336516
2026-05-28T02:16:36.730249+00:00,,74238.19,6449.81336516
2026-05-28T02:16:36.890813+00:00,,74238.2,6449.81336516
2026-05-28T02:16:36.977412+00:00,,74238.2,6449.81336516
2026-05-28T02:16:37.232768+00:00,,74238.2,6449.81336516
2026-05-28T02:16:37.478777+00:00,,74238.2,6449.81336516
2026-05-28T02:16:37.975707+00:00,,74238.2,6449.81336516
2026-05-28T02:16:38.154839+00:00,,74236.13,6449.81336516
2026-05-28T02:16:38.244988+00:00,,74236.13,6449.81336516
2026-05-28T02:16:38.484068+00:00,,74236.13,6449.81336516
2026-05-28T02:16:38.652510+00:00,,74238.2,6449.81336516
2026-05-28T02:16:39.236227+00:00,,74238.2,6449.81336516
2026-05-28T02:16:39.483585+00:00,,74238.2,6449.81336516
2026-05-28T02:16:39.749984+00:00,,74238.2,6449.81336516
2026-05-28T02:16:39.903491+00:00,,74234.0,6449.81336516
2026-05-28T02:16:39.986850+00:00,,74234.0,6449.81336516
2026-05-28T02:16:40.231512+00:00,,74234.0,6449.81336516
2026-05-28T02:16:40.400452+00:00,,74234.03,6449.81336516
2026-05-28T02:16:40.478831+00:00,,74234.03,6449.81336516
2026-05-28T02:16:40.732686+00:00,,74234.03,6449.81336516
2026-05-28T02:16:40.979681+00:00,,74234.03,6449.81336516
2026-05-28T02:16:41.230351+00:00,,74234.03,6449.81336516
2026-05-28T02:16:41.481569+00:00,,74234.03,6449.81336516
2026-05-28T02:16:41.755008+00:00,,74234.03,6449.81336516
2026-05-28T02:16:41.912002+00:00,,74237.52,6449.81336516
2026-05-28T02:16:41.978636+00:00,,74237.52,6449.81336516
2026-05-28T02:16:42.171719+00:00,,74237.74,6449.81336516
2026-05-28T02:16:42.233227+00:00,,74237.74,6449.81336516
2026-05-28T02:16:42.731430+00:00,,74237.74,6449.81336516
2026-05-28T02:16:42.928357+00:00,,74237.74,6451.19216843
2026-05-28T02:16:42.978350+00:00,,74237.74,6451.19216843
2026-05-28T02:16:43.183135+00:00,,74238.2,6451.19216843
2026-05-28T02:16:43.231106+00:00,,74238.2,6451.19216843
2026-05-28T02:16:43.478026+00:00,,74238.2,6451.19216843
2026-05-28T02:16:43.738936+00:00,,74238.2,6451.19216843
2026-05-28T02:16:43.979217+00:00,,74238.2,6451.19216843
2026-05-28T02:16:44.229337+00:00,,74238.2,6451.19216843
2026-05-28T02:16:44.405319+00:00,,74238.19,6451.19216843
2026-05-28T02:16:44.477639+00:00,,74238.19,6451.19216843
2026-05-28T02:16:44.655680+00:00,,74238.2,6451.19216843
2026-05-28T02:16:44.729092+00:00,,74238.2,6451.19216843
2026-05-28T02:16:44.893149+00:00,,74238.19,6451.19216843
2026-05-28T02:16:44.978027+00:00,,74238.19,6451.19216843
2026-05-28T02:16:45.493956+00:00,,74238.19,6451.19216843
2026-05-28T02:16:45.640016+00:00,,74236.9,6451.19216843
2026-05-28T02:16:45.736809+00:00,,74236.9,6451.19216843
2026-05-28T02:16:45.904927+00:00,,74226.05,6451.19216843
2026-05-28T02:16:45.981938+00:00,,74226.05,6451.19216843
2026-05-28T02:16:46.230798+00:00,,74226.05,6451.19216843
2026-05-28T02:16:46.398504+00:00,,74222.41,6451.19216843
2026-05-28T02:16:46.481079+00:00,,74222.41,6451.19216843
2026-05-28T02:16:46.728784+00:00,,74222.41,6451.19216843
2026-05-28T02:16:46.901278+00:00,,74226.72,6451.19216843
2026-05-28T02:16:47.234577+00:00,,74226.72,6451.19216843
2026-05-28T02:16:47.369004+00:00,,74222.41,6451.19216843
2026-05-28T02:16:47.977879+00:00,,74222.41,6451.19216843
2026-05-28T02:16:48.230696+00:00,,74222.41,6451.19216843
2026-05-28T02:16:48.485262+00:00,,74222.41,6451.19216843
2026-05-28T02:16:48.980281+00:00,,74222.41,6451.19216843
2026-05-28T02:16:49.229916+00:00,,74222.41,6451.19216843
2026-05-28T02:16:49.478685+00:00,,74222.41,6451.19216843
2026-05-28T02:16:49.978320+00:00,,74222.41,6451.19216843
2026-05-28T02:16:50.228869+00:00,,74222.41,6451.19216843
2026-05-28T02:16:50.481898+00:00,,74222.41,6451.19216843
2026-05-28T02:16:50.978782+00:00,,74222.41,6451.19216843
2026-05-28T02:16:51.476328+00:00,,74222.41,6451.19216843
2026-05-28T02:16:51.729741+00:00,,74222.41,6451.19216843
2026-05-28T02:16:52.729210+00:00,,74222.41,6451.19216843
2026-05-28T02:16:52.931767+00:00,,74222.41,6451.75435071
2026-05-28T02:16:52.981298+00:00,,74222.41,6451.75435071
2026-05-28T02:16:53.237246+00:00,,74222.41,6451.75435071
2026-05-28T02:16:53.479908+00:00,,74222.41,6451.75435071
2026-05-28T02:16:53.728163+00:00,,74222.41,6451.75435071
2026-05-28T02:16:54.230184+00:00,,74222.41,6451.75435071
2026-05-28T02:16:54.980022+00:00,,74222.41,6451.75435071
2026-05-28T02:16:55.229538+00:00,,74222.41,6451.75435071
2026-05-28T02:16:55.478125+00:00,,74222.41,6451.75435071
2026-05-28T02:16:55.728665+00:00,,74222.41,6451.75435071
2026-05-28T02:16:55.893673+00:00,,74222.4,6451.75435071
2026-05-28T02:16:55.979555+00:00,,74222.4,6451.75435071
2026-05-28T02:16:56.228872+00:00,,74222.4,6451.75435071
2026-05-28T02:16:56.407073+00:00,,74222.41,6451.75435071
2026-05-28T02:16:56.478155+00:00,,74222.41,6451.75435071
2026-05-28T02:16:56.732348+00:00,,74222.41,6451.75435071
2026-05-28T02:16:56.909208+00:00,,74228.0,6451.75435071
2026-05-28T02:16:56.979173+00:00,,74228.0,6451.75435071
2026-05-28T02:16:57.232574+00:00,,74228.0,6451.75435071
2026-05-28T02:16:57.413022+00:00,,74229.15,6451.75435071
2026-05-28T02:16:57.485996+00:00,,74229.15,6451.75435071
2026-05-28T02:16:57.655089+00:00,,74231.67,6451.75435071
2026-05-28T02:16:57.729280+00:00,,74231.67,6451.75435071
2026-05-28T02:16:57.906035+00:00,,74226.72,6451.75435071
2026-05-28T02:16:57.984221+00:00,,74226.72,6451.75435071
2026-05-28T02:16:58.161445+00:00,,74231.67,6451.75435071
2026-05-28T02:16:58.230909+00:00,,74231.67,6451.75435071
2026-05-28T02:16:58.487395+00:00,,74231.67,6451.75435071
2026-05-28T02:16:58.730366+00:00,,74231.67,6451.75435071
2026-05-28T02:16:58.976799+00:00,,74231.67,6451.75435071
2026-05-28T02:16:59.361489+00:00,,74226.73,6451.75435071
2026-05-28T02:16:59.476774+00:00,,74226.73,6451.75435071
2026-05-28T02:16:59.729221+00:00,,74226.73,6451.75435071
2026-05-28T02:16:59.908282+00:00,,74231.66,6451.75435071
2026-05-28T02:17:00.227090+00:00,,74231.66,6451.75435071
2026-05-28T02:17:00.482274+00:00,,74231.66,6451.75435071
2026-05-28T02:17:00.652356+00:00,,74231.67,6451.75435071
2026-05-28T02:17:00.978414+00:00,,74231.67,6451.75435071
2026-05-28T02:17:01.232557+00:00,,74231.67,6451.75435071
2026-05-28T02:17:01.476751+00:00,,74231.67,6451.75435071
2026-05-28T02:17:01.747736+00:00,,74231.67,6451.75435071
2026-05-28T02:17:01.915016+00:00,,74234.0,6451.75435071
2026-05-28T02:17:01.985398+00:00,,74234.0,6451.75435071
2026-05-28T02:17:02.174498+00:00,,74237.73,6451.75435071
2026-05-28T02:17:02.235010+00:00,,74237.73,6451.75435071
2026-05-28T02:17:02.425575+00:00,,74231.07,6451.75435071
2026-05-28T02:17:02.580568+00:00,,74231.07,6451.75435071
2026-05-28T02:17:02.687345+00:00,,74220.87,6451.75435071
2026-05-28T02:17:02.772475+00:00,,74220.87,6451.75435071
2026-05-28T02:17:02.937949+00:00,,74226.0,6452.14873621
2026-05-28T02:17:02.988490+00:00,,74226.0,6452.14873621
2026-05-28T02:17:03.180778+00:00,,74215.613,6452.14873621
2026-05-28T02:17:03.234963+00:00,,74215.613,6452.14873621
2026-05-28T02:17:03.489747+00:00,,74215.613,6452.14873621
2026-05-28T02:17:03.634971+00:00,,74215.01,6452.14873621
2026-05-28T02:17:03.735310+00:00,,74215.01,6452.14873621
2026-05-28T02:17:03.902177+00:00,,74215.0,6452.14873621
2026-05-28T02:17:03.979870+00:00,,74215.0,6452.14873621
2026-05-28T02:17:04.156486+00:00,,74215.01,6452.14873621
2026-05-28T02:17:04.231947+00:00,,74215.01,6452.14873621
2026-05-28T02:17:04.404662+00:00,,74215.0,6452.14873621
2026-05-28T02:17:04.478990+00:00,,74215.0,6452.14873621
2026-05-28T02:17:04.977409+00:00,,74215.0,6452.14873621
2026-05-28T02:17:05.229976+00:00,,74215.0,6452.14873621
2026-05-28T02:17:05.480668+00:00,,74215.0,6452.14873621
2026-05-28T02:17:05.735509+00:00,,74215.0,6452.14873621
2026-05-28T02:17:05.906187+00:00,,74215.97,6452.14873621
2026-05-28T02:17:05.977855+00:00,,74215.97,6452.14873621
2026-05-28T02:17:06.173008+00:00,,74215.02,6452.14873621
2026-05-28T02:17:06.230500+00:00,,74215.02,6452.14873621
2026-05-28T02:17:06.410759+00:00,,74215.01,6452.14873621
2026-05-28T02:17:06.732760+00:00,,74215.01,6452.14873621
2026-05-28T02:17:06.987830+00:00,,74215.01,6452.14873621
2026-05-28T02:17:07.131911+00:00,,74215.97,6452.14873621
2026-05-28T02:17:07.479265+00:00,,74215.97,6452.14873621
2026-05-28T02:17:07.651779+00:00,,74215.01,6452.14873621
2026-05-28T02:17:07.741226+00:00,,74215.01,6452.14873621
2026-05-28T02:17:07.981157+00:00,,74215.01,6452.14873621
2026-05-28T02:17:08.236569+00:00,,74215.01,6452.14873621
2026-05-28T02:17:08.368976+00:00,,74214.98,6452.14873621
2026-05-28T02:17:08.483346+00:00,,74214.98,6452.14873621
2026-05-28T02:17:08.656804+00:00,,74212.94,6452.14873621
2026-05-28T02:17:08.739739+00:00,,74212.94,6452.14873621
2026-05-28T02:17:08.983017+00:00,,74212.94,6452.14873621
2026-05-28T02:17:09.153576+00:00,,74218.0,6452.14873621
2026-05-28T02:17:09.234785+00:00,,74218.0,6452.14873621
2026-05-28T02:17:09.399317+00:00,,74221.8,6452.14873621
2026-05-28T02:17:09.477238+00:00,,74221.8,6452.14873621
2026-05-28T02:17:09.663182+00:00,,74216.52,6452.14873621
2026-05-28T02:17:09.731762+00:00,,74216.52,6452.14873621
2026-05-28T02:17:09.977269+00:00,,74216.52,6452.14873621
2026-05-28T02:17:10.230983+00:00,,74216.52,6452.14873621
2026-05-28T02:17:10.401109+00:00,,74216.51,6452.14873621
2026-05-28T02:17:10.731285+00:00,,74216.51,6452.14873621
2026-05-28T02:17:10.977174+00:00,,74216.51,6452.14873621
2026-05-28T02:17:11.229979+00:00,,74216.51,6452.14873621
2026-05-28T02:17:11.477385+00:00,,74216.51,6452.14873621
2026-05-28T02:17:11.611253+00:00,,74216.52,6452.14873621
2026-05-28T02:17:11.728372+00:00,,74216.52,6452.14873621
2026-05-28T02:17:12.237818+00:00,,74216.52,6452.14873621
2026-05-28T02:17:12.478417+00:00,,74216.52,6452.14873621
2026-05-28T02:17:12.738245+00:00,,74216.52,6452.14873621
2026-05-28T02:17:12.931144+00:00,,74216.52,6453.64754616
2026-05-28T02:17:12.978358+00:00,,74216.52,6453.64754616
2026-05-28T02:17:13.181830+00:00,,74218.56,6453.64754616
2026-05-28T02:17:13.230430+00:00,,74218.56,6453.64754616
2026-05-28T02:17:13.486423+00:00,,74218.56,6453.64754616
2026-05-28T02:17:13.728949+00:00,,74218.56,6453.64754616
2026-05-28T02:17:13.976922+00:00,,74218.56,6453.64754616
2026-05-28T02:17:14.230942+00:00,,74218.56,6453.64754616
2026-05-28T02:17:14.483579+00:00,,74218.56,6453.64754616
2026-05-28T02:17:14.494101+00:00,,74217.02,6453.64754616
2026-05-28T02:17:14.623417+00:00,,74208.01,6453.64754616
2026-05-28T02:17:14.728915+00:00,,74208.01,6453.64754616
2026-05-28T02:17:14.977721+00:00,,74208.01,6453.64754616
2026-05-28T02:17:15.231527+00:00,,74208.01,6453.64754616
2026-05-28T02:17:15.478675+00:00,,74208.01,6453.64754616
2026-05-28T02:17:16.476169+00:00,,74208.01,6453.64754616
2026-05-28T02:17:16.731169+00:00,,74208.01,6453.64754616
2026-05-28T02:17:17.238228+00:00,,74208.01,6453.64754616
2026-05-28T02:17:17.406415+00:00,,74208.36,6453.64754616
2026-05-28T02:17:17.481326+00:00,,74208.36,6453.64754616
2026-05-28T02:17:17.656463+00:00,,74208.1,6453.64754616
2026-05-28T02:17:17.732674+00:00,,74208.1,6453.64754616
2026-05-28T02:17:18.231509+00:00,,74208.1,6453.64754616
2026-05-28T02:17:18.406342+00:00,,74210.0,6453.64754616
2026-05-28T02:17:18.477561+00:00,,74210.0,6453.64754616
2026-05-28T02:17:18.662825+00:00,,74209.19,6453.64754616
2026-05-28T02:17:18.732900+00:00,,74209.19,6453.64754616
2026-05-28T02:17:18.886676+00:00,,74208.01,6453.64754616
2026-05-28T02:17:18.979057+00:00,,74208.01,6453.64754616
2026-05-28T02:17:19.121002+00:00,,74216.273,6453.64754616
2026-05-28T02:17:19.237637+00:00,,74216.273,6453.64754616
2026-05-28T02:17:19.397997+00:00,,74208.01,6453.64754616
2026-05-28T02:17:19.491278+00:00,,74208.01,6453.64754616
2026-05-28T02:17:19.659673+00:00,,74204.54,6453.64754616
2026-05-28T02:17:19.730729+00:00,,74204.54,6453.64754616
2026-05-28T02:17:19.910171+00:00,,74211.5,6453.64754616
2026-05-28T02:17:20.134567+00:00,,74211.5,6453.64754616
2026-05-28T02:17:20.135269+00:00,,74203.21,6453.64754616
2026-05-28T02:17:20.236046+00:00,,74203.21,6453.64754616
2026-05-28T02:17:20.482827+00:00,,74203.21,6453.64754616
2026-05-28T02:17:20.660340+00:00,,74203.2,6453.64754616
2026-05-28T02:17:20.976243+00:00,,74203.2,6453.64754616
2026-05-28T02:17:21.477671+00:00,,74203.2,6453.64754616
2026-05-28T02:17:21.730557+00:00,,74203.2,6453.64754616
2026-05-28T02:17:21.905917+00:00,,74203.21,6453.64754616
2026-05-28T02:17:21.977434+00:00,,74203.21,6453.64754616
2026-05-28T02:17:22.232398+00:00,,74203.21,6453.64754616
2026-05-28T02:17:22.425113+00:00,,74203.2,6453.64754616
2026-05-28T02:17:22.483105+00:00,,74203.2,6453.64754616
2026-05-28T02:17:22.681658+00:00,,74203.21,6453.64754616
2026-05-28T02:17:22.924695+00:00,,74203.21,6454.46894822
2026-05-28T02:17:22.979438+00:00,,74203.21,6454.46894822
2026-05-28T02:17:23.230182+00:00,,74203.21,6454.46894822
2026-05-28T02:17:23.679895+00:00,,74209.8,6454.46894822
2026-05-28T02:17:23.985153+00:00,,74209.8,6454.46894822
2026-05-28T02:17:24.158492+00:00,,74203.21,6454.46894822
2026-05-28T02:17:24.228976+00:00,,74203.21,6454.46894822
2026-05-28T02:17:24.478015+00:00,,74203.21,6454.46894822
2026-05-28T02:17:24.738842+00:00,,74203.21,6454.46894822
2026-05-28T02:17:24.982995+00:00,,74203.21,6454.46894822
2026-05-28T02:17:25.229082+00:00,,74203.21,6454.46894822
2026-05-28T02:17:25.401040+00:00,,74203.2,6454.46894822
2026-05-28T02:17:25.484450+00:00,,74203.2,6454.46894822
2026-05-28T02:17:25.632729+00:00,,74202.7,6454.46894822
2026-05-28T02:17:25.731801+00:00,,74202.7,6454.46894822
2026-05-28T02:17:25.901054+00:00,,74200.77,6454.46894822
2026-05-28T02:17:25.976911+00:00,,74200.77,6454.46894822
2026-05-28T02:17:26.172561+00:00,,74200.78,6454.46894822
2026-05-28T02:17:26.245375+00:00,,74200.78,6454.46894822
2026-05-28T02:17:26.404138+00:00,,74200.0,6454.46894822
2026-05-28T02:17:26.481560+00:00,,74200.0,6454.46894822
2026-05-28T02:17:26.635393+00:00,,74195.1,6454.46894822
2026-05-28T02:17:26.907758+00:00,,74197.8,6454.46894822
2026-05-28T02:17:26.975559+00:00,,74197.8,6454.46894822
2026-05-28T02:17:27.316504+00:00,,74197.8,6454.46894822
2026-05-28T02:17:27.480271+00:00,,74197.8,6454.46894822
2026-05-28T02:17:28.476658+00:00,,74197.8,6454.46894822
2026-05-28T02:17:28.619859+00:00,,74193.61,6454.46894822
2026-05-28T02:17:28.976982+00:00,,74193.61,6454.46894822
2026-05-28T02:17:29.729385+00:00,,74193.61,6454.46894822
2026-05-28T02:17:29.980659+00:00,,74193.61,6454.46894822
2026-05-28T02:17:30.482215+00:00,,74193.61,6454.46894822
2026-05-28T02:17:30.659386+00:00,,74190.08,6454.46894822
2026-05-28T02:17:30.729807+00:00,,74190.08,6454.46894822
2026-05-28T02:17:31.065352+00:00,,74190.08,6454.46894822
2026-05-28T02:17:31.477745+00:00,,74190.08,6454.46894822
2026-05-28T02:17:31.736681+00:00,,74190.08,6454.46894822
2026-05-28T02:17:31.903652+00:00,,74195.71,6454.46894822
2026-05-28T02:17:31.986194+00:00,,74195.71,6454.46894822
2026-05-28T02:17:32.181672+00:00,,74203.21,6454.46894822
2026-05-28T02:17:32.231496+00:00,,74203.21,6454.46894822
2026-05-28T02:17:32.425765+00:00,,74208.0,6454.46894822
2026-05-28T02:17:32.479823+00:00,,74208.0,6454.46894822
2026-05-28T02:17:32.683452+00:00,,74207.99,6454.46894822
2026-05-28T02:17:32.728810+00:00,,74207.99,6454.46894822
2026-05-28T02:17:32.919146+00:00,,74208.0,6455.05845623
2026-05-28T02:17:32.977766+00:00,,74208.0,6455.05845623
2026-05-28T02:17:33.150436+00:00,,74207.99,6455.05845623
2026-05-28T02:17:33.229254+00:00,,74207.99,6455.05845623
2026-05-28T02:17:33.424193+00:00,,74206.07,6455.05845623
2026-05-28T02:17:33.477176+00:00,,74206.07,6455.05845623
2026-05-28T02:17:33.667283+00:00,,74206.67,6455.05845623
2026-05-28T02:17:33.731464+00:00,,74206.67,6455.05845623
2026-05-28T02:17:33.910543+00:00,,74213.8,6455.05845623
2026-05-28T02:17:33.981122+00:00,,74213.8,6455.05845623
2026-05-28T02:17:34.130114+00:00,,74206.68,6455.05845623
2026-05-28T02:17:34.235455+00:00,,74206.68,6455.05845623
2026-05-28T02:17:34.481967+00:00,,74206.68,6455.05845623
2026-05-28T02:17:34.649329+00:00,,74206.69,6455.05845623
2026-05-28T02:17:34.735372+00:00,,74206.69,6455.05845623
2026-05-28T02:17:34.892835+00:00,,74206.68,6455.05845623
2026-05-28T02:17:35.249208+00:00,,74206.68,6455.05845623
2026-05-28T02:17:35.404292+00:00,,74207.2,6455.05845623
2026-05-28T02:17:35.480970+00:00,,74207.2,6455.05845623
2026-05-28T02:17:35.668522+00:00,,74206.73,6455.05845623
2026-05-28T02:17:35.739175+00:00,,74206.73,6455.05845623
2026-05-28T02:17:35.909647+00:00,,74207.52,6455.05845623
2026-05-28T02:17:35.988018+00:00,,74207.52,6455.05845623
2026-05-28T02:17:36.160286+00:00,,74207.62,6455.05845623
2026-05-28T02:17:36.234298+00:00,,74207.62,6455.05845623
2026-05-28T02:17:36.368449+00:00,,74209.63,6455.05845623
2026-05-28T02:17:36.481828+00:00,,74209.63,6455.05845623
2026-05-28T02:17:36.738660+00:00,,74209.63,6455.05845623
2026-05-28T02:17:36.914774+00:00,,74209.62,6455.05845623
2026-05-28T02:17:36.983246+00:00,,74209.62,6455.05845623
2026-05-28T02:17:37.233058+00:00,,74209.62,6455.05845623
2026-05-28T02:17:37.404511+00:00,,74211.34,6455.05845623
2026-05-28T02:17:37.483755+00:00,,74211.34,6455.05845623
2026-05-28T02:17:37.655790+00:00,,74211.33,6455.05845623
2026-05-28T02:17:37.728751+00:00,,74211.33,6455.05845623
2026-05-28T02:17:37.914301+00:00,,74211.34,6455.05845623
2026-05-28T02:17:37.977464+00:00,,74211.34,6455.05845623
2026-05-28T02:17:38.167857+00:00,,74225.4,6455.05845623
2026-05-28T02:17:38.235959+00:00,,74225.4,6455.05845623
2026-05-28T02:17:38.400754+00:00,,74211.33,6455.05845623
2026-05-28T02:17:38.476079+00:00,,74211.33,6455.05845623
2026-05-28T02:17:38.983139+00:00,,74211.33,6455.05845623
2026-05-28T02:17:39.237233+00:00,,74211.33,6455.05845623
2026-05-28T02:17:39.359505+00:00,,74211.34,6455.05845623
2026-05-28T02:17:39.480745+00:00,,74211.34,6455.05845623
2026-05-28T02:17:39.658825+00:00,,74213.54,6455.05845623
2026-05-28T02:17:39.733015+00:00,,74213.54,6455.05845623
2026-05-28T02:17:39.901503+00:00,,74214.77,6455.05845623
2026-05-28T02:17:39.979143+00:00,,74214.77,6455.05845623
2026-05-28T02:17:40.152795+00:00,,74218.88,6455.05845623
2026-05-28T02:17:40.235066+00:00,,74218.88,6455.05845623
2026-05-28T02:17:40.379374+00:00,,74219.9,6455.05845623
2026-05-28T02:17:40.477719+00:00,,74219.9,6455.05845623
2026-05-28T02:17:40.655000+00:00,,74208.46,6455.05845623
2026-05-28T02:17:40.732516+00:00,,74208.46,6455.05845623
2026-05-28T02:17:40.951766+00:00,,74212.79,6455.05845623
2026-05-28T02:17:40.980211+00:00,,74212.79,6455.05845623
2026-05-28T02:17:41.232088+00:00,,74212.79,6455.05845623
2026-05-28T02:17:41.481178+00:00,,74212.79,6455.05845623
2026-05-28T02:17:41.619552+00:00,,74215.56,6455.05845623
2026-05-28T02:17:41.730624+00:00,,74215.56,6455.05845623
2026-05-28T02:17:41.901594+00:00,,74215.55,6455.05845623
2026-05-28T02:17:41.981135+00:00,,74215.55,6455.05845623
2026-05-28T02:17:42.230039+00:00,,74215.55,6455.05845623
2026-05-28T02:17:42.481109+00:00,,74215.55,6455.05845623
2026-05-28T02:17:42.729939+00:00,,74215.55,6455.05845623
2026-05-28T02:17:42.934483+00:00,,74215.56,6457.34052709
2026-05-28T02:17:42.975917+00:00,,74215.56,6457.34052709
2026-05-28T02:17:43.477936+00:00,,74215.56,6457.34052709
2026-05-28T02:17:43.679039+00:00,,74215.55,6457.34052709
2026-05-28T02:17:43.730053+00:00,,74215.55,6457.34052709
2026-05-28T02:17:43.976838+00:00,,74215.55,6457.34052709
2026-05-28T02:17:44.156487+00:00,,74214.47,6457.34052709
2026-05-28T02:17:44.229521+00:00,,74214.47,6457.34052709
2026-05-28T02:17:44.409232+00:00,,74214.51,6457.34052709
2026-05-28T02:17:44.477940+00:00,,74214.51,6457.34052709
2026-05-28T02:17:44.657247+00:00,,74212.8,6457.34052709
2026-05-28T02:17:44.729852+00:00,,74212.8,6457.34052709
2026-05-28T02:17:44.977989+00:00,,74212.8,6457.34052709
2026-05-28T02:17:45.259815+00:00,,74212.8,6457.34052709
2026-05-28T02:17:45.403564+00:00,,74215.95,6457.34052709
2026-05-28T02:17:45.486139+00:00,,74215.95,6457.34052709
2026-05-28T02:17:45.666136+00:00,,74218.39,6457.34052709
2026-05-28T02:17:45.747744+00:00,,74218.39,6457.34052709
2026-05-28T02:17:45.913386+00:00,,74218.56,6457.34052709
2026-05-28T02:17:46.005216+00:00,,74218.56,6457.34052709
2026-05-28T02:17:46.159213+00:00,,74219.98,6457.34052709
2026-05-28T02:17:46.232558+00:00,,74219.98,6457.34052709
2026-05-28T02:17:46.372630+00:00,,74219.78,6457.34052709
2026-05-28T02:17:46.487333+00:00,,74219.78,6457.34052709
2026-05-28T02:17:46.693744+00:00,,74220.92,6457.34052709
2026-05-28T02:17:46.761504+00:00,,74220.92,6457.34052709
2026-05-28T02:17:46.904868+00:00,,74215.28,6457.34052709
2026-05-28T02:17:46.981469+00:00,,74215.28,6457.34052709
2026-05-28T02:17:47.227927+00:00,,74215.28,6457.34052709
2026-05-28T02:17:47.403237+00:00,,74220.93,6457.34052709
2026-05-28T02:17:47.477595+00:00,,74220.93,6457.34052709
2026-05-28T02:17:47.976870+00:00,,74220.93,6457.34052709
2026-05-28T02:17:48.235440+00:00,,74220.93,6457.34052709
2026-05-28T02:17:48.396892+00:00,,74214.39,6457.34052709
2026-05-28T02:17:48.479269+00:00,,74214.39,6457.34052709
2026-05-28T02:17:48.651898+00:00,,74212.8,6457.34052709
2026-05-28T02:17:48.729710+00:00,,74212.8,6457.34052709
2026-05-28T02:17:48.979915+00:00,,74212.8,6457.34052709
2026-05-28T02:17:49.149830+00:00,,74212.81,6457.34052709
2026-05-28T02:17:49.229718+00:00,,74212.81,6457.34052709
2026-05-28T02:17:49.730442+00:00,,74212.81,6457.34052709
2026-05-28T02:17:49.980575+00:00,,74212.81,6457.34052709
2026-05-28T02:17:50.119898+00:00,,74212.8,6457.34052709
2026-05-28T02:17:50.229568+00:00,,74212.8,6457.34052709
2026-05-28T02:17:50.413233+00:00,,74212.81,6457.34052709
2026-05-28T02:17:50.729164+00:00,,74212.81,6457.34052709
2026-05-28T02:17:51.232933+00:00,,74212.81,6457.34052709
2026-05-28T02:17:51.396294+00:00,,74223.8,6457.34052709
2026-05-28T02:17:51.480192+00:00,,74223.8,6457.34052709
2026-05-28T02:17:51.660476+00:00,,74215.0,6457.34052709
2026-05-28T02:17:51.732576+00:00,,74215.0,6457.34052709
2026-05-28T02:17:51.856386+00:00,,74211.33,6457.34052709
2026-05-28T02:17:51.979210+00:00,,74211.33,6457.34052709
2026-05-28T02:17:52.179531+00:00,,74208.01,6457.34052709
2026-05-28T02:17:52.230492+00:00,,74208.01,6457.34052709
2026-05-28T02:17:52.435009+00:00,,74208.0,6457.34052709
2026-05-28T02:17:52.478670+00:00,,74208.0,6457.34052709
2026-05-28T02:17:52.681299+00:00,,74208.01,6457.34052709
2026-05-28T02:17:52.729027+00:00,,74208.01,6457.34052709
2026-05-28T02:17:52.924958+00:00,,74208.01,6458.72852754
2026-05-28T02:17:52.977743+00:00,,74208.01,6458.72852754
2026-05-28T02:17:53.180285+00:00,,74208.0,6458.72852754
2026-05-28T02:17:53.978362+00:00,,74208.0,6458.72852754
2026-05-28T02:17:54.476593+00:00,,74208.0,6458.72852754
2026-05-28T02:17:54.978787+00:00,,74208.0,6458.72852754
2026-05-28T02:17:55.152465+00:00,,74202.48,6458.72852754
2026-05-28T02:17:55.229737+00:00,,74202.48,6458.72852754
2026-05-28T02:17:55.401097+00:00,,74202.49,6458.72852754
2026-05-28T02:17:55.476265+00:00,,74202.49,6458.72852754
2026-05-28T02:17:55.735890+00:00,,74202.49,6458.72852754
2026-05-28T02:17:55.979134+00:00,,74202.49,6458.72852754
2026-05-28T02:17:56.161589+00:00,,74208.46,6458.72852754
2026-05-28T02:17:56.475856+00:00,,74208.46,6458.72852754
2026-05-28T02:17:56.652538+00:00,,74202.49,6458.72852754
2026-05-28T02:17:56.733790+00:00,,74202.49,6458.72852754
2026-05-28T02:17:56.904448+00:00,,74202.48,6458.72852754
2026-05-28T02:17:56.978977+00:00,,74202.48,6458.72852754
2026-05-28T02:17:57.234165+00:00,,74202.48,6458.72852754
2026-05-28T02:17:57.404125+00:00,,74208.46,6458.72852754
2026-05-28T02:17:57.480638+00:00,,74208.46,6458.72852754
2026-05-28T02:17:57.622859+00:00,,74197.786,6458.72852754
2026-05-28T02:17:57.733817+00:00,,74197.786,6458.72852754
2026-05-28T02:17:57.904231+00:00,,74199.5,6458.72852754
2026-05-28T02:17:57.987282+00:00,,74199.5,6458.72852754
2026-05-28T02:17:58.232569+00:00,,74199.5,6458.72852754
2026-05-28T02:17:58.411407+00:00,,74190.91,6458.72852754
2026-05-28T02:17:58.980033+00:00,,74190.91,6458.72852754
2026-05-28T02:17:59.234116+00:00,,74190.91,6458.72852754
2026-05-28T02:17:59.393914+00:00,,74188.81,6458.72852754
2026-05-28T02:17:59.485958+00:00,,74188.81,6458.72852754
2026-05-28T02:17:59.981399+00:00,,74188.81,6458.72852754
2026-05-28T02:18:00.238315+00:00,,74188.81,6458.72852754
2026-05-28T02:18:00.483146+00:00,,74188.8,6458.72852754
2026-05-28T02:18:00.484407+00:00,,74188.8,6458.72852754
2026-05-28T02:18:00.735519+00:00,,74188.8,6458.72852754
2026-05-28T02:18:01.232144+00:00,,74188.8,6458.72852754
2026-05-28T02:18:01.407726+00:00,,74196.85,6458.72852754
2026-05-28T02:18:01.478574+00:00,,74196.85,6458.72852754
2026-05-28T02:18:01.664418+00:00,,74186.9,6458.72852754
2026-05-28T02:18:01.730897+00:00,,74186.9,6458.72852754
2026-05-28T02:18:01.904588+00:00,,74184.0,6458.72852754
2026-05-28T02:18:01.977967+00:00,,74184.0,6458.72852754
2026-05-28T02:18:02.231868+00:00,,74184.0,6458.72852754
2026-05-28T02:18:02.389050+00:00,,74184.01,6458.72852754
2026-05-28T02:18:02.478062+00:00,,74184.01,6458.72852754
2026-05-28T02:18:02.728668+00:00,,74184.01,6458.72852754
2026-05-28T02:18:02.926330+00:00,,74184.01,6457.53916723
2026-05-28T02:18:02.976404+00:00,,74184.01,6457.53916723
2026-05-28T02:18:03.228576+00:00,,74184.01,6457.53916723
2026-05-28T02:18:04.731169+00:00,,74184.01,6457.53916723
2026-05-28T02:18:05.230405+00:00,,74184.01,6457.53916723
2026-05-28T02:18:05.476042+00:00,,74184.01,6457.53916723
2026-05-28T02:18:05.878021+00:00,,74184.0,6457.53916723
2026-05-28T02:18:06.228908+00:00,,74184.0,6457.53916723
2026-05-28T02:18:06.478670+00:00,,74184.0,6457.53916723
2026-05-28T02:18:06.729238+00:00,,74184.0,6457.53916723
2026-05-28T02:18:06.976417+00:00,,74184.0,6457.53916723
2026-05-28T02:18:07.236753+00:00,,74184.0,6457.53916723
2026-05-28T02:18:08.233560+00:00,,74184.0,6457.53916723
2026-05-28T02:18:08.385153+00:00,,74184.01,6457.53916723
2026-05-28T02:18:08.477715+00:00,,74184.01,6457.53916723
2026-05-28T02:18:08.729832+00:00,,74184.01,6457.53916723
2026-05-28T02:18:08.868464+00:00,,74180.0,6457.53916723
2026-05-28T02:18:08.976517+00:00,,74180.0,6457.53916723
2026-05-28T02:18:09.235234+00:00,,74180.0,6457.53916723
2026-05-28T02:18:09.476135+00:00,,74180.0,6457.53916723
2026-05-28T02:18:09.653463+00:00,,74180.97,6457.53916723
2026-05-28T02:18:09.729358+00:00,,74180.97,6457.53916723
2026-05-28T02:18:09.874071+00:00,,74183.97,6457.53916723
2026-05-28T02:18:09.977179+00:00,,74183.97,6457.53916723
2026-05-28T02:18:10.148942+00:00,,74182.0,6457.53916723
2026-05-28T02:18:10.232368+00:00,,74182.0,6457.53916723
2026-05-28T02:18:10.402561+00:00,,74180.98,6457.53916723
2026-05-28T02:18:10.481024+00:00,,74180.98,6457.53916723
2026-05-28T02:18:10.730291+00:00,,74180.98,6457.53916723
2026-05-28T02:18:10.976880+00:00,,74180.98,6457.53916723
2026-05-28T02:18:11.733947+00:00,,74180.98,6457.53916723
2026-05-28T02:18:11.990203+00:00,,74180.98,6457.53916723
2026-05-28T02:18:12.732932+00:00,,74180.98,6457.53916723
2026-05-28T02:18:12.904518+00:00,,74180.98,6458.29042793
2026-05-28T02:18:12.977216+00:00,,74180.98,6458.29042793
2026-05-28T02:18:13.229482+00:00,,74180.98,6458.29042793
2026-05-28T02:18:13.430653+00:00,,74180.97,6458.29042793
2026-05-28T02:18:13.729842+00:00,,74180.97,6458.29042793
2026-05-28T02:18:13.917564+00:00,,74180.98,6458.29042793
2026-05-28T02:18:13.978799+00:00,,74180.98,6458.29042793
2026-05-28T02:18:14.233912+00:00,,74180.98,6458.29042793
2026-05-28T02:18:14.730882+00:00,,74180.98,6458.29042793
2026-05-28T02:18:14.869794+00:00,,74180.97,6458.29042793
2026-05-28T02:18:14.981629+00:00,,74180.97,6458.29042793
2026-05-28T02:18:15.155723+00:00,,74180.98,6458.29042793
2026-05-28T02:18:15.229418+00:00,,74180.98,6458.29042793
2026-05-28T02:18:15.477339+00:00,,74180.98,6458.29042793
2026-05-28T02:18:15.612528+00:00,,74180.97,6458.29042793
2026-05-28T02:18:15.733046+00:00,,74180.97,6458.29042793
2026-05-28T02:18:15.906631+00:00,,74181.99,6458.29042793
2026-05-28T02:18:15.979755+00:00,,74181.99,6458.29042793
2026-05-28T02:18:16.232292+00:00,,74181.99,6458.29042793
2026-05-28T02:18:16.410004+00:00,,74181.98,6458.29042793
2026-05-28T02:18:16.477876+00:00,,74181.98,6458.29042793
2026-05-28T02:18:16.656375+00:00,,74181.99,6458.29042793
2026-05-28T02:18:16.736800+00:00,,74181.99,6458.29042793
2026-05-28T02:18:16.980987+00:00,,74181.99,6458.29042793
2026-05-28T02:18:17.154090+00:00,,74183.98,6458.29042793
2026-05-28T02:18:17.237038+00:00,,74183.98,6458.29042793
2026-05-28T02:18:17.479733+00:00,,74183.98,6458.29042793
2026-05-28T02:18:17.655519+00:00,,74182.84,6458.29042793
2026-05-28T02:18:17.732049+00:00,,74182.84,6458.29042793
2026-05-28T02:18:17.977639+00:00,,74182.84,6458.29042793
2026-05-28T02:18:18.125898+00:00,,74184.0,6458.29042793
2026-05-28T02:18:18.234974+00:00,,74184.0,6458.29042793
2026-05-28T02:18:18.739838+00:00,,74184.0,6458.29042793
2026-05-28T02:18:18.902660+00:00,,74184.01,6458.29042793
2026-05-28T02:18:18.981013+00:00,,74184.01,6458.29042793
2026-05-28T02:18:19.136335+00:00,,74184.31,6458.29042793
2026-05-28T02:18:19.228997+00:00,,74184.31,6458.29042793
2026-05-28T02:18:19.401275+00:00,,74184.32,6458.29042793
2026-05-28T02:18:19.481940+00:00,,74184.32,6458.29042793
2026-05-28T02:18:19.637403+00:00,,74184.33,6458.29042793
2026-05-28T02:18:19.729630+00:00,,74184.33,6458.29042793
2026-05-28T02:18:19.980066+00:00,,74184.33,6458.29042793
2026-05-28T02:18:20.153406+00:00,,74184.32,6458.29042793
2026-05-28T02:18:20.232144+00:00,,74184.32,6458.29042793
2026-05-28T02:18:20.729353+00:00,,74184.32,6458.29042793
2026-05-28T02:18:20.975675+00:00,,74184.32,6458.29042793
2026-05-28T02:18:21.476358+00:00,,74184.32,6458.29042793
2026-05-28T02:18:21.975578+00:00,,74184.32,6458.29042793
2026-05-28T02:18:22.231217+00:00,,74184.32,6458.29042793
2026-05-28T02:18:22.426528+00:00,,74184.33,6458.29042793
2026-05-28T02:18:22.478240+00:00,,74184.33,6458.29042793
2026-05-28T02:18:22.729352+00:00,,74184.33,6458.29042793
2026-05-28T02:18:22.929379+00:00,,74184.33,6460.02362993
2026-05-28T02:18:23.236016+00:00,,74184.33,6460.02362993
2026-05-28T02:18:23.479617+00:00,,74184.33,6460.02362993
2026-05-28T02:18:23.729094+00:00,,74184.33,6460.02362993
2026-05-28T02:18:23.982655+00:00,,74184.33,6460.02362993
2026-05-28T02:18:24.513274+00:00,,74184.33,6460.02362993
2026-05-28T02:18:24.978404+00:00,,74184.33,6460.02362993
2026-05-28T02:18:25.234318+00:00,,74184.33,6460.02362993
2026-05-28T02:18:25.482132+00:00,,74184.33,6460.02362993
2026-05-28T02:18:25.734610+00:00,,74184.33,6460.02362993
2026-05-28T02:18:25.880087+00:00,,74184.32,6460.02362993
2026-05-28T02:18:25.982256+00:00,,74184.32,6460.02362993
2026-05-28T02:18:26.168026+00:00,,74180.98,6460.02362993
2026-05-28T02:18:26.481521+00:00,,74180.98,6460.02362993
2026-05-28T02:18:26.619895+00:00,,74183.74,6460.02362993
2026-05-28T02:18:26.743894+00:00,,74183.74,6460.02362993
2026-05-28T02:18:26.915078+00:00,,74193.6,6460.02362993
2026-05-28T02:18:26.982269+00:00,,74193.6,6460.02362993
2026-05-28T02:18:27.235439+00:00,,74193.6,6460.02362993
2026-05-28T02:18:27.382804+00:00,,74197.99,6460.02362993
2026-05-28T02:18:27.735421+00:00,,74197.99,6460.02362993
2026-05-28T02:18:28.233947+00:00,,74197.99,6460.02362993
2026-05-28T02:18:28.398638+00:00,,74198.0,6460.02362993
2026-05-28T02:18:28.477954+00:00,,74198.0,6460.02362993
2026-05-28T02:18:28.630728+00:00,,74197.99,6460.02362993
2026-05-28T02:18:28.736243+00:00,,74197.99,6460.02362993
2026-05-28T02:18:28.976402+00:00,,74197.99,6460.02362993
2026-05-28T02:18:29.232272+00:00,,74197.99,6460.02362993
2026-05-28T02:18:29.477065+00:00,,74197.99,6460.02362993
2026-05-28T02:18:29.733532+00:00,,74197.99,6460.02362993
2026-05-28T02:18:29.851919+00:00,,74200.0,6460.02362993
2026-05-28T02:18:29.977502+00:00,,74200.0,6460.02362993
2026-05-28T02:18:30.147997+00:00,,74200.5,6460.02362993
2026-05-28T02:18:30.232617+00:00,,74200.5,6460.02362993
2026-05-28T02:18:30.402869+00:00,,74200.49,6460.02362993
2026-05-28T02:18:30.477684+00:00,,74200.49,6460.02362993
2026-05-28T02:18:30.653664+00:00,,74200.5,6460.02362993
2026-05-28T02:18:30.731139+00:00,,74200.5,6460.02362993
2026-05-28T02:18:30.980862+00:00,,74200.5,6460.02362993
2026-05-28T02:18:31.175330+00:00,,74200.49,6460.02362993
2026-05-28T02:18:31.478070+00:00,,74200.49,6460.02362993
2026-05-28T02:18:31.740551+00:00,,74200.49,6460.02362993
2026-05-28T02:18:31.907407+00:00,,74188.8,6460.02362993
2026-05-28T02:18:31.980899+00:00,,74188.8,6460.02362993
2026-05-28T02:18:32.129430+00:00,,74185.68,6460.02362993
2026-05-28T02:18:32.231621+00:00,,74185.68,6460.02362993
2026-05-28T02:18:32.409836+00:00,,74185.66,6460.02362993
2026-05-28T02:18:32.478668+00:00,,74185.66,6460.02362993
2026-05-28T02:18:32.735744+00:00,,74185.66,6460.02362993
2026-05-28T02:18:32.920351+00:00,,74185.66,6462.20140596
2026-05-28T02:18:32.977793+00:00,,74185.66,6462.20140596
2026-05-28T02:18:33.187277+00:00,,74185.67,6462.20140596
2026-05-28T02:18:33.235435+00:00,,74185.67,6462.20140596
2026-05-28T02:18:33.478385+00:00,,74185.67,6462.20140596
2026-05-28T02:18:33.674334+00:00,,74180.97,6462.20140596
2026-05-28T02:18:33.733738+00:00,,74180.97,6462.20140596
2026-05-28T02:18:33.900466+00:00,,74180.98,6462.20140596
2026-05-28T02:18:33.977465+00:00,,74180.98,6462.20140596
2026-05-28T02:18:34.234738+00:00,,74180.98,6462.20140596
2026-05-28T02:18:34.479548+00:00,,74180.98,6462.20140596
2026-05-28T02:18:34.652854+00:00,,74180.97,6462.20140596
2026-05-28T02:18:34.736559+00:00,,74180.97,6462.20140596
2026-05-28T02:18:34.904362+00:00,,74174.41,6462.20140596
2026-05-28T02:18:34.979908+00:00,,74174.41,6462.20140596
2026-05-28T02:18:35.234400+00:00,,74174.41,6462.20140596
2026-05-28T02:18:35.477960+00:00,,74174.41,6462.20140596
2026-05-28T02:18:35.740418+00:00,,74174.41,6462.20140596
2026-05-28T02:18:35.983231+00:00,,74174.41,6462.20140596
2026-05-28T02:18:36.457719+00:00,,74174.41,6462.20140596
2026-05-28T02:18:36.481835+00:00,,74174.41,6462.20140596
2026-05-28T02:18:36.979960+00:00,,74174.41,6462.20140596
2026-05-28T02:18:37.230690+00:00,,74174.41,6462.20140596
2026-05-28T02:18:37.476791+00:00,,74174.41,6462.20140596
2026-05-28T02:18:37.650732+00:00,,74174.4,6462.20140596
2026-05-28T02:18:37.729627+00:00,,74174.4,6462.20140596
2026-05-28T02:18:37.866799+00:00,,74174.41,6462.20140596
2026-05-28T02:18:38.300572+00:00,,74174.41,6462.20140596
2026-05-28T02:18:38.405006+00:00,,74178.1,6462.20140596
2026-05-28T02:18:38.516717+00:00,,74178.1,6462.20140596
2026-05-28T02:18:38.603716+00:00,,74174.4,6462.20140596
2026-05-28T02:18:38.738725+00:00,,74174.4,6462.20140596
2026-05-28T02:18:38.909042+00:00,,74174.41,6462.20140596
2026-05-28T02:18:38.979386+00:00,,74174.41,6462.20140596
2026-05-28T02:18:39.228818+00:00,,74174.41,6462.20140596
2026-05-28T02:18:39.477042+00:00,,74174.41,6462.20140596
2026-05-28T02:18:39.662501+00:00,,74174.4,6462.20140596
2026-05-28T02:18:39.734006+00:00,,74174.4,6462.20140596
2026-05-28T02:18:39.906903+00:00,,74174.41,6462.20140596
2026-05-28T02:18:39.981084+00:00,,74174.41,6462.20140596
2026-05-28T02:18:40.231345+00:00,,74174.41,6462.20140596
2026-05-28T02:18:40.476099+00:00,,74174.41,6462.20140596
2026-05-28T02:18:40.977773+00:00,,74174.41,6462.20140596
2026-05-28T02:18:41.230908+00:00,,74174.41,6462.20140596
2026-05-28T02:18:41.476072+00:00,,74174.41,6462.20140596
2026-05-28T02:18:41.729392+00:00,,74174.41,6462.20140596
2026-05-28T02:18:41.912828+00:00,,74174.4,6462.20140596
2026-05-28T02:18:41.988721+00:00,,74174.4,6462.20140596
2026-05-28T02:18:42.229866+00:00,,74174.4,6462.20140596
2026-05-28T02:18:42.478964+00:00,,74174.4,6462.20140596
2026-05-28T02:18:42.675261+00:00,,74173.37,6462.20140596
2026-05-28T02:18:42.734446+00:00,,74173.37,6462.20140596
2026-05-28T02:18:42.923534+00:00,,74173.36,6463.27009993
2026-05-28T02:18:43.478659+00:00,,74173.36,6463.27009993
2026-05-28T02:18:43.673695+00:00,,74173.37,6463.27009993
2026-05-28T02:18:43.730383+00:00,,74173.37,6463.27009993
2026-05-28T02:18:43.902824+00:00,,74173.36,6463.27009993
2026-05-28T02:18:43.977293+00:00,,74173.36,6463.27009993
2026-05-28T02:18:44.229315+00:00,,74173.36,6463.27009993
2026-05-28T02:18:44.404018+00:00,,74173.37,6463.27009993
2026-05-28T02:18:44.477517+00:00,,74173.37,6463.27009993
2026-05-28T02:18:44.731969+00:00,,74173.37,6463.27009993
2026-05-28T02:18:44.877748+00:00,,74173.36,6463.27009993
2026-05-28T02:18:44.977633+00:00,,74173.36,6463.27009993
2026-05-28T02:18:45.151157+00:00,,74173.37,6463.27009993
2026-05-28T02:18:45.237732+00:00,,74173.37,6463.27009993
2026-05-28T02:18:45.481656+00:00,,74173.37,6463.27009993
2026-05-28T02:18:45.734072+00:00,,74173.37,6463.27009993
2026-05-28T02:18:45.976527+00:00,,74173.37,6463.27009993
2026-05-28T02:18:46.201222+00:00,,74173.36,6463.27009993
2026-05-28T02:18:46.231160+00:00,,74173.36,6463.27009993
2026-05-28T02:18:46.412931+00:00,,74173.37,6463.27009993
2026-05-28T02:18:46.478091+00:00,,74173.37,6463.27009993
2026-05-28T02:18:46.655157+00:00,,74179.05,6463.27009993
2026-05-28T02:18:46.730211+00:00,,74179.05,6463.27009993
2026-05-28T02:18:46.981312+00:00,,74179.05,6463.27009993
2026-05-28T02:18:47.230209+00:00,,74179.05,6463.27009993
2026-05-28T02:18:47.768147+00:00,,74179.05,6463.27009993
2026-05-28T02:18:47.903639+00:00,,74173.37,6463.27009993
2026-05-28T02:18:47.977818+00:00,,74173.37,6463.27009993
2026-05-28T02:18:48.228624+00:00,,74173.37,6463.27009993
2026-05-28T02:18:48.410352+00:00,,74173.36,6463.27009993
2026-05-28T02:18:48.729796+00:00,,74173.36,6463.27009993
2026-05-28T02:18:48.906290+00:00,,74173.37,6463.27009993
2026-05-28T02:18:48.994138+00:00,,74173.37,6463.27009993
2026-05-28T02:18:49.229968+00:00,,74173.37,6463.27009993
2026-05-28T02:18:49.407610+00:00,,74173.36,6463.27009993
2026-05-28T02:18:49.732627+00:00,,74173.36,6463.27009993
2026-05-28T02:18:49.904584+00:00,,74173.37,6463.27009993
2026-05-28T02:18:50.229492+00:00,,74173.37,6463.27009993
2026-05-28T02:18:50.476264+00:00,,74173.37,6463.27009993
2026-05-28T02:18:50.626974+00:00,,74173.36,6463.27009993
2026-05-28T02:18:50.976246+00:00,,74173.36,6463.27009993
2026-05-28T02:18:51.234321+00:00,,74173.36,6463.27009993
2026-05-28T02:18:51.405103+00:00,,74173.37,6463.27009993
2026-05-28T02:18:51.481645+00:00,,74173.37,6463.27009993
2026-05-28T02:18:51.658493+00:00,,74173.36,6463.27009993
2026-05-28T02:18:51.813100+00:00,,74173.36,6463.27009993
2026-05-28T02:18:52.229301+00:00,,74173.36,6463.27009993
2026-05-28T02:18:52.478062+00:00,,74173.36,6463.27009993
2026-05-28T02:18:52.739749+00:00,,74173.36,6463.27009993
2026-05-28T02:18:52.932048+00:00,,74174.41,6463.66014971
2026-05-28T02:18:52.982716+00:00,,74174.41,6463.66014971
2026-05-28T02:18:53.184886+00:00,,74179.05,6463.66014971
2026-05-28T02:18:53.241246+00:00,,74179.05,6463.66014971
2026-05-28T02:18:53.397210+00:00,,74185.0,6463.66014971
2026-05-28T02:18:53.485913+00:00,,74185.0,6463.66014971
2026-05-28T02:18:53.688255+00:00,,74185.66,6463.66014971
2026-05-28T02:18:53.735712+00:00,,74185.66,6463.66014971
2026-05-28T02:18:53.907668+00:00,,74191.99,6463.66014971
2026-05-28T02:18:53.980718+00:00,,74191.99,6463.66014971
2026-05-28T02:18:54.141710+00:00,,74185.66,6463.66014971
2026-05-28T02:18:54.239817+00:00,,74185.66,6463.66014971
2026-05-28T02:18:54.404382+00:00,,74186.0,6463.66014971
2026-05-28T02:18:54.480030+00:00,,74186.0,6463.66014971
2026-05-28T02:18:54.733878+00:00,,74186.0,6463.66014971
2026-05-28T02:18:54.901737+00:00,,74188.11,6463.66014971
2026-05-28T02:18:54.994259+00:00,,74188.11,6463.66014971
2026-05-28T02:18:55.149761+00:00,,74190.0,6463.66014971
2026-05-28T02:18:55.229156+00:00,,74190.0,6463.66014971
2026-05-28T02:18:55.392372+00:00,,74191.99,6463.66014971
2026-05-28T02:18:55.735074+00:00,,74191.99,6463.66014971
2026-05-28T02:18:55.975837+00:00,,74191.99,6463.66014971
2026-05-28T02:18:56.230870+00:00,,74191.99,6463.66014971
2026-05-28T02:18:56.480895+00:00,,74191.99,6463.66014971
2026-05-28T02:18:56.731028+00:00,,74191.99,6463.66014971
2026-05-28T02:18:56.976312+00:00,,74191.99,6463.66014971
2026-05-28T02:18:57.477037+00:00,,74191.99,6463.66014971
2026-05-28T02:18:57.635850+00:00,,74192.0,6463.66014971
2026-05-28T02:18:57.730940+00:00,,74192.0,6463.66014971
2026-05-28T02:18:57.874268+00:00,,74191.99,6463.66014971
2026-05-28T02:18:57.977699+00:00,,74191.99,6463.66014971
2026-05-28T02:18:58.231875+00:00,,74191.99,6463.66014971
2026-05-28T02:18:58.480089+00:00,,74191.99,6463.66014971
2026-05-28T02:18:58.638491+00:00,,74196.6,6463.66014971
2026-05-28T02:18:58.976886+00:00,,74196.6,6463.66014971
2026-05-28T02:18:59.230033+00:00,,74196.6,6463.66014971
2026-05-28T02:18:59.480833+00:00,,74196.6,6463.66014971
2026-05-28T02:18:59.729955+00:00,,74196.6,6463.66014971
2026-05-28T02:18:59.903931+00:00,,74188.36,6463.66014971
2026-05-28T02:18:59.977587+00:00,,74188.36,6463.66014971
2026-05-28T02:19:00.127866+00:00,,74188.35,6463.66014971
2026-05-28T02:19:00.237493+00:00,,74188.35,6463.66014971
2026-05-28T02:19:00.483847+00:00,,74188.35,6463.66014971
2026-05-28T02:19:00.658382+00:00,,74184.37,6463.66014971
2026-05-28T02:19:00.963899+00:00,,74191.6,6463.66014971
2026-05-28T02:19:00.976922+00:00,,74191.6,6463.66014971
2026-05-28T02:19:01.237047+00:00,,74191.6,6463.66014971
2026-05-28T02:19:01.399717+00:00,,74169.37,6463.66014971
2026-05-28T02:19:01.482573+00:00,,74169.37,6463.66014971
2026-05-28T02:19:01.655472+00:00,,74164.8,6463.66014971
2026-05-28T02:19:01.735422+00:00,,74164.8,6463.66014971
2026-05-28T02:19:01.983039+00:00,,74164.8,6463.66014971
2026-05-28T02:19:02.233979+00:00,,74164.8,6463.66014971
2026-05-28T02:19:02.500754+00:00,,74164.8,6463.66014971
2026-05-28T02:19:02.831641+00:00,,74164.8,6463.66014971
2026-05-28T02:19:02.923928+00:00,,74164.8,6463.07810957
2026-05-28T02:19:03.230019+00:00,,74164.8,6463.07810957
2026-05-28T02:19:03.728955+00:00,,74164.8,6463.07810957
2026-05-28T02:19:03.984191+00:00,,74164.8,6463.07810957
2026-05-28T02:19:04.156400+00:00,,74164.81,6463.07810957
2026-05-28T02:19:04.234475+00:00,,74164.81,6463.07810957
2026-05-28T02:19:04.481713+00:00,,74164.81,6463.07810957
2026-05-28T02:19:04.653239+00:00,,74175.5,6463.07810957
2026-05-28T02:19:04.731353+00:00,,74175.5,6463.07810957
2026-05-28T02:19:04.977894+00:00,,74175.5,6463.07810957
2026-05-28T02:19:05.232314+00:00,,74175.5,6463.07810957
2026-05-28T02:19:05.405410+00:00,,74174.31,6463.07810957
2026-05-28T02:19:05.481287+00:00,,74174.31,6463.07810957
2026-05-28T02:19:05.737254+00:00,,74174.31,6463.07810957
2026-05-28T02:19:05.981561+00:00,,74174.31,6463.07810957
2026-05-28T02:19:06.165599+00:00,,74174.33,6463.07810957
2026-05-28T02:19:06.229607+00:00,,74174.33,6463.07810957
2026-05-28T02:19:06.405225+00:00,,74174.32,6463.07810957
2026-05-28T02:19:06.482099+00:00,,74174.32,6463.07810957
2026-05-28T02:19:06.730668+00:00,,74174.32,6463.07810957
2026-05-28T02:19:06.979118+00:00,,74174.32,6463.07810957
2026-05-28T02:19:07.136504+00:00,,74174.33,6463.07810957
2026-05-28T02:19:07.229380+00:00,,74174.33,6463.07810957
2026-05-28T02:19:07.477371+00:00,,74174.33,6463.07810957
2026-05-28T02:19:07.729343+00:00,,74174.33,6463.07810957
2026-05-28T02:19:07.903594+00:00,,74174.32,6463.07810957
2026-05-28T02:19:07.979378+00:00,,74174.32,6463.07810957
2026-05-28T02:19:08.157405+00:00,,74176.93,6463.07810957
2026-05-28T02:19:08.229695+00:00,,74176.93,6463.07810957
2026-05-28T02:19:08.362370+00:00,,74174.33,6463.07810957
2026-05-28T02:19:08.477926+00:00,,74174.33,6463.07810957
2026-05-28T02:19:08.670090+00:00,,74174.32,6463.07810957
2026-05-28T02:19:08.989465+00:00,,74174.32,6463.07810957
2026-05-28T02:19:09.231849+00:00,,74174.32,6463.07810957
2026-05-28T02:19:09.402581+00:00,,74172.0,6463.07810957
2026-05-28T02:19:09.475669+00:00,,74172.0,6463.07810957
2026-05-28T02:19:09.665233+00:00,,74174.32,6463.07810957
2026-05-28T02:19:09.731158+00:00,,74174.32,6463.07810957
2026-05-28T02:19:09.977522+00:00,,74174.32,6463.07810957
2026-05-28T02:19:10.233152+00:00,,74174.32,6463.07810957
2026-05-28T02:19:10.400369+00:00,,74179.2,6463.07810957
2026-05-28T02:19:10.483958+00:00,,74179.2,6463.07810957
2026-05-28T02:19:10.634621+00:00,,74184.0,6463.07810957
2026-05-28T02:19:10.740951+00:00,,74184.0,6463.07810957
2026-05-28T02:19:10.956130+00:00,,74188.01,6463.07810957
2026-05-28T02:19:11.153970+00:00,,74188.04,6463.07810957
2026-05-28T02:19:11.232047+00:00,,74188.04,6463.07810957
2026-05-28T02:19:11.477138+00:00,,74188.04,6463.07810957
2026-05-28T02:19:11.657788+00:00,,74188.05,6463.07810957
2026-05-28T02:19:11.729739+00:00,,74188.05,6463.07810957
2026-05-28T02:19:11.885396+00:00,,74188.04,6463.07810957
2026-05-28T02:19:12.236352+00:00,,74188.04,6463.07810957
2026-05-28T02:19:12.485208+00:00,,74188.04,6463.07810957
2026-05-28T02:19:12.683332+00:00,,74188.0,6463.07810957
2026-05-28T02:19:12.749944+00:00,,74188.0,6463.07810957
2026-05-28T02:19:12.937611+00:00,,74188.0,6467.82377825
2026-05-28T02:19:12.978722+00:00,,74188.0,6467.82377825
2026-05-28T02:19:13.229370+00:00,,74188.0,6467.82377825
2026-05-28T02:19:13.481479+00:00,,74188.0,6467.82377825
2026-05-28T02:19:13.731723+00:00,,74188.0,6467.82377825
2026-05-28T02:19:14.230443+00:00,,74188.0,6467.82377825
2026-05-28T02:19:14.479167+00:00,,74188.0,6467.82377825
2026-05-28T02:19:14.731416+00:00,,74188.0,6467.82377825
2026-05-28T02:19:14.904908+00:00,,74185.55,6467.82377825
2026-05-28T02:19:14.977431+00:00,,74185.55,6467.82377825
2026-05-28T02:19:15.481123+00:00,,74185.55,6467.82377825
2026-05-28T02:19:15.730234+00:00,,74185.55,6467.82377825
2026-05-28T02:19:16.142202+00:00,,74188.88,6467.82377825
2026-05-28T02:19:16.236739+00:00,,74188.88,6467.82377825
2026-05-28T02:19:16.400014+00:00,,74178.13,6467.82377825
2026-05-28T02:19:16.478461+00:00,,74178.13,6467.82377825
2026-05-28T02:19:16.653774+00:00,,74178.0,6467.82377825
2026-05-28T02:19:16.734747+00:00,,74178.0,6467.82377825
2026-05-28T02:19:16.979877+00:00,,74178.0,6467.82377825
2026-05-28T02:19:17.230020+00:00,,74178.0,6467.82377825
2026-05-28T02:19:17.655203+00:00,,74174.07,6467.82377825
2026-05-28T02:19:18.236437+00:00,,74174.07,6467.82377825
2026-05-28T02:19:18.403370+00:00,,74174.41,6467.82377825
2026-05-28T02:19:18.980686+00:00,,74174.41,6467.82377825
2026-05-28T02:19:19.482710+00:00,,74174.41,6467.82377825
2026-05-28T02:19:19.743978+00:00,,74174.41,6467.82377825
2026-05-28T02:19:19.888094+00:00,,74169.91,6467.82377825
2026-05-28T02:19:19.981092+00:00,,74169.91,6467.82377825
2026-05-28T02:19:20.234544+00:00,,74169.91,6467.82377825
2026-05-28T02:19:20.401922+00:00,,74169.61,6467.82377825
2026-05-28T02:19:20.481988+00:00,,74169.61,6467.82377825
2026-05-28T02:19:20.744928+00:00,,74169.61,6467.82377825
2026-05-28T02:19:20.948244+00:00,,74181.133,6467.82377825
2026-05-28T02:19:20.982084+00:00,,74181.133,6467.82377825
2026-05-28T02:19:21.144009+00:00,,74170.8,6467.82377825
2026-05-28T02:19:21.234913+00:00,,74170.8,6467.82377825
2026-05-28T02:19:21.477112+00:00,,74170.8,6467.82377825
2026-05-28T02:19:21.734098+00:00,,74170.8,6467.82377825
2026-05-28T02:19:22.234370+00:00,,74170.8,6467.82377825
2026-05-28T02:19:22.732577+00:00,,74170.8,6467.82377825
2026-05-28T02:19:22.932031+00:00,,74155.21,6468.16914902
2026-05-28T02:19:23.230971+00:00,,74155.21,6468.16914902
2026-05-28T02:19:23.478596+00:00,,74155.21,6468.16914902
2026-05-28T02:19:23.977746+00:00,,74155.21,6468.16914902
2026-05-28T02:19:24.150360+00:00,,74161.0,6468.16914902
2026-05-28T02:19:24.235984+00:00,,74161.0,6468.16914902
2026-05-28T02:19:24.403788+00:00,,74155.21,6468.16914902
2026-05-28T02:19:24.478259+00:00,,74155.21,6468.16914902
2026-05-28T02:19:24.729117+00:00,,74155.21,6468.16914902
2026-05-28T02:19:26.236013+00:00,,74155.21,6468.16914902
2026-05-28T02:19:26.730106+00:00,,74155.21,6468.16914902
2026-05-28T02:19:27.229016+00:00,,74155.21,6468.16914902
2026-05-28T02:19:27.481440+00:00,,74155.21,6468.16914902
2026-05-28T02:19:27.733837+00:00,,74155.21,6468.16914902
2026-05-28T02:19:27.977587+00:00,,74155.21,6468.16914902
2026-05-28T02:19:28.233194+00:00,,74155.21,6468.16914902
2026-05-28T02:19:28.729029+00:00,,74155.21,6468.16914902
2026-05-28T02:19:28.976805+00:00,,74155.21,6468.16914902
2026-05-28T02:19:29.232377+00:00,,74155.21,6468.16914902
2026-05-28T02:19:29.477591+00:00,,74155.21,6468.16914902
2026-05-28T02:19:30.476597+00:00,,74155.21,6468.16914902
2026-05-28T02:19:30.728891+00:00,,74155.21,6468.16914902
2026-05-28T02:19:30.988389+00:00,,74155.21,6468.16914902
2026-05-28T02:19:31.181081+00:00,,74149.11,6468.16914902
2026-05-28T02:19:31.237454+00:00,,74149.11,6468.16914902
2026-05-28T02:19:31.407502+00:00,,74165.898,6468.16914902
2026-05-28T02:19:31.479137+00:00,,74165.898,6468.16914902
2026-05-28T02:19:31.712002+00:00,,74161.0,6468.16914902
2026-05-28T02:19:31.731584+00:00,,74161.0,6468.16914902
2026-05-28T02:19:31.928087+00:00,,74149.7,6468.16914902
2026-05-28T02:19:31.985434+00:00,,74149.7,6468.16914902
2026-05-28T02:19:32.232299+00:00,,74149.7,6468.16914902
2026-05-28T02:19:32.249823+00:00,,74145.61,6468.16914902
2026-05-28T02:19:32.453206+00:00,,74139.11,6468.16914902
2026-05-28T02:19:32.478145+00:00,,74139.11,6468.16914902
2026-05-28T02:19:32.930675+00:00,,74139.11,6468.42607079
2026-05-28T02:19:33.228618+00:00,,74139.11,6468.42607079
2026-05-28T02:19:33.476679+00:00,,74139.11,6468.42607079
2026-05-28T02:19:33.680869+00:00,,74139.12,6468.42607079
2026-05-28T02:19:34.477251+00:00,,74139.12,6468.42607079
2026-05-28T02:19:34.735860+00:00,,74139.12,6468.42607079
2026-05-28T02:19:34.978043+00:00,,74139.12,6468.42607079
2026-05-28T02:19:35.229912+00:00,,74139.12,6468.42607079
2026-05-28T02:19:35.476388+00:00,,74139.12,6468.42607079
2026-05-28T02:19:35.729927+00:00,,74139.12,6468.42607079
2026-05-28T02:19:35.976486+00:00,,74139.12,6468.42607079
2026-05-28T02:19:36.229719+00:00,,74139.12,6468.42607079
2026-05-28T02:19:36.477885+00:00,,74139.12,6468.42607079
2026-05-28T02:19:36.729260+00:00,,74139.12,6468.42607079
2026-05-28T02:19:36.978722+00:00,,74139.12,6468.42607079
2026-05-28T02:19:37.233087+00:00,,74139.12,6468.42607079
2026-05-28T02:19:37.477497+00:00,,74139.12,6468.42607079
2026-05-28T02:19:37.734917+00:00,,74139.12,6468.42607079
2026-05-28T02:19:37.905998+00:00,,74139.11,6468.42607079
2026-05-28T02:19:38.236903+00:00,,74139.11,6468.42607079
2026-05-28T02:19:38.477744+00:00,,74139.11,6468.42607079
2026-05-28T02:19:38.655720+00:00,,74139.12,6468.42607079
2026-05-28T02:19:38.732382+00:00,,74139.12,6468.42607079
2026-05-28T02:19:38.978199+00:00,,74139.12,6468.42607079
2026-05-28T02:19:39.232005+00:00,,74139.12,6468.42607079
2026-05-28T02:19:39.407577+00:00,,74139.11,6468.42607079
2026-05-28T02:19:39.476085+00:00,,74139.11,6468.42607079
2026-05-28T02:19:39.659991+00:00,,74139.12,6468.42607079
2026-05-28T02:19:39.728363+00:00,,74139.12,6468.42607079
2026-05-28T02:19:39.978189+00:00,,74139.12,6468.42607079
2026-05-28T02:19:40.228227+00:00,,74139.12,6468.42607079
2026-05-28T02:19:40.482713+00:00,,74139.12,6468.42607079
2026-05-28T02:19:40.729489+00:00,,74139.12,6468.42607079
2026-05-28T02:19:40.976838+00:00,,74139.12,6468.42607079
2026-05-28T02:19:41.228451+00:00,,74139.12,6468.42607079
2026-05-28T02:19:41.476513+00:00,,74139.12,6468.42607079
2026-05-28T02:19:41.734231+00:00,,74139.12,6468.42607079
2026-05-28T02:19:41.883176+00:00,,74139.15,6468.42607079
2026-05-28T02:19:41.978636+00:00,,74139.15,6468.42607079
2026-05-28T02:19:42.152729+00:00,,74150.78,6468.42607079
2026-05-28T02:19:42.233073+00:00,,74150.78,6468.42607079
2026-05-28T02:19:42.427192+00:00,,74150.46,6468.42607079
2026-05-28T02:19:42.477708+00:00,,74150.46,6468.42607079
2026-05-28T02:19:42.678950+00:00,,74150.48,6468.42607079
2026-05-28T02:19:42.732874+00:00,,74150.48,6468.42607079
2026-05-28T02:19:42.925358+00:00,,74147.98,6468.42607079
2026-05-28T02:19:42.977630+00:00,,74147.98,6468.42607079
2026-05-28T02:19:43.158723+00:00,,74155.8,6469.35629803
2026-05-28T02:19:43.234174+00:00,,74155.8,6469.35629803
2026-05-28T02:19:43.426904+00:00,,74147.99,6469.35629803
2026-05-28T02:19:43.478461+00:00,,74147.99,6469.35629803
2026-05-28T02:19:43.681156+00:00,,74148.0,6469.35629803
2026-05-28T02:19:43.729821+00:00,,74148.0,6469.35629803
2026-05-28T02:19:43.903162+00:00,,74147.99,6469.35629803
2026-05-28T02:19:43.977666+00:00,,74147.99,6469.35629803
2026-05-28T02:19:44.229238+00:00,,74147.99,6469.35629803
2026-05-28T02:19:44.431583+00:00,,74148.0,6469.35629803
2026-05-28T02:19:44.476573+00:00,,74148.0,6469.35629803
2026-05-28T02:19:44.653773+00:00,,74147.99,6469.35629803
2026-05-28T02:19:44.729333+00:00,,74147.99,6469.35629803
2026-05-28T02:19:44.895536+00:00,,74147.69,6469.35629803
2026-05-28T02:19:44.983864+00:00,,74147.69,6469.35629803
2026-05-28T02:19:45.155826+00:00,,74146.7,6469.35629803
2026-05-28T02:19:45.245629+00:00,,74146.7,6469.35629803
2026-05-28T02:19:45.489537+00:00,,74146.7,6469.35629803
2026-05-28T02:19:45.650150+00:00,,74144.8,6469.35629803
2026-05-28T02:19:45.737535+00:00,,74144.8,6469.35629803
2026-05-28T02:19:45.916959+00:00,,74140.8,6469.35629803
2026-05-28T02:19:45.981060+00:00,,74140.8,6469.35629803
2026-05-28T02:19:46.169858+00:00,,74140.59,6469.35629803
2026-05-28T02:19:46.234896+00:00,,74140.59,6469.35629803
2026-05-28T02:19:46.656952+00:00,,74148.65,6469.35629803
2026-05-28T02:19:46.743255+00:00,,74148.65,6469.35629803
2026-05-28T02:19:46.906285+00:00,,74140.5,6469.35629803
2026-05-28T02:19:46.976745+00:00,,74140.5,6469.35629803
2026-05-28T02:19:47.728822+00:00,,74140.5,6469.35629803
2026-05-28T02:19:47.976355+00:00,,74140.5,6469.35629803
2026-05-28T02:19:48.477162+00:00,,74140.5,6469.35629803
2026-05-28T02:19:48.730630+00:00,,74140.5,6469.35629803
2026-05-28T02:19:48.986858+00:00,,74140.5,6469.35629803
2026-05-28T02:19:49.237004+00:00,,74140.5,6469.35629803
2026-05-28T02:19:49.369446+00:00,,74140.49,6469.35629803
2026-05-28T02:19:49.977915+00:00,,74140.49,6469.35629803
2026-05-28T02:19:50.158574+00:00,,74140.5,6469.35629803
2026-05-28T02:19:50.231595+00:00,,74140.5,6469.35629803
2026-05-28T02:19:50.476324+00:00,,74140.5,6469.35629803
2026-05-28T02:19:50.731121+00:00,,74140.5,6469.35629803
2026-05-28T02:19:50.983171+00:00,,74140.5,6469.35629803
2026-05-28T02:19:51.234166+00:00,,74140.5,6469.35629803
2026-05-28T02:19:51.732917+00:00,,74140.5,6469.35629803
2026-05-28T02:19:52.250194+00:00,,74140.5,6469.35629803
2026-05-28T02:19:52.481314+00:00,,74140.5,6469.35629803
2026-05-28T02:19:52.729154+00:00,,74140.5,6469.35629803
2026-05-28T02:19:52.923734+00:00,,74140.5,6472.13026752
2026-05-28T02:19:53.230421+00:00,,74140.5,6472.13026752
2026-05-28T02:19:53.977397+00:00,,74140.5,6472.13026752
2026-05-28T02:19:54.234237+00:00,,74140.5,6472.13026752
2026-05-28T02:19:54.480934+00:00,,74140.5,6472.13026752
2026-05-28T02:19:54.976311+00:00,,74140.5,6472.13026752
2026-05-28T02:19:55.231493+00:00,,74140.5,6472.13026752
2026-05-28T02:19:55.481728+00:00,,74140.5,6472.13026752
2026-05-28T02:19:55.976199+00:00,,74140.5,6472.13026752
2026-05-28T02:19:56.230045+00:00,,74140.5,6472.13026752
2026-05-28T02:19:57.228183+00:00,,74140.5,6472.13026752
2026-05-28T02:19:57.480248+00:00,,74140.5,6472.13026752
2026-05-28T02:19:57.735518+00:00,,74140.5,6472.13026752
2026-05-28T02:19:58.476492+00:00,,74140.5,6472.13026752
2026-05-28T02:19:58.736785+00:00,,74140.5,6472.13026752
2026-05-28T02:19:58.976442+00:00,,74140.5,6472.13026752
2026-05-28T02:19:59.230158+00:00,,74140.5,6472.13026752
2026-05-28T02:19:59.476246+00:00,,74140.5,6472.13026752
2026-05-28T02:19:59.730840+00:00,,74140.5,6472.13026752
2026-05-28T02:19:59.978525+00:00,,74140.5,6472.13026752
2026-05-28T02:20:00.230059+00:00,,74140.5,6472.13026752
2026-05-28T02:20:00.478765+00:00,,74140.5,6472.13026752
2026-05-28T02:20:00.730117+00:00,,74140.5,6472.13026752
2026-05-28T02:20:00.991388+00:00,,74140.5,6472.13026752
2026-05-28T02:20:01.484511+00:00,,74140.5,6472.13026752
2026-05-28T02:20:01.984901+00:00,,74140.5,6472.13026752
2026-05-28T02:20:02.232442+00:00,,74140.5,6472.13026752
2026-05-28T02:20:02.486225+00:00,,74140.5,6472.13026752
2026-05-28T02:20:02.690057+00:00,,74150.0,6472.13026752
2026-05-28T02:20:02.735296+00:00,,74150.0,6472.13026752
2026-05-28T02:20:02.920032+00:00,,74155.21,6466.57241622
2026-05-28T02:20:02.982905+00:00,,74155.21,6466.57241622
2026-05-28T02:20:03.242699+00:00,,74155.21,6466.57241622
2026-05-28T02:20:03.482884+00:00,,74155.21,6466.57241622
2026-05-28T02:20:03.686155+00:00,,74159.0,6466.57241622
2026-05-28T02:20:03.732509+00:00,,74159.0,6466.57241622
2026-05-28T02:20:03.890851+00:00,,74139.13,6466.57241622
2026-05-28T02:20:03.981170+00:00,,74139.13,6466.57241622
2026-05-28T02:20:04.229514+00:00,,74139.13,6466.57241622
2026-05-28T02:20:04.730640+00:00,,74139.13,6466.57241622
2026-05-28T02:20:05.228832+00:00,,74139.13,6466.57241622
2026-05-28T02:20:05.404419+00:00,,74139.12,6466.57241622
2026-05-28T02:20:05.979264+00:00,,74139.12,6466.57241622
2026-05-28T02:20:06.162535+00:00,,74139.13,6466.57241622
2026-05-28T02:20:06.228764+00:00,,74139.13,6466.57241622
2026-05-28T02:20:06.475655+00:00,,74139.13,6466.57241622
2026-05-28T02:20:06.729124+00:00,,74139.13,6466.57241622
2026-05-28T02:20:06.975926+00:00,,74139.13,6466.57241622
2026-05-28T02:20:07.477012+00:00,,74139.13,6466.57241622
2026-05-28T02:20:07.976492+00:00,,74139.13,6466.57241622
2026-05-28T02:20:08.234352+00:00,,74139.13,6466.57241622
2026-05-28T02:20:08.476310+00:00,,74139.13,6466.57241622
2026-05-28T02:20:08.731870+00:00,,74139.13,6466.57241622
2026-05-28T02:20:08.979947+00:00,,74139.13,6466.57241622
2026-05-28T02:20:09.231397+00:00,,74139.13,6466.57241622
2026-05-28T02:20:09.478745+00:00,,74139.13,6466.57241622
2026-05-28T02:20:09.979521+00:00,,74139.13,6466.57241622
2026-05-28T02:20:10.140575+00:00,,74140.0,6466.57241622
2026-05-28T02:20:10.236799+00:00,,74140.0,6466.57241622
2026-05-28T02:20:10.475568+00:00,,74140.0,6466.57241622
2026-05-28T02:20:10.946307+00:00,,74139.13,6466.57241622
2026-05-28T02:20:10.978163+00:00,,74139.13,6466.57241622
2026-05-28T02:20:11.229054+00:00,,74139.13,6466.57241622
2026-05-28T02:20:11.728895+00:00,,74139.13,6466.57241622
2026-05-28T02:20:11.975723+00:00,,74139.13,6466.57241622
2026-05-28T02:20:12.228916+00:00,,74139.13,6466.57241622
2026-05-28T02:20:12.428100+00:00,,74139.12,6466.57241622
2026-05-28T02:20:12.478542+00:00,,74139.12,6466.57241622
2026-05-28T02:20:12.677829+00:00,,74139.13,6466.57241622
2026-05-28T02:20:12.739917+00:00,,74139.13,6466.57241622
2026-05-28T02:20:12.924159+00:00,,74133.09,6467.4762712
2026-05-28T02:20:12.987059+00:00,,74133.09,6467.4762712
2026-05-28T02:20:13.175762+00:00,,74141.0,6467.4762712
2026-05-28T02:20:13.239395+00:00,,74141.0,6467.4762712
2026-05-28T02:20:13.485993+00:00,,74141.0,6467.4762712
2026-05-28T02:20:13.668338+00:00,,74131.21,6467.4762712
2026-05-28T02:20:13.734191+00:00,,74131.21,6467.4762712
2026-05-28T02:20:13.981231+00:00,,74131.21,6467.4762712
2026-05-28T02:20:14.128117+00:00,,74140.06,6467.4762712
2026-05-28T02:20:14.408085+00:00,,74140.07,6467.4762712
2026-05-28T02:20:14.480170+00:00,,74140.07,6467.4762712
2026-05-28T02:20:14.654439+00:00,,74131.21,6467.4762712
2026-05-28T02:20:14.732297+00:00,,74131.21,6467.4762712
2026-05-28T02:20:14.978577+00:00,,74131.21,6467.4762712
2026-05-28T02:20:15.231590+00:00,,74131.21,6467.4762712
2026-05-28T02:20:15.763650+00:00,,74131.21,6467.4762712
2026-05-28T02:20:15.983324+00:00,,74131.21,6467.4762712
2026-05-28T02:20:16.477719+00:00,,74131.21,6467.4762712
2026-05-28T02:20:16.735098+00:00,,74131.21,6467.4762712
2026-05-28T02:20:17.024089+00:00,,74131.21,6467.4762712
2026-05-28T02:20:17.235669+00:00,,74131.21,6467.4762712
2026-05-28T02:20:17.487593+00:00,,74131.21,6467.4762712
2026-05-28T02:20:17.724330+00:00,,74139.12,6467.4762712
2026-05-28T02:20:17.734860+00:00,,74139.12,6467.4762712
2026-05-28T02:20:17.951857+00:00,,74147.99,6467.4762712
2026-05-28T02:20:17.982210+00:00,,74147.99,6467.4762712
2026-05-28T02:20:18.231107+00:00,,74147.99,6467.4762712
2026-05-28T02:20:18.485608+00:00,,74147.99,6467.4762712
2026-05-28T02:20:18.649318+00:00,,74139.12,6467.4762712
2026-05-28T02:20:18.733129+00:00,,74139.12,6467.4762712
2026-05-28T02:20:18.980931+00:00,,74139.12,6467.4762712
2026-05-28T02:20:19.166094+00:00,,74139.13,6467.4762712
2026-05-28T02:20:19.231105+00:00,,74139.13,6467.4762712
2026-05-28T02:20:19.384706+00:00,,74139.12,6467.4762712
2026-05-28T02:20:19.477768+00:00,,74139.12,6467.4762712
2026-05-28T02:20:19.731919+00:00,,74139.12,6467.4762712
2026-05-28T02:20:19.907779+00:00,,74143.89,6467.4762712
2026-05-28T02:20:19.976942+00:00,,74143.89,6467.4762712
2026-05-28T02:20:20.155242+00:00,,74145.73,6467.4762712
2026-05-28T02:20:20.230709+00:00,,74145.73,6467.4762712
2026-05-28T02:20:20.395444+00:00,,74143.89,6467.4762712
2026-05-28T02:20:20.477641+00:00,,74143.89,6467.4762712
2026-05-28T02:20:20.733274+00:00,,74143.89,6467.4762712
2026-05-28T02:20:20.978945+00:00,,74143.89,6467.4762712
2026-05-28T02:20:21.155282+00:00,,74144.86,6467.4762712
2026-05-28T02:20:21.230593+00:00,,74144.86,6467.4762712
2026-05-28T02:20:21.405515+00:00,,74143.88,6467.4762712
2026-05-28T02:20:21.478570+00:00,,74143.88,6467.4762712
2026-05-28T02:20:21.730477+00:00,,74143.88,6467.4762712
2026-05-28T02:20:21.905383+00:00,,74147.99,6467.4762712
2026-05-28T02:20:21.977571+00:00,,74147.99,6467.4762712
2026-05-28T02:20:22.174793+00:00,,74141.37,6467.4762712
2026-05-28T02:20:22.735687+00:00,,74141.37,6467.4762712
2026-05-28T02:20:22.936559+00:00,,74141.37,6469.99510625
2026-05-28T02:20:22.981736+00:00,,74141.37,6469.99510625
2026-05-28T02:20:23.178378+00:00,,74144.852,6469.99510625
2026-05-28T02:20:23.234390+00:00,,74144.852,6469.99510625
2026-05-28T02:20:23.420231+00:00,,74136.0,6469.99510625
2026-05-28T02:20:23.476710+00:00,,74136.0,6469.99510625
2026-05-28T02:20:23.682376+00:00,,74131.21,6469.99510625
2026-05-28T02:20:23.730097+00:00,,74131.21,6469.99510625
2026-05-28T02:20:24.138445+00:00,,74139.1,6469.99510625
2026-05-28T02:20:24.232904+00:00,,74139.1,6469.99510625
2026-05-28T02:20:24.376021+00:00,,74131.2,6469.99510625
2026-05-28T02:20:24.476936+00:00,,74131.2,6469.99510625
2026-05-28T02:20:24.728157+00:00,,74131.2,6469.99510625
2026-05-28T02:20:24.931146+00:00,,74131.21,6469.99510625
2026-05-28T02:20:25.233096+00:00,,74131.21,6469.99510625
2026-05-28T02:20:25.727831+00:00,,74131.21,6469.99510625
2026-05-28T02:20:25.979371+00:00,,74131.21,6469.99510625
2026-05-28T02:20:26.229094+00:00,,74131.21,6469.99510625
2026-05-28T02:20:26.478608+00:00,,74131.21,6469.99510625
2026-05-28T02:20:26.667538+00:00,,74131.2,6469.99510625
2026-05-28T02:20:26.746158+00:00,,74131.2,6469.99510625
2026-05-28T02:20:26.976232+00:00,,74131.2,6469.99510625
2026-05-28T02:20:27.233850+00:00,,74131.2,6469.99510625
2026-05-28T02:20:27.406183+00:00,,74131.21,6469.99510625
2026-05-28T02:20:27.653394+00:00,,74135.99,6469.99510625
2026-05-28T02:20:27.730124+00:00,,74135.99,6469.99510625
2026-05-28T02:20:27.904375+00:00,,74131.21,6469.99510625
2026-05-28T02:20:27.977055+00:00,,74131.21,6469.99510625
2026-05-28T02:20:28.227921+00:00,,74131.21,6469.99510625
2026-05-28T02:20:28.728732+00:00,,74131.21,6469.99510625
2026-05-28T02:20:28.978135+00:00,,74131.21,6469.99510625
2026-05-28T02:20:29.121727+00:00,,74129.39,6469.99510625
2026-05-28T02:20:29.230399+00:00,,74129.39,6469.99510625
2026-05-28T02:20:29.477629+00:00,,74129.39,6469.99510625
2026-05-28T02:20:29.981206+00:00,,74129.39,6469.99510625
2026-05-28T02:20:30.229174+00:00,,74129.39,6469.99510625
2026-05-28T02:20:30.406871+00:00,,74129.38,6469.99510625
2026-05-28T02:20:30.729992+00:00,,74129.38,6469.99510625
2026-05-28T02:20:30.966951+00:00,,74129.39,6469.99510625
2026-05-28T02:20:30.999225+00:00,,74129.39,6469.99510625
2026-05-28T02:20:31.229402+00:00,,74129.39,6469.99510625
2026-05-28T02:20:31.476800+00:00,,74129.39,6469.99510625
2026-05-28T02:20:31.656883+00:00,,74145.4,6469.99510625
2026-05-28T02:20:31.730717+00:00,,74145.4,6469.99510625
2026-05-28T02:20:31.902141+00:00,,74129.38,6469.99510625
2026-05-28T02:20:32.182456+00:00,,74142.5,6469.99510625
2026-05-28T02:20:32.262993+00:00,,74142.5,6469.99510625
2026-05-28T02:20:32.477251+00:00,,74142.5,6469.99510625
2026-05-28T02:20:32.675882+00:00,,74135.99,6469.99510625
2026-05-28T02:20:32.755820+00:00,,74135.99,6469.99510625
2026-05-28T02:20:32.910464+00:00,,74129.39,6470.38472864
2026-05-28T02:20:32.978113+00:00,,74129.39,6470.38472864
2026-05-28T02:20:33.483270+00:00,,74129.39,6470.38472864
2026-05-28T02:20:33.738863+00:00,,74129.39,6470.38472864
2026-05-28T02:20:34.230176+00:00,,74129.39,6470.38472864
2026-05-28T02:20:34.478073+00:00,,74129.39,6470.38472864
2026-05-28T02:20:34.732146+00:00,,74129.39,6470.38472864
2026-05-28T02:20:34.897680+00:00,,74145.2,6470.38472864
2026-05-28T02:20:35.231449+00:00,,74145.2,6470.38472864
2026-05-28T02:20:35.478954+00:00,,74145.2,6470.38472864
2026-05-28T02:20:35.976613+00:00,,74145.2,6470.38472864
2026-05-28T02:20:36.158364+00:00,,74131.21,6470.38472864
2026-05-28T02:20:36.229634+00:00,,74131.21,6470.38472864
2026-05-28T02:20:36.480675+00:00,,74131.21,6470.38472864
2026-05-28T02:20:36.731354+00:00,,74131.21,6470.38472864
2026-05-28T02:20:36.907269+00:00,,74131.2,6470.38472864
2026-05-28T02:20:36.975642+00:00,,74131.2,6470.38472864
2026-05-28T02:20:37.230109+00:00,,74131.2,6470.38472864
2026-05-28T02:20:37.401202+00:00,,74148.1,6470.38472864
2026-05-28T02:20:37.732393+00:00,,74148.1,6470.38472864
2026-05-28T02:20:37.907591+00:00,,74131.21,6470.38472864
2026-05-28T02:20:37.976126+00:00,,74131.21,6470.38472864
2026-05-28T02:20:38.478979+00:00,,74131.21,6470.38472864
2026-05-28T02:20:38.650384+00:00,,74131.2,6470.38472864
2026-05-28T02:20:38.731577+00:00,,74131.2,6470.38472864
2026-05-28T02:20:38.899489+00:00,,74128.39,6470.38472864
2026-05-28T02:20:38.979014+00:00,,74128.39,6470.38472864
2026-05-28T02:20:39.149869+00:00,,74145.46,6470.38472864
2026-05-28T02:20:39.227913+00:00,,74145.46,6470.38472864
2026-05-28T02:20:39.405531+00:00,,74126.41,6470.38472864
2026-05-28T02:20:39.477235+00:00,,74126.41,6470.38472864
2026-05-28T02:20:39.734676+00:00,,74126.41,6470.38472864
2026-05-28T02:20:39.982353+00:00,,74126.41,6470.38472864
2026-05-28T02:20:40.238402+00:00,,74126.41,6470.38472864
2026-05-28T02:20:40.487289+00:00,,74126.41,6470.38472864
2026-05-28T02:20:40.717490+00:00,,74126.4,6470.38472864
2026-05-28T02:20:40.736679+00:00,,74126.4,6470.38472864
2026-05-28T02:20:40.986867+00:00,,74126.4,6470.38472864
2026-05-28T02:20:40.987978+00:00,,74136.093,6470.38472864
2026-05-28T02:20:41.157084+00:00,,74121.6,6470.38472864
2026-05-28T02:20:41.235271+00:00,,74121.6,6470.38472864
2026-05-28T02:20:41.479509+00:00,,74121.6,6470.38472864
2026-05-28T02:20:41.733071+00:00,,74121.6,6470.38472864
2026-05-28T02:20:41.908933+00:00,,74121.61,6470.38472864
2026-05-28T02:20:42.015816+00:00,,74121.61,6470.38472864
2026-05-28T02:20:42.481726+00:00,,74121.61,6470.38472864
2026-05-28T02:20:42.733290+00:00,,74121.61,6470.38472864
2026-05-28T02:20:42.895248+00:00,,74121.6,6470.61127571
2026-05-28T02:20:42.981526+00:00,,74121.6,6470.61127571
2026-05-28T02:20:43.231328+00:00,,74121.6,6470.61127571
2026-05-28T02:20:43.477710+00:00,,74121.6,6470.61127571
2026-05-28T02:20:43.732126+00:00,,74121.6,6470.61127571
2026-05-28T02:20:43.887834+00:00,,74121.61,6470.61127571
2026-05-28T02:20:43.980192+00:00,,74121.61,6470.61127571
2026-05-28T02:20:44.153161+00:00,,74125.91,6470.61127571
2026-05-28T02:20:44.230718+00:00,,74125.91,6470.61127571
2026-05-28T02:20:44.484549+00:00,,74125.91,6470.61127571
2026-05-28T02:20:44.732306+00:00,,74125.91,6470.61127571
2026-05-28T02:20:44.986857+00:00,,74125.91,6470.61127571
2026-05-28T02:20:45.731000+00:00,,74125.91,6470.61127571
2026-05-28T02:20:45.876033+00:00,,74125.92,6470.61127571
2026-05-28T02:20:45.981042+00:00,,74125.92,6470.61127571
2026-05-28T02:20:46.159937+00:00,,74125.91,6470.61127571
2026-05-28T02:20:46.229314+00:00,,74125.91,6470.61127571
2026-05-28T02:20:46.410937+00:00,,74130.0,6470.61127571
2026-05-28T02:20:46.479961+00:00,,74130.0,6470.61127571
2026-05-28T02:20:46.635154+00:00,,74122.64,6470.61127571
2026-05-28T02:20:46.730344+00:00,,74122.64,6470.61127571
2026-05-28T02:20:46.905657+00:00,,74121.61,6470.61127571
2026-05-28T02:20:47.229253+00:00,,74121.61,6470.61127571
2026-05-28T02:20:47.483135+00:00,,74121.61,6470.61127571
2026-05-28T02:20:47.729432+00:00,,74121.61,6470.61127571
2026-05-28T02:20:47.980998+00:00,,74121.61,6470.61127571
2026-05-28T02:20:48.232743+00:00,,74121.61,6470.61127571
2026-05-28T02:20:48.479803+00:00,,74121.61,6470.61127571
2026-05-28T02:20:48.648381+00:00,,74116.8,6470.61127571
2026-05-28T02:20:48.744521+00:00,,74116.8,6470.61127571
2026-05-28T02:20:48.872858+00:00,,74114.2,6470.61127571
2026-05-28T02:20:48.977402+00:00,,74114.2,6470.61127571
2026-05-28T02:20:49.228837+00:00,,74114.2,6470.61127571
2026-05-28T02:20:49.476630+00:00,,74114.2,6470.61127571
2026-05-28T02:20:49.727671+00:00,,74114.2,6470.61127571
2026-05-28T02:20:49.978446+00:00,,74114.2,6470.61127571
2026-05-28T02:20:50.229727+00:00,,74114.2,6470.61127571
2026-05-28T02:20:50.479047+00:00,,74114.2,6470.61127571
2026-05-28T02:20:50.615357+00:00,,74113.14,6470.61127571
2026-05-28T02:20:50.736515+00:00,,74113.14,6470.61127571
2026-05-28T02:20:50.958570+00:00,,74092.8,6470.61127571
2026-05-28T02:20:50.981620+00:00,,74092.8,6470.61127571
2026-05-28T02:20:51.157593+00:00,,74092.82,6470.61127571
2026-05-28T02:20:51.241420+00:00,,74092.82,6470.61127571
2026-05-28T02:20:51.402705+00:00,,74088.0,6470.61127571
2026-05-28T02:20:51.479279+00:00,,74088.0,6470.61127571
2026-05-28T02:20:51.618009+00:00,,74083.2,6470.61127571
2026-05-28T02:20:51.733523+00:00,,74083.2,6470.61127571
2026-05-28T02:20:51.979251+00:00,,74083.2,6470.61127571
2026-05-28T02:20:52.167385+00:00,,74081.6,6470.61127571
2026-05-28T02:20:52.237078+00:00,,74081.6,6470.61127571
2026-05-28T02:20:52.478305+00:00,,74081.6,6470.61127571
2026-05-28T02:20:52.730680+00:00,,74081.6,6470.61127571
2026-05-28T02:20:52.926789+00:00,,74081.6,6471.43715685
2026-05-28T02:20:52.978590+00:00,,74081.6,6471.43715685
2026-05-28T02:20:53.238170+00:00,,74081.6,6471.43715685
2026-05-28T02:20:53.735289+00:00,,74081.6,6471.43715685
2026-05-28T02:20:53.984840+00:00,,74081.6,6471.43715685
2026-05-28T02:20:54.151505+00:00,,74092.826,6471.43715685
2026-05-28T02:20:54.230438+00:00,,74092.826,6471.43715685
2026-05-28T02:20:54.484207+00:00,,74092.826,6471.43715685
2026-05-28T02:20:54.747196+00:00,,74092.826,6471.43715685
2026-05-28T02:20:54.904116+00:00,,74079.09,6471.43715685
2026-05-28T02:20:54.987397+00:00,,74079.09,6471.43715685
2026-05-28T02:20:55.153342+00:00,,74089.1,6471.43715685
2026-05-28T02:20:55.231920+00:00,,74089.1,6471.43715685
2026-05-28T02:20:55.392985+00:00,,74079.09,6471.43715685
2026-05-28T02:20:55.477138+00:00,,74079.09,6471.43715685
2026-05-28T02:20:55.730178+00:00,,74079.09,6471.43715685
2026-05-28T02:20:55.898946+00:00,,74079.08,6471.43715685
2026-05-28T02:20:55.979244+00:00,,74079.08,6471.43715685
2026-05-28T02:20:56.165426+00:00,,74079.09,6471.43715685
2026-05-28T02:20:56.231460+00:00,,74079.09,6471.43715685
2026-05-28T02:20:56.478589+00:00,,74079.09,6471.43715685
2026-05-28T02:20:56.731248+00:00,,74079.09,6471.43715685
2026-05-28T02:20:56.993915+00:00,,74079.09,6471.43715685
2026-05-28T02:20:57.159074+00:00,,74078.0,6471.43715685
2026-05-28T02:20:57.234319+00:00,,74078.0,6471.43715685
2026-05-28T02:20:57.478377+00:00,,74078.0,6471.43715685
2026-05-28T02:20:57.645393+00:00,,74073.61,6471.43715685
2026-05-28T02:20:57.734771+00:00,,74073.61,6471.43715685
2026-05-28T02:20:57.908496+00:00,,74067.98,6471.43715685
2026-05-28T02:20:57.980569+00:00,,74067.98,6471.43715685
2026-05-28T02:20:58.150902+00:00,,74081.4,6471.43715685
2026-05-28T02:20:58.235982+00:00,,74081.4,6471.43715685
2026-05-28T02:20:58.410775+00:00,,74066.06,6471.43715685
2026-05-28T02:20:58.478096+00:00,,74066.06,6471.43715685
2026-05-28T02:20:58.732068+00:00,,74066.06,6471.43715685
2026-05-28T02:20:58.905073+00:00,,74066.05,6471.43715685
2026-05-28T02:20:58.981145+00:00,,74066.05,6471.43715685
2026-05-28T02:20:59.232916+00:00,,74066.05,6471.43715685
2026-05-28T02:20:59.376201+00:00,,74066.06,6471.43715685
2026-05-28T02:20:59.477811+00:00,,74066.06,6471.43715685
2026-05-28T02:20:59.651898+00:00,,74066.05,6471.43715685
2026-05-28T02:20:59.731437+00:00,,74066.05,6471.43715685
2026-05-28T02:20:59.981862+00:00,,74066.05,6471.43715685
2026-05-28T02:21:00.153828+00:00,,74066.06,6471.43715685
2026-05-28T02:21:00.233250+00:00,,74066.06,6471.43715685
2026-05-28T02:21:00.412474+00:00,,74081.9,6471.43715685
2026-05-28T02:21:00.478067+00:00,,74081.9,6471.43715685
2026-05-28T02:21:00.631893+00:00,,74071.43,6471.43715685
2026-05-28T02:21:00.735947+00:00,,74071.43,6471.43715685
2026-05-28T02:21:00.950966+00:00,,74071.42,6471.43715685
2026-05-28T02:21:00.978314+00:00,,74071.42,6471.43715685
2026-05-28T02:21:01.235374+00:00,,74071.42,6471.43715685
2026-05-28T02:21:01.404796+00:00,,74071.46,6471.43715685
2026-05-28T02:21:01.493714+00:00,,74071.46,6471.43715685
2026-05-28T02:21:01.664754+00:00,,74077.29,6471.43715685
2026-05-28T02:21:01.736671+00:00,,74077.29,6471.43715685
2026-05-28T02:21:01.912940+00:00,,74078.39,6471.43715685
2026-05-28T02:21:01.977266+00:00,,74078.39,6471.43715685
2026-05-28T02:21:02.177755+00:00,,74090.668,6471.43715685
2026-05-28T02:21:02.233163+00:00,,74090.668,6471.43715685
2026-05-28T02:21:02.433659+00:00,,74078.39,6471.43715685
2026-05-28T02:21:02.482186+00:00,,74078.39,6471.43715685
2026-05-28T02:21:02.898565+00:00,,74078.39,6467.25614051
2026-05-28T02:21:02.979346+00:00,,74078.39,6467.25614051
2026-05-28T02:21:03.233028+00:00,,74078.39,6467.25614051
2026-05-28T02:21:03.478112+00:00,,74078.39,6467.25614051
2026-05-28T02:21:03.741111+00:00,,74078.39,6467.25614051
2026-05-28T02:21:03.989400+00:00,,74078.39,6467.25614051
2026-05-28T02:21:04.236247+00:00,,74078.39,6467.25614051
2026-05-28T02:21:04.406461+00:00,,74081.99,6467.25614051
2026-05-28T02:21:04.490294+00:00,,74081.99,6467.25614051
2026-05-28T02:21:04.659012+00:00,,74081.98,6467.25614051
2026-05-28T02:21:04.881757+00:00,,74092.0,6467.25614051
2026-05-28T02:21:04.941884+00:00,,74092.0,6467.25614051
2026-05-28T02:21:05.088930+00:00,,74092.0,6467.25614051
2026-05-28T02:21:05.161439+00:00,,74091.31,6467.25614051
2026-05-28T02:21:05.478693+00:00,,74091.31,6467.25614051
2026-05-28T02:21:05.654596+00:00,,74091.32,6467.25614051
2026-05-28T02:21:05.732820+00:00,,74091.32,6467.25614051
2026-05-28T02:21:05.850065+00:00,,74091.33,6467.25614051
2026-05-28T02:21:05.985482+00:00,,74091.33,6467.25614051
2026-05-28T02:21:06.235799+00:00,,74091.33,6467.25614051
2026-05-28T02:21:06.408343+00:00,,74092.24,6467.25614051
2026-05-28T02:21:06.735793+00:00,,74092.24,6467.25614051
2026-05-28T02:21:06.909682+00:00,,74095.0,6467.25614051
2026-05-28T02:21:06.976048+00:00,,74095.0,6467.25614051
2026-05-28T02:21:07.143811+00:00,,74097.04,6467.25614051
2026-05-28T02:21:07.230837+00:00,,74097.04,6467.25614051
2026-05-28T02:21:07.479159+00:00,,74097.04,6467.25614051
2026-05-28T02:21:07.654499+00:00,,74097.05,6467.25614051
2026-05-28T02:21:07.732915+00:00,,74097.05,6467.25614051
2026-05-28T02:21:07.864112+00:00,,74097.04,6467.25614051
2026-05-28T02:21:07.979770+00:00,,74097.04,6467.25614051
2026-05-28T02:21:08.231082+00:00,,74097.04,6467.25614051
2026-05-28T02:21:08.401666+00:00,,74097.05,6467.25614051
2026-05-28T02:21:08.488921+00:00,,74097.05,6467.25614051
2026-05-28T02:21:08.749231+00:00,,74097.05,6467.25614051
2026-05-28T02:21:08.902156+00:00,,74097.04,6467.25614051
2026-05-28T02:21:08.980696+00:00,,74097.04,6467.25614051
2026-05-28T02:21:09.153968+00:00,,74102.39,6467.25614051
2026-05-28T02:21:09.230914+00:00,,74102.39,6467.25614051
2026-05-28T02:21:09.477635+00:00,,74102.39,6467.25614051
2026-05-28T02:21:09.664931+00:00,,74102.4,6467.25614051
2026-05-28T02:21:09.729702+00:00,,74102.4,6467.25614051
2026-05-28T02:21:09.978892+00:00,,74102.4,6467.25614051
2026-05-28T02:21:10.150834+00:00,,74102.39,6467.25614051
2026-05-28T02:21:10.235952+00:00,,74102.39,6467.25614051
2026-05-28T02:21:10.981511+00:00,,74102.39,6467.25614051
2026-05-28T02:21:11.232085+00:00,,74102.39,6467.25614051
2026-05-28T02:21:11.478647+00:00,,74102.39,6467.25614051
2026-05-28T02:21:11.663368+00:00,,74103.02,6467.25614051
2026-05-28T02:21:11.731619+00:00,,74103.02,6467.25614051
2026-05-28T02:21:11.983929+00:00,,74103.02,6467.25614051
2026-05-28T02:21:12.234573+00:00,,74103.02,6467.25614051
2026-05-28T02:21:12.425047+00:00,,74103.03,6467.25614051
2026-05-28T02:21:12.484776+00:00,,74103.03,6467.25614051
2026-05-28T02:21:12.680094+00:00,,74107.19,6467.25614051
2026-05-28T02:21:12.729916+00:00,,74107.19,6467.25614051
2026-05-28T02:21:12.930053+00:00,,74107.19,6467.42290238
2026-05-28T02:21:12.979842+00:00,,74107.19,6467.42290238
2026-05-28T02:21:13.477666+00:00,,74107.19,6467.42290238
2026-05-28T02:21:13.679991+00:00,,74121.0,6467.42290238
2026-05-28T02:21:13.729891+00:00,,74121.0,6467.42290238
2026-05-28T02:21:13.870394+00:00,,74107.19,6467.42290238
2026-05-28T02:21:13.977489+00:00,,74107.19,6467.42290238
2026-05-28T02:21:14.229064+00:00,,74107.19,6467.42290238
2026-05-28T02:21:14.479591+00:00,,74107.19,6467.42290238
2026-05-28T02:21:14.620386+00:00,,74107.2,6467.42290238
2026-05-28T02:21:14.753069+00:00,,74107.2,6467.42290238
2026-05-28T02:21:14.904986+00:00,,74107.19,6467.42290238
2026-05-28T02:21:14.976929+00:00,,74107.19,6467.42290238
2026-05-28T02:21:15.155753+00:00,,74107.2,6467.42290238
2026-05-28T02:21:15.229789+00:00,,74107.2,6467.42290238
2026-05-28T02:21:15.480561+00:00,,74107.2,6467.42290238
2026-05-28T02:21:15.975495+00:00,,74107.2,6467.42290238
2026-05-28T02:21:16.166212+00:00,,74107.19,6467.42290238
2026-05-28T02:21:16.235859+00:00,,74107.19,6467.42290238
2026-05-28T02:21:16.403721+00:00,,74107.2,6467.42290238
2026-05-28T02:21:16.478710+00:00,,74107.2,6467.42290238
2026-05-28T02:21:16.735883+00:00,,74107.2,6467.42290238
2026-05-28T02:21:16.905980+00:00,,74107.19,6467.42290238
2026-05-28T02:21:16.979521+00:00,,74107.19,6467.42290238
2026-05-28T02:21:17.122689+00:00,,74105.42,6467.42290238
2026-05-28T02:21:17.229447+00:00,,74105.42,6467.42290238
2026-05-28T02:21:17.740589+00:00,,74105.42,6467.42290238
2026-05-28T02:21:17.909759+00:00,,74102.39,6467.42290238
2026-05-28T02:21:17.980903+00:00,,74102.39,6467.42290238
2026-05-28T02:21:18.227432+00:00,,74102.39,6467.42290238
2026-05-28T02:21:18.402821+00:00,,74102.4,6467.42290238
2026-05-28T02:21:18.731957+00:00,,74102.4,6467.42290238
2026-05-28T02:21:18.977796+00:00,,74102.4,6467.42290238
2026-05-28T02:21:19.150720+00:00,,74102.39,6467.42290238
2026-05-28T02:21:19.230164+00:00,,74102.39,6467.42290238
2026-05-28T02:21:19.733747+00:00,,74102.39,6467.42290238
2026-05-28T02:21:19.904394+00:00,,74102.4,6467.42290238
2026-05-28T02:21:19.976881+00:00,,74102.4,6467.42290238
2026-05-28T02:21:20.229896+00:00,,74102.4,6467.42290238
2026-05-28T02:21:20.477264+00:00,,74102.4,6467.42290238
2026-05-28T02:21:20.635529+00:00,,74102.39,6467.42290238
2026-05-28T02:21:20.741606+00:00,,74102.39,6467.42290238
2026-05-28T02:21:20.948595+00:00,,74100.25,6467.42290238
2026-05-28T02:21:21.020795+00:00,,74100.25,6467.42290238
2026-05-28T02:21:21.157894+00:00,,74102.4,6467.42290238
2026-05-28T02:21:21.230407+00:00,,74102.4,6467.42290238
2026-05-28T02:21:21.476862+00:00,,74102.4,6467.42290238
2026-05-28T02:21:21.733094+00:00,,74102.4,6467.42290238
2026-05-28T02:21:21.976350+00:00,,74102.4,6467.42290238
2026-05-28T02:21:22.232860+00:00,,74102.4,6467.42290238
2026-05-28T02:21:22.424319+00:00,,74106.6,6467.42290238
2026-05-28T02:21:22.478528+00:00,,74106.6,6467.42290238
2026-05-28T02:21:22.668684+00:00,,74104.0,6467.42290238
2026-05-28T02:21:22.729842+00:00,,74104.0,6467.42290238
2026-05-28T02:21:22.917395+00:00,,74102.39,6467.50915036
2026-05-28T02:21:22.976062+00:00,,74102.39,6467.50915036
2026-05-28T02:21:23.243258+00:00,,74102.39,6467.50915036
2026-05-28T02:21:23.476232+00:00,,74102.39,6467.50915036
2026-05-28T02:21:23.727147+00:00,,74102.39,6467.50915036
2026-05-28T02:21:23.975985+00:00,,74102.39,6467.50915036
2026-05-28T02:21:24.241130+00:00,,74102.39,6467.50915036
2026-05-28T02:21:24.402071+00:00,,74102.4,6467.50915036
2026-05-28T02:21:24.481906+00:00,,74102.4,6467.50915036
2026-05-28T02:21:24.652972+00:00,,74102.39,6467.50915036
2026-05-28T02:21:24.732435+00:00,,74102.39,6467.50915036
2026-05-28T02:21:24.981374+00:00,,74102.39,6467.50915036
2026-05-28T02:21:25.118895+00:00,,74100.18,6467.50915036
2026-05-28T02:21:25.246986+00:00,,74100.18,6467.50915036
2026-05-28T02:21:25.399557+00:00,,74100.19,6467.50915036
2026-05-28T02:21:25.480165+00:00,,74100.19,6467.50915036
2026-05-28T02:21:25.688251+00:00,,74094.98,6467.50915036
2026-05-28T02:21:25.980315+00:00,,74094.98,6467.50915036
2026-05-28T02:21:26.238464+00:00,,74094.98,6467.50915036
2026-05-28T02:21:26.402025+00:00,,74094.99,6467.50915036
2026-05-28T02:21:26.479714+00:00,,74094.99,6467.50915036
2026-05-28T02:21:26.658226+00:00,,74097.98,6467.50915036
2026-05-28T02:21:26.731033+00:00,,74097.98,6467.50915036
2026-05-28T02:21:26.977597+00:00,,74097.98,6467.50915036
2026-05-28T02:21:27.157239+00:00,,74095.99,6467.50915036
2026-05-28T02:21:27.230504+00:00,,74095.99,6467.50915036
2026-05-28T02:21:27.530037+00:00,,74095.99,6467.50915036
2026-05-28T02:21:27.770072+00:00,,74095.99,6467.50915036
2026-05-28T02:21:27.905216+00:00,,74094.05,6467.50915036
2026-05-28T02:21:27.979973+00:00,,74094.05,6467.50915036
2026-05-28T02:21:28.160018+00:00,,74097.98,6467.50915036
2026-05-28T02:21:28.232876+00:00,,74097.98,6467.50915036
2026-05-28T02:21:28.733051+00:00,,74097.98,6467.50915036
2026-05-28T02:21:28.979262+00:00,,74097.98,6467.50915036
2026-05-28T02:21:29.228899+00:00,,74097.98,6467.50915036
2026-05-28T02:21:29.402216+00:00,,74095.69,6467.50915036
2026-05-28T02:21:29.730432+00:00,,74095.69,6467.50915036
2026-05-28T02:21:29.976208+00:00,,74095.69,6467.50915036
2026-05-28T02:21:30.232702+00:00,,74095.69,6467.50915036
2026-05-28T02:21:30.478985+00:00,,74095.69,6467.50915036
2026-05-28T02:21:30.734201+00:00,,74095.69,6467.50915036
2026-05-28T02:21:31.002324+00:00,,74095.69,6467.50915036
2026-05-28T02:21:31.478227+00:00,,74095.69,6467.50915036
2026-05-28T02:21:31.736852+00:00,,74095.69,6467.50915036
2026-05-28T02:21:32.230505+00:00,,74095.69,6467.50915036
2026-05-28T02:21:32.476361+00:00,,74095.69,6467.50915036
2026-05-28T02:21:32.925198+00:00,,74095.69,6468.18235775
2026-05-28T02:21:32.979638+00:00,,74095.69,6468.18235775
2026-05-28T02:21:33.232669+00:00,,74095.69,6468.18235775
2026-05-28T02:21:33.682140+00:00,,74095.68,6468.18235775
2026-05-28T02:21:33.978059+00:00,,74095.68,6468.18235775
2026-05-28T02:21:34.228474+00:00,,74095.68,6468.18235775
2026-05-28T02:21:34.403616+00:00,,74095.69,6468.18235775
2026-05-28T02:21:34.475834+00:00,,74095.69,6468.18235775
2026-05-28T02:21:34.604542+00:00,,74095.68,6468.18235775
2026-05-28T02:21:35.729808+00:00,,74095.68,6468.18235775
2026-05-28T02:21:36.230088+00:00,,74095.68,6468.18235775
2026-05-28T02:21:36.477296+00:00,,74095.68,6468.18235775
2026-05-28T02:21:36.730415+00:00,,74095.68,6468.18235775
2026-05-28T02:21:36.978205+00:00,,74095.68,6468.18235775
2026-05-28T02:21:37.140453+00:00,,74095.69,6468.18235775
2026-05-28T02:21:37.233431+00:00,,74095.69,6468.18235775
2026-05-28T02:21:37.476314+00:00,,74095.69,6468.18235775
2026-05-28T02:21:37.978842+00:00,,74095.69,6468.18235775
2026-05-28T02:21:38.233963+00:00,,74095.69,6468.18235775
2026-05-28T02:21:38.476986+00:00,,74095.69,6468.18235775
2026-05-28T02:21:38.728307+00:00,,74095.69,6468.18235775
2026-05-28T02:21:38.976178+00:00,,74095.69,6468.18235775
2026-05-28T02:21:39.231371+00:00,,74095.69,6468.18235775
2026-05-28T02:21:39.729456+00:00,,74095.69,6468.18235775
2026-05-28T02:21:39.992669+00:00,,74095.69,6468.18235775
2026-05-28T02:21:40.148938+00:00,,74086.47,6468.18235775
2026-05-28T02:21:40.243338+00:00,,74086.47,6468.18235775
2026-05-28T02:21:40.404361+00:00,,74078.41,6468.18235775
2026-05-28T02:21:40.486065+00:00,,74078.41,6468.18235775
2026-05-28T02:21:40.744789+00:00,,74078.41,6468.18235775
2026-05-28T02:21:40.988512+00:00,,74078.41,6468.18235775
2026-05-28T02:21:41.231397+00:00,,74078.41,6468.18235775
2026-05-28T02:21:41.984717+00:00,,74078.41,6468.18235775
2026-05-28T02:21:42.177102+00:00,,74078.4,6468.18235775
2026-05-28T02:21:42.230602+00:00,,74078.4,6468.18235775
2026-05-28T02:21:42.423238+00:00,,74078.41,6468.18235775
2026-05-28T02:21:42.476545+00:00,,74078.41,6468.18235775
2026-05-28T02:21:42.731241+00:00,,74078.41,6468.18235775
2026-05-28T02:21:42.923508+00:00,,74078.26,6468.30484923
2026-05-28T02:21:43.233475+00:00,,74078.26,6468.30484923
2026-05-28T02:21:43.430028+00:00,,74078.17,6468.30484923
2026-05-28T02:21:43.477351+00:00,,74078.17,6468.30484923
2026-05-28T02:21:43.674731+00:00,,74078.01,6468.30484923
2026-05-28T02:21:43.728892+00:00,,74078.01,6468.30484923
2026-05-28T02:21:43.976851+00:00,,74078.01,6468.30484923
2026-05-28T02:21:44.229238+00:00,,74078.01,6468.30484923
2026-05-28T02:21:44.477404+00:00,,74078.01,6468.30484923
2026-05-28T02:21:44.731063+00:00,,74078.01,6468.30484923
2026-05-28T02:21:45.480309+00:00,,74078.01,6468.30484923
2026-05-28T02:21:45.736838+00:00,,74078.01,6468.30484923
2026-05-28T02:21:45.906628+00:00,,74073.61,6468.30484923
2026-05-28T02:21:45.979918+00:00,,74073.61,6468.30484923
2026-05-28T02:21:46.160638+00:00,,74076.746,6468.30484923
2026-05-28T02:21:46.233233+00:00,,74076.746,6468.30484923
2026-05-28T02:21:46.374873+00:00,,74072.82,6468.30484923
2026-05-28T02:21:46.477101+00:00,,74072.82,6468.30484923
2026-05-28T02:21:46.651936+00:00,,74068.81,6468.30484923
2026-05-28T02:21:46.732803+00:00,,74068.81,6468.30484923
2026-05-28T02:21:46.878099+00:00,,74068.8,6468.30484923
2026-05-28T02:21:46.978004+00:00,,74068.8,6468.30484923
2026-05-28T02:21:47.231873+00:00,,74068.8,6468.30484923
2026-05-28T02:21:47.385591+00:00,,74068.81,6468.30484923
2026-05-28T02:21:47.477200+00:00,,74068.81,6468.30484923
2026-05-28T02:21:47.729765+00:00,,74068.81,6468.30484923
2026-05-28T02:21:47.905838+00:00,,74068.8,6468.30484923
2026-05-28T02:21:47.980016+00:00,,74068.8,6468.30484923
2026-05-28T02:21:48.154819+00:00,,74057.03,6468.30484923
2026-05-28T02:21:48.232392+00:00,,74057.03,6468.30484923
2026-05-28T02:21:48.409613+00:00,,74062.83,6468.30484923
2026-05-28T02:21:48.478536+00:00,,74062.83,6468.30484923
2026-05-28T02:21:48.658557+00:00,,74062.82,6468.30484923
2026-05-28T02:21:48.729775+00:00,,74062.82,6468.30484923
2026-05-28T02:21:48.976563+00:00,,74062.82,6468.30484923
2026-05-28T02:21:49.231863+00:00,,74062.82,6468.30484923
2026-05-28T02:21:49.977365+00:00,,74062.82,6468.30484923
2026-05-28T02:21:50.234142+00:00,,74062.82,6468.30484923
2026-05-28T02:21:50.477637+00:00,,74062.82,6468.30484923
2026-05-28T02:21:50.984254+00:00,,74062.82,6468.30484923
2026-05-28T02:21:51.510259+00:00,,74062.82,6468.30484923
2026-05-28T02:21:51.657678+00:00,,74062.81,6468.30484923
2026-05-28T02:21:51.730804+00:00,,74062.81,6468.30484923
2026-05-28T02:21:51.978408+00:00,,74062.81,6468.30484923
2026-05-28T02:21:52.166490+00:00,,74062.82,6468.30484923
2026-05-28T02:21:52.232040+00:00,,74062.82,6468.30484923
2026-05-28T02:21:52.479647+00:00,,74062.82,6468.30484923
2026-05-28T02:21:52.730306+00:00,,74062.82,6468.30484923
2026-05-28T02:21:52.937042+00:00,,74062.82,6470.56374188
2026-05-28T02:21:52.978807+00:00,,74062.82,6470.56374188
2026-05-28T02:21:53.978754+00:00,,74062.82,6470.56374188
2026-05-28T02:21:54.141696+00:00,,74062.81,6470.56374188
2026-05-28T02:21:54.231603+00:00,,74062.81,6470.56374188
2026-05-28T02:21:54.728606+00:00,,74062.81,6470.56374188
2026-05-28T02:21:54.977435+00:00,,74062.81,6470.56374188
2026-05-28T02:21:55.157402+00:00,,74062.82,6470.56374188
2026-05-28T02:21:55.230714+00:00,,74062.82,6470.56374188
2026-05-28T02:21:55.477413+00:00,,74062.82,6470.56374188
2026-05-28T02:21:55.660198+00:00,,74062.81,6470.56374188
2026-05-28T02:21:55.727903+00:00,,74062.81,6470.56374188
2026-05-28T02:21:55.909465+00:00,,74062.82,6470.56374188
2026-05-28T02:21:55.979668+00:00,,74062.82,6470.56374188
2026-05-28T02:21:56.381167+00:00,,74062.81,6470.56374188
2026-05-28T02:21:56.476316+00:00,,74062.81,6470.56374188
2026-05-28T02:21:56.731870+00:00,,74062.81,6470.56374188
2026-05-28T02:21:56.889197+00:00,,74062.82,6470.56374188
2026-05-28T02:21:57.230483+00:00,,74062.82,6470.56374188
2026-05-28T02:21:57.404676+00:00,,74076.01,6470.56374188
2026-05-28T02:21:57.476843+00:00,,74076.01,6470.56374188
2026-05-28T02:21:57.976488+00:00,,74076.01,6470.56374188
2026-05-28T02:21:58.232390+00:00,,74076.01,6470.56374188
2026-05-28T02:21:58.399950+00:00,,74062.82,6470.56374188
2026-05-28T02:21:58.478733+00:00,,74062.82,6470.56374188
2026-05-28T02:21:59.238610+00:00,,74062.82,6470.56374188
2026-05-28T02:21:59.478119+00:00,,74062.82,6470.56374188
2026-05-28T02:21:59.730600+00:00,,74062.82,6470.56374188
2026-05-28T02:21:59.980420+00:00,,74062.82,6470.56374188
2026-05-28T02:22:00.229010+00:00,,74062.82,6470.56374188
2026-05-28T02:22:00.476601+00:00,,74062.82,6470.56374188
2026-05-28T02:22:00.734370+00:00,,74062.82,6470.56374188
2026-05-28T02:22:00.980660+00:00,,74062.82,6470.56374188
2026-05-28T02:22:01.154745+00:00,,74059.21,6470.56374188
2026-05-28T02:22:01.234691+00:00,,74059.21,6470.56374188
2026-05-28T02:22:01.478449+00:00,,74059.21,6470.56374188
2026-05-28T02:22:01.642677+00:00,,74055.01,6470.56374188
2026-05-28T02:22:01.732809+00:00,,74055.01,6470.56374188
2026-05-28T02:22:01.985795+00:00,,74055.01,6470.56374188
2026-05-28T02:22:02.476915+00:00,,74055.01,6470.56374188
2026-05-28T02:22:02.668924+00:00,,74061.98,6470.56374188
2026-05-28T02:22:02.728669+00:00,,74061.98,6470.56374188
2026-05-28T02:22:02.921868+00:00,,74061.98,6466.80442146
2026-05-28T02:22:02.978771+00:00,,74061.98,6466.80442146
2026-05-28T02:22:03.180928+00:00,,74061.14,6466.80442146
2026-05-28T02:22:03.229978+00:00,,74061.14,6466.80442146
2026-05-28T02:22:03.481286+00:00,,74061.14,6466.80442146
2026-05-28T02:22:03.730786+00:00,,74061.14,6466.80442146
2026-05-28T02:22:03.911587+00:00,,74055.0,6466.80442146
2026-05-28T02:22:03.976641+00:00,,74055.0,6466.80442146
2026-05-28T02:22:04.231541+00:00,,74055.0,6466.80442146
2026-05-28T02:22:04.488611+00:00,,74055.0,6466.80442146
2026-05-28T02:22:04.637939+00:00,,74055.99,6466.80442146
2026-05-28T02:22:04.730867+00:00,,74055.99,6466.80442146
2026-05-28T02:22:04.904922+00:00,,74057.97,6466.80442146
2026-05-28T02:22:05.230009+00:00,,74057.97,6466.80442146
2026-05-28T02:22:05.392952+00:00,,74055.71,6466.80442146
2026-05-28T02:22:05.478078+00:00,,74055.71,6466.80442146
2026-05-28T02:22:05.730602+00:00,,74055.71,6466.80442146
2026-05-28T02:22:05.978891+00:00,,74055.71,6466.80442146
2026-05-28T02:22:06.146095+00:00,,74055.29,6466.80442146
2026-05-28T02:22:06.231736+00:00,,74055.29,6466.80442146
2026-05-28T02:22:06.477339+00:00,,74055.29,6466.80442146
2026-05-28T02:22:06.644912+00:00,,74061.38,6466.80442146
2026-05-28T02:22:06.728805+00:00,,74061.38,6466.80442146
2026-05-28T02:22:07.020778+00:00,,74061.38,6466.80442146
2026-05-28T02:22:07.138910+00:00,,74062.82,6466.80442146
2026-05-28T02:22:07.233789+00:00,,74062.82,6466.80442146
2026-05-28T02:22:07.396087+00:00,,74069.0,6466.80442146
2026-05-28T02:22:07.480978+00:00,,74069.0,6466.80442146
2026-05-28T02:22:07.737024+00:00,,74069.0,6466.80442146
2026-05-28T02:22:07.925821+00:00,,74069.97,6466.80442146
2026-05-28T02:22:07.978123+00:00,,74069.97,6466.80442146
2026-05-28T02:22:08.159203+00:00,,74073.59,6466.80442146
2026-05-28T02:22:08.246167+00:00,,74073.59,6466.80442146
2026-05-28T02:22:08.365019+00:00,,74077.97,6466.80442146
2026-05-28T02:22:08.478679+00:00,,74077.97,6466.80442146
2026-05-28T02:22:08.735441+00:00,,74077.97,6466.80442146
2026-05-28T02:22:08.908696+00:00,,74077.96,6466.80442146
2026-05-28T02:22:08.976743+00:00,,74077.96,6466.80442146
2026-05-28T02:22:09.229410+00:00,,74077.96,6466.80442146
2026-05-28T02:22:09.492231+00:00,,74077.96,6466.80442146
2026-05-28T02:22:09.733398+00:00,,74077.96,6466.80442146
2026-05-28T02:22:09.905946+00:00,,74080.0,6466.80442146
2026-05-28T02:22:09.979550+00:00,,74080.0,6466.80442146
2026-05-28T02:22:10.155961+00:00,,74079.08,6466.80442146
2026-05-28T02:22:10.234770+00:00,,74079.08,6466.80442146
2026-05-28T02:22:10.481340+00:00,,74079.08,6466.80442146
2026-05-28T02:22:10.656000+00:00,,74081.19,6466.80442146
2026-05-28T02:22:10.730046+00:00,,74081.19,6466.80442146
2026-05-28T02:22:10.968699+00:00,,74081.18,6466.80442146
2026-05-28T02:22:10.979117+00:00,,74081.18,6466.80442146
2026-05-28T02:22:11.230295+00:00,,74081.18,6466.80442146
2026-05-28T02:22:11.405914+00:00,,74082.0,6466.80442146
2026-05-28T02:22:11.483400+00:00,,74082.0,6466.80442146
2026-05-28T02:22:11.657774+00:00,,74085.35,6466.80442146
2026-05-28T02:22:11.733461+00:00,,74085.35,6466.80442146
2026-05-28T02:22:11.984277+00:00,,74085.35,6466.80442146
2026-05-28T02:22:12.230881+00:00,,74085.35,6466.80442146
2026-05-28T02:22:12.247852+00:00,,74081.99,6466.80442146
2026-05-28T02:22:12.477376+00:00,,74081.99,6466.80442146
2026-05-28T02:22:12.729401+00:00,,74081.99,6466.80442146
2026-05-28T02:22:12.980465+00:00,,74081.99,6466.80442146
2026-05-28T02:22:13.231235+00:00,,74081.99,6466.80442146
2026-05-28T02:22:13.431846+00:00,,74081.99,6467.34087515
2026-05-28T02:22:13.478466+00:00,,74081.99,6467.34087515
2026-05-28T02:22:13.688732+00:00,,74085.35,6467.34087515
2026-05-28T02:22:13.730348+00:00,,74085.35,6467.34087515
2026-05-28T02:22:13.908872+00:00,,74082.0,6467.34087515
2026-05-28T02:22:14.111974+00:00,,74081.99,6467.34087515
2026-05-28T02:22:14.230341+00:00,,74081.99,6467.34087515
2026-05-28T02:22:14.475874+00:00,,74081.99,6467.34087515
2026-05-28T02:22:14.655382+00:00,,74082.0,6467.34087515
2026-05-28T02:22:14.731193+00:00,,74082.0,6467.34087515
2026-05-28T02:22:15.011497+00:00,,74082.0,6467.34087515
2026-05-28T02:22:15.231039+00:00,,74082.0,6467.34087515
2026-05-28T02:22:15.402177+00:00,,74081.99,6467.34087515
2026-05-28T02:22:15.483433+00:00,,74081.99,6467.34087515
2026-05-28T02:22:15.728865+00:00,,74081.99,6467.34087515
2026-05-28T02:22:15.980742+00:00,,74081.99,6467.34087515
2026-05-28T02:22:16.158282+00:00,,74073.09,6467.34087515
2026-05-28T02:22:16.231809+00:00,,74073.09,6467.34087515
2026-05-28T02:22:16.404524+00:00,,74085.34,6467.34087515
2026-05-28T02:22:16.483207+00:00,,74085.34,6467.34087515
2026-05-28T02:22:16.656416+00:00,,74071.98,6467.34087515
2026-05-28T02:22:16.735164+00:00,,74071.98,6467.34087515
2026-05-28T02:22:16.903593+00:00,,74071.9,6467.34087515
2026-05-28T02:22:16.977582+00:00,,74071.9,6467.34087515
2026-05-28T02:22:17.230043+00:00,,74071.9,6467.34087515
2026-05-28T02:22:17.404785+00:00,,74066.0,6467.34087515
2026-05-28T02:22:17.729158+00:00,,74066.0,6467.34087515
2026-05-28T02:22:17.978500+00:00,,74066.0,6467.34087515
2026-05-28T02:22:18.158279+00:00,,74068.77,6467.34087515
2026-05-28T02:22:18.733596+00:00,,74068.77,6467.34087515
2026-05-28T02:22:18.890803+00:00,,74068.78,6467.34087515
2026-05-28T02:22:18.982549+00:00,,74068.78,6467.34087515
2026-05-28T02:22:19.232432+00:00,,74068.78,6467.34087515
2026-05-28T02:22:19.733653+00:00,,74068.78,6467.34087515
2026-05-28T02:22:19.979899+00:00,,74068.78,6467.34087515
2026-05-28T02:22:20.480058+00:00,,74068.78,6467.34087515
2026-05-28T02:22:20.655734+00:00,,74078.0,6467.34087515
2026-05-28T02:22:20.729586+00:00,,74078.0,6467.34087515
2026-05-28T02:22:20.958970+00:00,,74073.44,6467.34087515
2026-05-28T02:22:20.977764+00:00,,74073.44,6467.34087515
2026-05-28T02:22:21.228358+00:00,,74073.44,6467.34087515
2026-05-28T02:22:21.729842+00:00,,74073.44,6467.34087515
2026-05-28T02:22:21.890428+00:00,,74073.43,6467.34087515
2026-05-28T02:22:21.978632+00:00,,74073.43,6467.34087515
2026-05-28T02:22:22.152878+00:00,,74078.4,6467.34087515
2026-05-28T02:22:22.234255+00:00,,74078.4,6467.34087515
2026-05-28T02:22:22.425169+00:00,,74079.53,6467.34087515
2026-05-28T02:22:22.489046+00:00,,74079.53,6467.34087515
2026-05-28T02:22:22.733030+00:00,,74079.53,6467.34087515
2026-05-28T02:22:22.924225+00:00,,74081.99,6467.81773043
2026-05-28T02:22:22.977799+00:00,,74081.99,6467.81773043
2026-05-28T02:22:23.234838+00:00,,74081.99,6467.81773043
2026-05-28T02:22:23.476781+00:00,,74081.99,6467.81773043
2026-05-28T02:22:23.730073+00:00,,74081.99,6467.81773043
2026-05-28T02:22:23.982050+00:00,,74081.99,6467.81773043
2026-05-28T02:22:24.138358+00:00,,74081.4,6467.81773043
2026-05-28T02:22:24.239273+00:00,,74081.4,6467.81773043
2026-05-28T02:22:24.408705+00:00,,74067.18,6467.81773043
2026-05-28T02:22:24.479071+00:00,,74067.18,6467.81773043
2026-05-28T02:22:24.733633+00:00,,74067.18,6467.81773043
2026-05-28T02:22:24.977518+00:00,,74067.18,6467.81773043
2026-05-28T02:22:25.228831+00:00,,74067.18,6467.81773043
2026-05-28T02:22:25.418348+00:00,,74067.17,6467.81773043
2026-05-28T02:22:25.483795+00:00,,74067.17,6467.81773043
2026-05-28T02:22:25.734485+00:00,,74067.17,6467.81773043
2026-05-28T02:22:25.899747+00:00,,74067.18,6467.81773043
2026-05-28T02:22:25.978387+00:00,,74067.18,6467.81773043
2026-05-28T02:22:26.239352+00:00,,74067.18,6467.81773043
2026-05-28T02:22:26.483381+00:00,,74067.18,6467.81773043
2026-05-28T02:22:26.664222+00:00,,74067.17,6467.81773043
2026-05-28T02:22:26.729493+00:00,,74067.17,6467.81773043
2026-05-28T02:22:26.897159+00:00,,74067.18,6467.81773043
2026-05-28T02:22:27.412097+00:00,,74066.45,6467.81773043
2026-05-28T02:22:27.735133+00:00,,74066.45,6467.81773043
2026-05-28T02:22:27.857535+00:00,,74067.17,6467.81773043
2026-05-28T02:22:27.978526+00:00,,74067.17,6467.81773043
2026-05-28T02:22:28.477893+00:00,,74067.17,6467.81773043
2026-05-28T02:22:28.656699+00:00,,74066.45,6467.81773043
2026-05-28T02:22:28.733217+00:00,,74066.45,6467.81773043
2026-05-28T02:22:28.906415+00:00,,74067.17,6467.81773043
2026-05-28T02:22:28.979508+00:00,,74067.17,6467.81773043
2026-05-28T02:22:29.231061+00:00,,74067.17,6467.81773043
2026-05-28T02:22:29.403799+00:00,,74067.18,6467.81773043
2026-05-28T02:22:29.476078+00:00,,74067.18,6467.81773043
2026-05-28T02:22:29.659257+00:00,,74067.75,6467.81773043
2026-05-28T02:22:29.729019+00:00,,74067.75,6467.81773043
2026-05-28T02:22:29.905413+00:00,,74067.17,6467.81773043
2026-05-28T02:22:29.976833+00:00,,74067.17,6467.81773043
2026-05-28T02:22:30.478388+00:00,,74067.17,6467.81773043
2026-05-28T02:22:30.729702+00:00,,74067.17,6467.81773043
2026-05-28T02:22:30.989967+00:00,,74067.17,6467.81773043
2026-05-28T02:22:31.231972+00:00,,74067.17,6467.81773043
2026-05-28T02:22:31.478887+00:00,,74067.17,6467.81773043
2026-05-28T02:22:31.730200+00:00,,74067.17,6467.81773043
2026-05-28T02:22:31.980959+00:00,,74067.17,6467.81773043
2026-05-28T02:22:32.228303+00:00,,74067.17,6467.81773043
2026-05-28T02:22:32.477023+00:00,,74067.17,6467.81773043
2026-05-28T02:22:32.730921+00:00,,74067.17,6467.81773043
2026-05-28T02:22:32.926713+00:00,,74067.17,6470.30665406
2026-05-28T02:22:32.977084+00:00,,74067.17,6470.30665406
2026-05-28T02:22:33.232685+00:00,,74067.17,6470.30665406
2026-05-28T02:22:33.484225+00:00,,74067.17,6470.30665406
2026-05-28T02:22:33.663102+00:00,,74053.96,6470.30665406
2026-05-28T02:22:33.744113+00:00,,74053.96,6470.30665406
2026-05-28T02:22:33.900591+00:00,,74052.0,6470.30665406
2026-05-28T02:22:33.982629+00:00,,74052.0,6470.30665406
2026-05-28T02:22:34.157049+00:00,,74065.0,6470.30665406
2026-05-28T02:22:34.233096+00:00,,74065.0,6470.30665406
2026-05-28T02:22:34.477383+00:00,,74065.0,6470.30665406
2026-05-28T02:22:34.742811+00:00,,74065.0,6470.30665406
2026-05-28T02:22:34.754765+00:00,,74049.6,6470.30665406
2026-05-28T02:22:34.913229+00:00,,74047.0,6470.30665406
2026-05-28T02:22:34.981132+00:00,,74047.0,6470.30665406
2026-05-28T02:22:35.122820+00:00,,74045.83,6470.30665406
2026-05-28T02:22:35.229131+00:00,,74045.83,6470.30665406
2026-05-28T02:22:35.476838+00:00,,74045.83,6470.30665406
2026-05-28T02:22:35.731925+00:00,,74045.83,6470.30665406
2026-05-28T02:22:35.978567+00:00,,74045.83,6470.30665406
2026-05-28T02:22:36.230589+00:00,,74045.83,6470.30665406
2026-05-28T02:22:36.405633+00:00,,74045.84,6470.30665406
2026-05-28T02:22:36.478267+00:00,,74045.84,6470.30665406
2026-05-28T02:22:36.638825+00:00,,74045.83,6470.30665406
2026-05-28T02:22:36.977124+00:00,,74045.83,6470.30665406
2026-05-28T02:22:37.242599+00:00,,74045.83,6470.30665406
2026-05-28T02:22:37.512778+00:00,,74045.83,6470.30665406
2026-05-28T02:22:37.731422+00:00,,74045.83,6470.30665406
2026-05-28T02:22:37.919844+00:00,,74045.86,6470.30665406
2026-05-28T02:22:37.988323+00:00,,74045.86,6470.30665406
2026-05-28T02:22:38.199223+00:00,,74047.98,6470.30665406
2026-05-28T02:22:38.274818+00:00,,74047.98,6470.30665406
2026-05-28T02:22:38.404298+00:00,,74047.97,6470.30665406
2026-05-28T02:22:38.502238+00:00,,74047.97,6470.30665406
2026-05-28T02:22:38.730138+00:00,,74047.97,6470.30665406
2026-05-28T02:22:38.982938+00:00,,74047.97,6470.30665406
2026-05-28T02:22:39.233762+00:00,,74047.97,6470.30665406
2026-05-28T02:22:39.445737+00:00,,74056.93,6470.30665406
2026-05-28T02:22:39.588412+00:00,,74056.93,6470.30665406
2026-05-28T02:22:39.666173+00:00,,74058.21,6470.30665406
2026-05-28T02:22:39.736430+00:00,,74058.21,6470.30665406
2026-05-28T02:22:39.980881+00:00,,74058.21,6470.30665406
2026-05-28T02:22:40.236041+00:00,,74058.21,6470.30665406
2026-05-28T02:22:40.409200+00:00,,74052.64,6470.30665406
2026-05-28T02:22:40.477907+00:00,,74052.64,6470.30665406
2026-05-28T02:22:40.653276+00:00,,74052.65,6470.30665406
2026-05-28T02:22:40.733101+00:00,,74052.65,6470.30665406
2026-05-28T02:22:40.949292+00:00,,74052.64,6470.30665406
2026-05-28T02:22:40.978067+00:00,,74052.64,6470.30665406
2026-05-28T02:22:41.233761+00:00,,74052.64,6470.30665406
2026-05-28T02:22:41.409090+00:00,,74046.3,6470.30665406
2026-05-28T02:22:41.731471+00:00,,74046.3,6470.30665406
2026-05-28T02:22:41.983377+00:00,,74046.3,6470.30665406
2026-05-28T02:22:42.229132+00:00,,74046.3,6470.30665406
2026-05-28T02:22:42.479243+00:00,,74046.3,6470.30665406
2026-05-28T02:22:42.731182+00:00,,74046.3,6470.30665406
2026-05-28T02:22:42.930596+00:00,,74050.85,6483.94584081
2026-05-28T02:22:42.977435+00:00,,74050.85,6483.94584081
2026-05-28T02:22:43.176308+00:00,,74050.86,6483.94584081
2026-05-28T02:22:43.227959+00:00,,74050.86,6483.94584081
2026-05-28T02:22:43.479595+00:00,,74050.86,6483.94584081
2026-05-28T02:22:43.677586+00:00,,74050.14,6483.94584081
2026-05-28T02:22:43.733224+00:00,,74050.14,6483.94584081
2026-05-28T02:22:43.981454+00:00,,74050.14,6483.94584081
2026-05-28T02:22:44.115498+00:00,,74050.86,6483.94584081
2026-05-28T02:22:44.476875+00:00,,74050.86,6483.94584081
2026-05-28T02:22:44.732828+00:00,,74050.86,6483.94584081
2026-05-28T02:22:44.905707+00:00,,74052.02,6483.94584081
2026-05-28T02:22:44.982785+00:00,,74052.02,6483.94584081
2026-05-28T02:22:45.138737+00:00,,74052.16,6483.94584081
2026-05-28T02:22:45.231568+00:00,,74052.16,6483.94584081
2026-05-28T02:22:45.399564+00:00,,74053.0,6483.94584081
2026-05-28T02:22:45.477213+00:00,,74053.0,6483.94584081
2026-05-28T02:22:45.734725+00:00,,74053.0,6483.94584081
2026-05-28T02:22:45.899686+00:00,,74053.24,6483.94584081
2026-05-28T02:22:45.977507+00:00,,74053.24,6483.94584081
2026-05-28T02:22:46.237522+00:00,,74053.24,6483.94584081
2026-05-28T02:22:46.476887+00:00,,74053.24,6483.94584081
2026-05-28T02:22:46.649906+00:00,,74053.25,6483.94584081
2026-05-28T02:22:46.737130+00:00,,74053.25,6483.94584081
2026-05-28T02:22:46.978169+00:00,,74053.25,6483.94584081
2026-05-28T02:22:47.149584+00:00,,74053.24,6483.94584081
2026-05-28T02:22:47.227136+00:00,,74053.24,6483.94584081
2026-05-28T02:22:47.404321+00:00,,74053.25,6483.94584081
2026-05-28T02:22:47.476509+00:00,,74053.25,6483.94584081
2026-05-28T02:22:47.620074+00:00,,74053.24,6483.94584081
2026-05-28T02:22:47.729114+00:00,,74053.24,6483.94584081
2026-05-28T02:22:47.902129+00:00,,74053.25,6483.94584081
2026-05-28T02:22:47.977941+00:00,,74053.25,6483.94584081
2026-05-28T02:22:48.230917+00:00,,74053.25,6483.94584081
2026-05-28T02:22:48.382052+00:00,,74053.24,6483.94584081
2026-05-28T02:22:48.728544+00:00,,74053.24,6483.94584081
2026-05-28T02:22:49.234535+00:00,,74053.24,6483.94584081
2026-05-28T02:22:49.479620+00:00,,74053.24,6483.94584081
2026-05-28T02:22:49.978167+00:00,,74053.24,6483.94584081
2026-05-28T02:22:50.231278+00:00,,74053.24,6483.94584081
2026-05-28T02:22:50.385724+00:00,,74052.01,6483.94584081
2026-05-28T02:22:50.479437+00:00,,74052.01,6483.94584081
2026-05-28T02:22:50.948609+00:00,,74053.24,6483.94584081
2026-05-28T02:22:50.976658+00:00,,74053.24,6483.94584081
2026-05-28T02:22:51.233892+00:00,,74053.24,6483.94584081
2026-05-28T02:22:51.484818+00:00,,74053.24,6483.94584081
2026-05-28T02:22:51.730123+00:00,,74053.24,6483.94584081
2026-05-28T02:22:51.907180+00:00,,74053.25,6483.94584081
2026-05-28T02:22:51.985444+00:00,,74053.25,6483.94584081
2026-05-28T02:22:52.183719+00:00,,74059.07,6483.94584081
2026-05-28T02:22:52.480197+00:00,,74059.07,6483.94584081
2026-05-28T02:22:52.728654+00:00,,74059.07,6483.94584081
2026-05-28T02:22:52.896867+00:00,,74059.07,6484.26857858
2026-05-28T02:22:52.976494+00:00,,74059.07,6484.26857858
2026-05-28T02:22:53.231414+00:00,,74059.07,6484.26857858
2026-05-28T02:22:53.477538+00:00,,74059.07,6484.26857858
2026-05-28T02:22:53.727903+00:00,,74059.07,6484.26857858
2026-05-28T02:22:53.976420+00:00,,74059.07,6484.26857858
2026-05-28T02:22:54.229471+00:00,,74059.07,6484.26857858
2026-05-28T02:22:54.394518+00:00,,74056.99,6484.26857858
2026-05-28T02:22:54.476795+00:00,,74056.99,6484.26857858
2026-05-28T02:22:54.737803+00:00,,74056.99,6484.26857858
2026-05-28T02:22:54.976420+00:00,,74056.99,6484.26857858
2026-05-28T02:22:55.231418+00:00,,74056.99,6484.26857858
2026-05-28T02:22:55.480274+00:00,,74056.99,6484.26857858
2026-05-28T02:22:55.730570+00:00,,74056.99,6484.26857858
2026-05-28T02:22:55.982052+00:00,,74056.99,6484.26857858
2026-05-28T02:22:56.160975+00:00,,74059.08,6484.26857858
2026-05-28T02:22:56.240926+00:00,,74059.08,6484.26857858
2026-05-28T02:22:56.406648+00:00,,74059.2,6484.26857858
2026-05-28T02:22:56.479610+00:00,,74059.2,6484.26857858
2026-05-28T02:22:56.735470+00:00,,74059.2,6484.26857858
2026-05-28T02:22:56.900429+00:00,,74062.1,6484.26857858
2026-05-28T02:22:56.981602+00:00,,74062.1,6484.26857858
2026-05-28T02:22:57.151492+00:00,,74060.98,6484.26857858
2026-05-28T02:22:57.230177+00:00,,74060.98,6484.26857858
2026-05-28T02:22:57.403149+00:00,,74062.1,6484.26857858
2026-05-28T02:22:57.477464+00:00,,74062.1,6484.26857858
2026-05-28T02:22:57.730147+00:00,,74062.1,6484.26857858
2026-05-28T02:22:57.977140+00:00,,74062.1,6484.26857858
2026-05-28T02:22:57.983916+00:00,,74062.11,6484.26857858
2026-05-28T02:22:58.151200+00:00,,74062.1,6484.26857858
2026-05-28T02:22:58.229523+00:00,,74062.1,6484.26857858
2026-05-28T02:22:58.478580+00:00,,74062.1,6484.26857858
2026-05-28T02:22:58.729823+00:00,,74062.1,6484.26857858
2026-05-28T02:22:58.977222+00:00,,74062.1,6484.26857858
2026-05-28T02:22:59.229760+00:00,,74062.1,6484.26857858
2026-05-28T02:22:59.726988+00:00,,74062.1,6484.26857858
2026-05-28T02:22:59.979700+00:00,,74062.1,6484.26857858
2026-05-28T02:23:00.154005+00:00,,74062.11,6484.26857858
2026-05-28T02:23:00.229228+00:00,,74062.11,6484.26857858
2026-05-28T02:23:00.395504+00:00,,74062.87,6484.26857858
2026-05-28T02:23:00.479157+00:00,,74062.87,6484.26857858
2026-05-28T02:23:00.727716+00:00,,74062.87,6484.26857858
2026-05-28T02:23:00.948741+00:00,,74062.88,6484.26857858
2026-05-28T02:23:00.989351+00:00,,74062.88,6484.26857858
2026-05-28T02:23:01.230623+00:00,,74062.88,6484.26857858
2026-05-28T02:23:01.406044+00:00,,74062.87,6484.26857858
2026-05-28T02:23:01.485213+00:00,,74062.87,6484.26857858
2026-05-28T02:23:01.637259+00:00,,74062.1,6484.26857858
2026-05-28T02:23:01.739454+00:00,,74062.1,6484.26857858
2026-05-28T02:23:01.977689+00:00,,74062.1,6484.26857858
2026-05-28T02:23:02.152658+00:00,,74050.56,6484.26857858
2026-05-28T02:23:02.233134+00:00,,74050.56,6484.26857858
2026-05-28T02:23:02.479718+00:00,,74050.56,6484.26857858
2026-05-28T02:23:02.682251+00:00,,74050.0,6484.26857858
2026-05-28T02:23:02.825571+00:00,,74050.0,6484.26857858
2026-05-28T02:23:02.922310+00:00,,74050.04,6483.38394313
2026-05-28T02:23:03.019476+00:00,,74050.04,6483.38394313
2026-05-28T02:23:03.169434+00:00,,74049.6,6483.38394313
2026-05-28T02:23:03.230939+00:00,,74049.6,6483.38394313
2026-05-28T02:23:03.480007+00:00,,74049.6,6483.38394313
2026-05-28T02:23:03.675160+00:00,,74048.05,6483.38394313
2026-05-28T02:23:03.729463+00:00,,74048.05,6483.38394313
2026-05-28T02:23:03.909001+00:00,,74047.53,6483.38394313
2026-05-28T02:23:03.980569+00:00,,74047.53,6483.38394313
2026-05-28T02:23:04.232746+00:00,,74047.53,6483.38394313
2026-05-28T02:23:04.478548+00:00,,74047.53,6483.38394313
2026-05-28T02:23:04.742027+00:00,,74047.53,6483.38394313
2026-05-28T02:23:04.902726+00:00,,74056.23,6483.38394313
2026-05-28T02:23:04.982301+00:00,,74056.23,6483.38394313
2026-05-28T02:23:05.140161+00:00,,74056.22,6483.38394313
2026-05-28T02:23:05.238644+00:00,,74056.22,6483.38394313
2026-05-28T02:23:05.740524+00:00,,74056.22,6483.38394313
2026-05-28T02:23:05.903322+00:00,,74056.23,6483.38394313
2026-05-28T02:23:05.983337+00:00,,74056.23,6483.38394313
2026-05-28T02:23:06.241016+00:00,,74056.23,6483.38394313
2026-05-28T02:23:06.418187+00:00,,74056.22,6483.38394313
2026-05-28T02:23:06.480043+00:00,,74056.22,6483.38394313
2026-05-28T02:23:06.729855+00:00,,74056.22,6483.38394313
2026-05-28T02:23:06.977488+00:00,,74056.22,6483.38394313
2026-05-28T02:23:07.152711+00:00,,74056.23,6483.38394313
2026-05-28T02:23:07.230349+00:00,,74056.23,6483.38394313
2026-05-28T02:23:07.404697+00:00,,74056.22,6483.38394313
2026-05-28T02:23:07.481970+00:00,,74056.22,6483.38394313
2026-05-28T02:23:07.739910+00:00,,74056.22,6483.38394313
2026-05-28T02:23:07.902894+00:00,,74056.23,6483.38394313
2026-05-28T02:23:07.976479+00:00,,74056.23,6483.38394313
2026-05-28T02:23:08.230331+00:00,,74056.23,6483.38394313
2026-05-28T02:23:08.405921+00:00,,74056.22,6483.38394313
2026-05-28T02:23:08.476529+00:00,,74056.22,6483.38394313
2026-05-28T02:23:08.728621+00:00,,74056.22,6483.38394313
2026-05-28T02:23:09.228554+00:00,,74056.22,6483.38394313
2026-05-28T02:23:09.482238+00:00,,74056.22,6483.38394313
2026-05-28T02:23:09.976068+00:00,,74056.22,6483.38394313
2026-05-28T02:23:10.227912+00:00,,74056.22,6483.38394313
2026-05-28T02:23:10.729145+00:00,,74056.22,6483.38394313
2026-05-28T02:23:11.229753+00:00,,74056.22,6483.38394313
2026-05-28T02:23:11.479906+00:00,,74056.22,6483.38394313
2026-05-28T02:23:11.635102+00:00,,74056.23,6483.38394313
2026-05-28T02:23:11.735885+00:00,,74056.23,6483.38394313
2026-05-28T02:23:11.982154+00:00,,74056.23,6483.38394313
2026-05-28T02:23:12.228437+00:00,,74056.23,6483.38394313
2026-05-28T02:23:12.423547+00:00,,74056.22,6483.38394313
2026-05-28T02:23:12.475743+00:00,,74056.22,6483.38394313
2026-05-28T02:23:12.727043+00:00,,74056.22,6483.38394313
2026-05-28T02:23:12.925469+00:00,,74056.22,6485.16131372
2026-05-28T02:23:12.982459+00:00,,74056.22,6485.16131372
2026-05-28T02:23:13.116952+00:00,,74056.23,6485.16131372
2026-05-28T02:23:13.227847+00:00,,74056.23,6485.16131372
2026-05-28T02:23:13.477547+00:00,,74056.23,6485.16131372
2026-05-28T02:23:13.736389+00:00,,74056.23,6485.16131372
2026-05-28T02:23:13.907982+00:00,,74060.0,6485.16131372
2026-05-28T02:23:13.977652+00:00,,74060.0,6485.16131372
2026-05-28T02:23:14.230678+00:00,,74060.0,6485.16131372
2026-05-28T02:23:14.397058+00:00,,74056.53,6485.16131372
2026-05-28T02:23:14.477694+00:00,,74056.53,6485.16131372
2026-05-28T02:23:14.652440+00:00,,74056.57,6485.16131372
2026-05-28T02:23:14.741537+00:00,,74056.57,6485.16131372
2026-05-28T02:23:14.901618+00:00,,74056.69,6485.16131372
2026-05-28T02:23:14.977680+00:00,,74056.69,6485.16131372
2026-05-28T02:23:15.230350+00:00,,74056.69,6485.16131372
2026-05-28T02:23:15.399018+00:00,,74056.73,6485.16131372
2026-05-28T02:23:15.476700+00:00,,74056.73,6485.16131372
2026-05-28T02:23:15.606395+00:00,,74056.75,6485.16131372
2026-05-28T02:23:15.733759+00:00,,74056.75,6485.16131372
2026-05-28T02:23:15.902681+00:00,,74056.76,6485.16131372
2026-05-28T02:23:15.981308+00:00,,74056.76,6485.16131372
2026-05-28T02:23:16.164332+00:00,,74056.77,6485.16131372
2026-05-28T02:23:16.241259+00:00,,74056.77,6485.16131372
2026-05-28T02:23:16.391985+00:00,,74056.88,6485.16131372
2026-05-28T02:23:16.479282+00:00,,74056.88,6485.16131372
2026-05-28T02:23:16.652571+00:00,,74062.03,6485.16131372
2026-05-28T02:23:16.730057+00:00,,74062.03,6485.16131372
2026-05-28T02:23:16.892521+00:00,,74062.05,6485.16131372
2026-05-28T02:23:16.982731+00:00,,74062.05,6485.16131372
2026-05-28T02:23:17.229124+00:00,,74062.05,6485.16131372
2026-05-28T02:23:17.403690+00:00,,74062.18,6485.16131372
2026-05-28T02:23:17.477907+00:00,,74062.18,6485.16131372
2026-05-28T02:23:17.729292+00:00,,74062.18,6485.16131372
2026-05-28T02:23:17.978297+00:00,,74062.18,6485.16131372
2026-05-28T02:23:18.148394+00:00,,74062.19,6485.16131372
2026-05-28T02:23:18.237558+00:00,,74062.19,6485.16131372
2026-05-28T02:23:18.476788+00:00,,74062.19,6485.16131372
2026-05-28T02:23:18.728343+00:00,,74062.19,6485.16131372
2026-05-28T02:23:18.904801+00:00,,74062.2,6485.16131372
2026-05-28T02:23:18.989028+00:00,,74062.2,6485.16131372
2026-05-28T02:23:19.154810+00:00,,74062.19,6485.16131372
2026-05-28T02:23:19.232221+00:00,,74062.19,6485.16131372
2026-05-28T02:23:19.478206+00:00,,74062.19,6485.16131372
2026-05-28T02:23:19.729981+00:00,,74062.19,6485.16131372
2026-05-28T02:23:19.978567+00:00,,74062.19,6485.16131372
2026-05-28T02:23:20.150811+00:00,,74062.2,6485.16131372
2026-05-28T02:23:20.477491+00:00,,74062.2,6485.16131372
2026-05-28T02:23:20.729798+00:00,,74062.2,6485.16131372
2026-05-28T02:23:20.976435+00:00,,74062.2,6485.16131372
2026-05-28T02:23:20.977158+00:00,,74062.19,6485.16131372
2026-05-28T02:23:21.284797+00:00,,74060.04,6485.16131372
2026-05-28T02:23:21.476631+00:00,,74060.04,6485.16131372
2026-05-28T02:23:21.730249+00:00,,74060.04,6485.16131372
2026-05-28T02:23:21.982878+00:00,,74060.04,6485.16131372
2026-05-28T02:23:22.236284+00:00,,74060.04,6485.16131372
2026-05-28T02:23:22.434028+00:00,,74060.05,6485.16131372
2026-05-28T02:23:22.476648+00:00,,74060.05,6485.16131372
2026-05-28T02:23:22.677268+00:00,,74060.04,6485.16131372
2026-05-28T02:23:22.728415+00:00,,74060.04,6485.16131372
2026-05-28T02:23:22.923462+00:00,,74060.04,6485.38304701
2026-05-28T02:23:22.979021+00:00,,74060.04,6485.38304701
2026-05-28T02:23:23.229486+00:00,,74060.04,6485.38304701
2026-05-28T02:23:23.975544+00:00,,74060.04,6485.38304701
2026-05-28T02:23:24.476553+00:00,,74060.04,6485.38304701
2026-05-28T02:23:24.653143+00:00,,74053.0,6485.38304701
2026-05-28T02:23:24.729062+00:00,,74053.0,6485.38304701
2026-05-28T02:23:24.900677+00:00,,74060.05,6485.38304701
2026-05-28T02:23:24.976149+00:00,,74060.05,6485.38304701
2026-05-28T02:23:25.227929+00:00,,74060.05,6485.38304701
2026-05-28T02:23:25.478925+00:00,,74060.05,6485.38304701
2026-05-28T02:23:25.653334+00:00,,74060.04,6485.38304701
2026-05-28T02:23:25.977482+00:00,,74060.04,6485.38304701
2026-05-28T02:23:26.229692+00:00,,74060.04,6485.38304701
2026-05-28T02:23:26.729375+00:00,,74060.04,6485.38304701
2026-05-28T02:23:26.904621+00:00,,74060.05,6485.38304701
2026-05-28T02:23:26.977661+00:00,,74060.05,6485.38304701
2026-05-28T02:23:27.151779+00:00,,74060.04,6485.38304701
2026-05-28T02:23:27.234455+00:00,,74060.04,6485.38304701
2026-05-28T02:23:27.516331+00:00,,74060.04,6485.38304701
2026-05-28T02:23:27.756989+00:00,,74060.04,6485.38304701
2026-05-28T02:23:27.982098+00:00,,74060.04,6485.38304701
2026-05-28T02:23:28.229224+00:00,,74060.04,6485.38304701
2026-05-28T02:23:28.372561+00:00,,74060.05,6485.38304701
2026-05-28T02:23:28.478425+00:00,,74060.05,6485.38304701
2026-05-28T02:23:28.656905+00:00,,74060.04,6485.38304701
2026-05-28T02:23:28.976224+00:00,,74060.04,6485.38304701
2026-05-28T02:23:29.230816+00:00,,74060.04,6485.38304701
2026-05-28T02:23:29.479922+00:00,,74060.04,6485.38304701
2026-05-28T02:23:29.729724+00:00,,74060.04,6485.38304701
2026-05-28T02:23:29.978217+00:00,,74060.04,6485.38304701
2026-05-28T02:23:30.133359+00:00,,74060.05,6485.38304701
2026-05-28T02:23:30.230156+00:00,,74060.05,6485.38304701
2026-05-28T02:23:30.475707+00:00,,74060.05,6485.38304701
2026-05-28T02:23:30.651622+00:00,,74060.04,6485.38304701
2026-05-28T02:23:30.728565+00:00,,74060.04,6485.38304701
2026-05-28T02:23:30.979275+00:00,,74060.04,6485.38304701
2026-05-28T02:23:31.232177+00:00,,74060.04,6485.38304701
2026-05-28T02:23:31.480109+00:00,,74060.04,6485.38304701
2026-05-28T02:23:31.736274+00:00,,74060.04,6485.38304701
2026-05-28T02:23:31.902067+00:00,,74060.05,6485.38304701
2026-05-28T02:23:31.982391+00:00,,74060.05,6485.38304701
2026-05-28T02:23:32.233296+00:00,,74060.05,6485.38304701
2026-05-28T02:23:32.424123+00:00,,74060.04,6485.38304701
2026-05-28T02:23:32.479392+00:00,,74060.04,6485.38304701
2026-05-28T02:23:32.738779+00:00,,74060.04,6485.38304701
2026-05-28T02:23:32.929498+00:00,,74060.04,6485.66357341
2026-05-28T02:23:32.987146+00:00,,74060.04,6485.66357341
2026-05-28T02:23:33.122634+00:00,,74053.0,6485.66357341
2026-05-28T02:23:33.235840+00:00,,74053.0,6485.66357341
2026-05-28T02:23:33.477953+00:00,,74053.0,6485.66357341
2026-05-28T02:23:33.671057+00:00,,74062.82,6485.66357341
2026-05-28T02:23:33.731973+00:00,,74062.82,6485.66357341
2026-05-28T02:23:33.977509+00:00,,74062.82,6485.66357341
2026-05-28T02:23:34.230032+00:00,,74062.82,6485.66357341
2026-05-28T02:23:34.475905+00:00,,74062.82,6485.66357341
2026-05-28T02:23:34.729584+00:00,,74062.82,6485.66357341
2026-05-28T02:23:34.902339+00:00,,74062.83,6485.66357341
2026-05-28T02:23:34.979845+00:00,,74062.83,6485.66357341
2026-05-28T02:23:35.234949+00:00,,74062.83,6485.66357341
2026-05-28T02:23:35.476502+00:00,,74062.83,6485.66357341
2026-05-28T02:23:35.915124+00:00,,74062.82,6485.66357341
2026-05-28T02:23:36.477099+00:00,,74062.82,6485.66357341
2026-05-28T02:23:37.476275+00:00,,74062.82,6485.66357341
2026-05-28T02:23:37.651808+00:00,,74062.83,6485.66357341
2026-05-28T02:23:38.231394+00:00,,74062.83,6485.66357341
2026-05-28T02:23:38.477211+00:00,,74062.83,6485.66357341
2026-05-28T02:23:38.978854+00:00,,74062.83,6485.66357341
2026-05-28T02:23:39.230524+00:00,,74062.83,6485.66357341
2026-05-28T02:23:39.399377+00:00,,74062.88,6485.66357341
2026-05-28T02:23:39.729997+00:00,,74062.88,6485.66357341
2026-05-28T02:23:39.902948+00:00,,74064.68,6485.66357341
2026-05-28T02:23:40.237391+00:00,,74064.68,6485.66357341
2026-05-28T02:23:40.482455+00:00,,74064.68,6485.66357341
2026-05-28T02:23:40.648524+00:00,,74063.0,6485.66357341
2026-05-28T02:23:40.729506+00:00,,74063.0,6485.66357341
2026-05-28T02:23:40.975967+00:00,,74063.0,6485.66357341
2026-05-28T02:23:41.235043+00:00,,74063.0,6485.66357341
2026-05-28T02:23:41.484190+00:00,,74063.0,6485.66357341
2026-05-28T02:23:41.691890+00:00,,74056.74,6485.66357341
2026-05-28T02:23:41.737738+00:00,,74056.74,6485.66357341
2026-05-28T02:23:41.859137+00:00,,74054.41,6485.66357341
2026-05-28T02:23:41.980463+00:00,,74054.41,6485.66357341
2026-05-28T02:23:42.231515+00:00,,74054.41,6485.66357341
2026-05-28T02:23:42.477793+00:00,,74054.41,6485.66357341
2026-05-28T02:23:42.670848+00:00,,74054.42,6485.66357341
2026-05-28T02:23:42.729941+00:00,,74054.42,6485.66357341
2026-05-28T02:23:42.915556+00:00,,74056.41,6485.74336882
2026-05-28T02:23:42.976300+00:00,,74056.41,6485.74336882
2026-05-28T02:23:43.231057+00:00,,74056.41,6485.74336882
2026-05-28T02:23:43.479171+00:00,,74056.41,6485.74336882
2026-05-28T02:23:43.728153+00:00,,74056.41,6485.74336882
2026-05-28T02:23:43.980054+00:00,,74056.41,6485.74336882
2026-05-28T02:23:44.229629+00:00,,74056.41,6485.74336882
2026-05-28T02:23:44.410445+00:00,,74056.42,6485.74336882
2026-05-28T02:23:44.478771+00:00,,74056.42,6485.74336882
2026-05-28T02:23:44.655466+00:00,,74056.41,6485.74336882
2026-05-28T02:23:44.729707+00:00,,74056.41,6485.74336882
2026-05-28T02:23:44.985066+00:00,,74056.41,6485.74336882
2026-05-28T02:23:45.233949+00:00,,74056.41,6485.74336882
2026-05-28T02:23:45.409418+00:00,,74056.42,6485.74336882
2026-05-28T02:23:45.486113+00:00,,74056.42,6485.74336882
2026-05-28T02:23:45.737364+00:00,,74056.42,6485.74336882
2026-05-28T02:23:45.979861+00:00,,74056.42,6485.74336882
2026-05-28T02:23:46.172976+00:00,,74066.41,6485.74336882
2026-05-28T02:23:46.230830+00:00,,74066.41,6485.74336882
2026-05-28T02:23:46.412291+00:00,,74073.23,6485.74336882
2026-05-28T02:23:46.482945+00:00,,74073.23,6485.74336882
2026-05-28T02:23:46.656091+00:00,,74079.35,6485.74336882
2026-05-28T02:23:46.734317+00:00,,74079.35,6485.74336882
2026-05-28T02:23:46.903807+00:00,,74080.31,6485.74336882
2026-05-28T02:23:46.977075+00:00,,74080.31,6485.74336882
2026-05-28T02:23:47.234128+00:00,,74080.31,6485.74336882
2026-05-28T02:23:47.403243+00:00,,74083.27,6485.74336882
2026-05-28T02:23:47.480412+00:00,,74083.27,6485.74336882
2026-05-28T02:23:47.656100+00:00,,74092.09,6485.74336882
2026-05-28T02:23:47.733332+00:00,,74092.09,6485.74336882
2026-05-28T02:23:47.891148+00:00,,74093.63,6485.74336882
2026-05-28T02:23:47.985768+00:00,,74093.63,6485.74336882
2026-05-28T02:23:48.128150+00:00,,74097.59,6485.74336882
2026-05-28T02:23:48.242812+00:00,,74097.59,6485.74336882
2026-05-28T02:23:48.476846+00:00,,74097.59,6485.74336882
2026-05-28T02:23:48.653830+00:00,,74096.38,6485.74336882
2026-05-28T02:23:48.730204+00:00,,74096.38,6485.74336882
2026-05-28T02:23:48.908145+00:00,,74096.39,6485.74336882
2026-05-28T02:23:48.983526+00:00,,74096.39,6485.74336882
2026-05-28T02:23:49.162237+00:00,,74096.38,6485.74336882
2026-05-28T02:23:49.479172+00:00,,74096.38,6485.74336882
2026-05-28T02:23:49.730664+00:00,,74096.38,6485.74336882
2026-05-28T02:23:49.906745+00:00,,74096.39,6485.74336882
2026-05-28T02:23:49.983256+00:00,,74096.39,6485.74336882
2026-05-28T02:23:50.139363+00:00,,74096.38,6485.74336882
2026-05-28T02:23:50.231642+00:00,,74096.38,6485.74336882
2026-05-28T02:23:50.477817+00:00,,74096.38,6485.74336882
2026-05-28T02:23:50.728931+00:00,,74096.38,6485.74336882
2026-05-28T02:23:50.978509+00:00,,74096.38,6485.74336882
2026-05-28T02:23:51.526157+00:00,,74096.38,6485.74336882
2026-05-28T02:23:51.661280+00:00,,74098.59,6485.74336882
2026-05-28T02:23:51.731984+00:00,,74098.59,6485.74336882
2026-05-28T02:23:51.978716+00:00,,74098.59,6485.74336882
2026-05-28T02:23:52.180714+00:00,,74099.71,6485.74336882
2026-05-28T02:23:52.231334+00:00,,74099.71,6485.74336882
2026-05-28T02:23:52.445941+00:00,,74099.99,6485.74336882
2026-05-28T02:23:52.477666+00:00,,74099.99,6485.74336882
2026-05-28T02:23:52.936768+00:00,,74099.99,6486.53734807
2026-05-28T02:23:52.981340+00:00,,74099.99,6486.53734807
2026-05-28T02:23:53.234679+00:00,,74099.99,6486.53734807
2026-05-28T02:23:53.438461+00:00,,74105.0,6486.53734807
2026-05-28T02:23:53.479193+00:00,,74105.0,6486.53734807
2026-05-28T02:23:53.677048+00:00,,74107.19,6486.53734807
2026-05-28T02:23:53.729057+00:00,,74107.19,6486.53734807
2026-05-28T02:23:53.977874+00:00,,74107.19,6486.53734807
2026-05-28T02:23:54.132741+00:00,,74107.2,6486.53734807
2026-05-28T02:23:54.237407+00:00,,74107.2,6486.53734807
2026-05-28T02:23:54.476529+00:00,,74107.2,6486.53734807
2026-05-28T02:23:54.655921+00:00,,74107.19,6486.53734807
2026-05-28T02:23:54.728202+00:00,,74107.19,6486.53734807
2026-05-28T02:23:54.977643+00:00,,74107.19,6486.53734807
2026-05-28T02:23:55.158551+00:00,,74107.2,6486.53734807
2026-05-28T02:23:55.229870+00:00,,74107.2,6486.53734807
2026-05-28T02:23:55.405326+00:00,,74107.73,6486.53734807
2026-05-28T02:23:55.477061+00:00,,74107.73,6486.53734807
2026-05-28T02:23:55.651364+00:00,,74110.0,6486.53734807
2026-05-28T02:23:55.729032+00:00,,74110.0,6486.53734807
2026-05-28T02:23:55.976910+00:00,,74110.0,6486.53734807
2026-05-28T02:23:56.231713+00:00,,74110.0,6486.53734807
2026-05-28T02:23:56.730400+00:00,,74110.0,6486.53734807
2026-05-28T02:23:56.884257+00:00,,74107.19,6486.53734807
2026-05-28T02:23:56.982409+00:00,,74107.19,6486.53734807
2026-05-28T02:23:57.151730+00:00,,74105.07,6486.53734807
2026-05-28T02:23:57.235927+00:00,,74105.07,6486.53734807
2026-05-28T02:23:57.368038+00:00,,74103.71,6486.53734807
2026-05-28T02:23:57.738316+00:00,,74103.71,6486.53734807
2026-05-28T02:23:57.902907+00:00,,74103.72,6486.53734807
2026-05-28T02:23:57.981870+00:00,,74103.72,6486.53734807
2026-05-28T02:23:58.156164+00:00,,74108.25,6486.53734807
2026-05-28T02:23:58.235343+00:00,,74108.25,6486.53734807
2026-05-28T02:23:58.403289+00:00,,74109.7,6486.53734807
2026-05-28T02:23:58.482196+00:00,,74109.7,6486.53734807
2026-05-28T02:23:58.654219+00:00,,74109.71,6486.53734807
2026-05-28T02:23:58.736857+00:00,,74109.71,6486.53734807
2026-05-28T02:23:58.901523+00:00,,74109.7,6486.53734807
2026-05-28T02:23:58.981867+00:00,,74109.7,6486.53734807
2026-05-28T02:23:59.230719+00:00,,74109.7,6486.53734807
2026-05-28T02:23:59.479601+00:00,,74109.7,6486.53734807
2026-05-28T02:23:59.661645+00:00,,74112.0,6486.53734807
2026-05-28T02:23:59.736342+00:00,,74112.0,6486.53734807
2026-05-28T02:23:59.905044+00:00,,74116.79,6486.53734807
2026-05-28T02:23:59.976586+00:00,,74116.79,6486.53734807
2026-05-28T02:24:00.232470+00:00,,74116.79,6486.53734807
2026-05-28T02:24:00.403181+00:00,,74118.0,6486.53734807
2026-05-28T02:24:00.478567+00:00,,74118.0,6486.53734807
2026-05-28T02:24:00.989470+00:00,,74118.0,6486.53734807
2026-05-28T02:24:01.147382+00:00,,74112.01,6486.53734807
2026-05-28T02:24:01.230756+00:00,,74112.01,6486.53734807
2026-05-28T02:24:01.476200+00:00,,74112.01,6486.53734807
2026-05-28T02:24:01.728173+00:00,,74112.01,6486.53734807
2026-05-28T02:24:01.977606+00:00,,74112.01,6486.53734807
2026-05-28T02:24:02.230969+00:00,,74112.01,6486.53734807
2026-05-28T02:24:02.476833+00:00,,74112.01,6486.53734807
2026-05-28T02:24:02.632417+00:00,,74105.99,6486.53734807
2026-05-28T02:24:02.731579+00:00,,74105.99,6486.53734807
2026-05-28T02:24:02.919120+00:00,,74106.16,6484.39413799
2026-05-28T02:24:02.979082+00:00,,74106.16,6484.39413799
2026-05-28T02:24:03.232781+00:00,,74106.16,6484.39413799
2026-05-28T02:24:03.401185+00:00,,74103.71,6484.39413799
2026-05-28T02:24:03.476146+00:00,,74103.71,6484.39413799
2026-05-28T02:24:03.732535+00:00,,74103.71,6484.39413799
2026-05-28T02:24:03.981359+00:00,,74103.71,6484.39413799
2026-05-28T02:24:04.142421+00:00,,74103.61,6484.39413799
2026-05-28T02:24:04.478000+00:00,,74103.61,6484.39413799
2026-05-28T02:24:04.735531+00:00,,74103.61,6484.39413799
2026-05-28T02:24:04.977198+00:00,,74103.61,6484.39413799
2026-05-28T02:24:05.229924+00:00,,74103.61,6484.39413799
2026-05-28T02:24:05.475445+00:00,,74103.61,6484.39413799
2026-05-28T02:24:05.730259+00:00,,74103.61,6484.39413799
2026-05-28T02:24:05.978214+00:00,,74103.61,6484.39413799
2026-05-28T02:24:06.161420+00:00,,74103.62,6484.39413799
2026-05-28T02:24:06.230707+00:00,,74103.62,6484.39413799
2026-05-28T02:24:06.401482+00:00,,74103.61,6484.39413799
2026-05-28T02:24:06.481112+00:00,,74103.61,6484.39413799
2026-05-28T02:24:06.630843+00:00,,74100.77,6484.39413799
2026-05-28T02:24:06.730470+00:00,,74100.77,6484.39413799
2026-05-28T02:24:06.980915+00:00,,74100.77,6484.39413799
2026-05-28T02:24:07.014076+00:00,,74099.99,6484.39413799
2026-05-28T02:24:07.140657+00:00,,74100.0,6484.39413799
2026-05-28T02:24:07.374452+00:00,,74099.99,6484.39413799
2026-05-28T02:24:07.981988+00:00,,74099.99,6484.39413799
2026-05-28T02:24:08.161565+00:00,,74103.61,6484.39413799
2026-05-28T02:24:08.232302+00:00,,74103.61,6484.39413799
2026-05-28T02:24:08.480328+00:00,,74103.61,6484.39413799
2026-05-28T02:24:08.704615+00:00,,74104.96,6484.39413799
2026-05-28T02:24:08.734896+00:00,,74104.96,6484.39413799
2026-05-28T02:24:08.977591+00:00,,74104.96,6484.39413799
2026-05-28T02:24:09.154567+00:00,,74104.97,6484.39413799
2026-05-28T02:24:09.247993+00:00,,74104.97,6484.39413799
2026-05-28T02:24:09.492646+00:00,,74104.97,6484.39413799
2026-05-28T02:24:09.717632+00:00,,74107.16,6484.39413799
2026-05-28T02:24:09.733308+00:00,,74107.16,6484.39413799
2026-05-28T02:24:09.914283+00:00,,74107.32,6484.39413799
2026-05-28T02:24:09.981129+00:00,,74107.32,6484.39413799
2026-05-28T02:24:10.137505+00:00,,74109.04,6484.39413799
2026-05-28T02:24:10.344280+00:00,,74109.04,6484.39413799
2026-05-28T02:24:10.548528+00:00,,74109.04,6484.39413799
2026-05-28T02:24:10.635649+00:00,,74108.9,6484.39413799
2026-05-28T02:24:10.985776+00:00,,74108.9,6484.39413799
2026-05-28T02:24:11.159217+00:00,,74108.1,6484.39413799
2026-05-28T02:24:11.232346+00:00,,74108.1,6484.39413799
2026-05-28T02:24:11.480264+00:00,,74108.1,6484.39413799
2026-05-28T02:24:11.657300+00:00,,74108.91,6484.39413799
2026-05-28T02:24:11.733704+00:00,,74108.91,6484.39413799
2026-05-28T02:24:11.888154+00:00,,74108.9,6484.39413799
2026-05-28T02:24:11.976114+00:00,,74108.9,6484.39413799
2026-05-28T02:24:12.479856+00:00,,74108.9,6484.39413799
2026-05-28T02:24:12.730033+00:00,,74108.9,6484.39413799
2026-05-28T02:24:12.921907+00:00,,74108.9,6484.84038607
2026-05-28T02:24:12.979306+00:00,,74108.9,6484.84038607
2026-05-28T02:24:13.228455+00:00,,74108.9,6484.84038607
2026-05-28T02:24:13.475773+00:00,,74108.9,6484.84038607
2026-05-28T02:24:13.729437+00:00,,74108.9,6484.84038607
2026-05-28T02:24:13.976158+00:00,,74108.9,6484.84038607
2026-05-28T02:24:14.155352+00:00,,74103.24,6484.84038607
2026-05-28T02:24:14.477944+00:00,,74103.24,6484.84038607
2026-05-28T02:24:14.652834+00:00,,74106.36,6484.84038607
2026-05-28T02:24:14.775315+00:00,,74106.36,6484.84038607
2026-05-28T02:24:14.905813+00:00,,74106.37,6484.84038607
2026-05-28T02:24:15.019253+00:00,,74106.37,6484.84038607
2026-05-28T02:24:15.235289+00:00,,74106.37,6484.84038607
2026-05-28T02:24:15.400702+00:00,,74106.36,6484.84038607
2026-05-28T02:24:15.482682+00:00,,74106.36,6484.84038607
2026-05-28T02:24:15.734218+00:00,,74106.36,6484.84038607
2026-05-28T02:24:15.903402+00:00,,74099.99,6484.84038607
2026-05-28T02:24:15.978951+00:00,,74099.99,6484.84038607
2026-05-28T02:24:16.229165+00:00,,74099.99,6484.84038607
2026-05-28T02:24:16.368516+00:00,,74100.48,6484.84038607
2026-05-28T02:24:16.480905+00:00,,74100.48,6484.84038607
2026-05-28T02:24:16.655434+00:00,,74100.46,6484.84038607
2026-05-28T02:24:16.730834+00:00,,74100.46,6484.84038607
2026-05-28T02:24:16.904711+00:00,,74098.38,6484.84038607
2026-05-28T02:24:16.976890+00:00,,74098.38,6484.84038607
2026-05-28T02:24:17.239889+00:00,,74098.38,6484.84038607
2026-05-28T02:24:17.476436+00:00,,74098.38,6484.84038607
2026-05-28T02:24:17.657268+00:00,,74103.82,6484.84038607
2026-05-28T02:24:17.732696+00:00,,74103.82,6484.84038607
2026-05-28T02:24:17.885700+00:00,,74106.62,6484.84038607
2026-05-28T02:24:17.976891+00:00,,74106.62,6484.84038607
2026-05-28T02:24:18.230311+00:00,,74106.62,6484.84038607
2026-05-28T02:24:18.383730+00:00,,74106.73,6484.84038607
2026-05-28T02:24:18.478442+00:00,,74106.73,6484.84038607
2026-05-28T02:24:18.612014+00:00,,74106.7,6484.84038607
2026-05-28T02:24:18.732463+00:00,,74106.7,6484.84038607
2026-05-28T02:24:18.976777+00:00,,74106.7,6484.84038607
2026-05-28T02:24:19.231590+00:00,,74106.7,6484.84038607
2026-05-28T02:24:19.388562+00:00,,74107.99,6484.84038607
2026-05-28T02:24:19.478186+00:00,,74107.99,6484.84038607
2026-05-28T02:24:19.731354+00:00,,74107.99,6484.84038607
2026-05-28T02:24:19.976048+00:00,,74107.99,6484.84038607
2026-05-28T02:24:20.479594+00:00,,74107.99,6484.84038607
2026-05-28T02:24:20.732318+00:00,,74107.99,6484.84038607
2026-05-28T02:24:20.978789+00:00,,74107.99,6484.84038607
2026-05-28T02:24:21.156317+00:00,,74100.46,6484.84038607
2026-05-28T02:24:21.230908+00:00,,74100.46,6484.84038607
2026-05-28T02:24:21.476488+00:00,,74100.46,6484.84038607
2026-05-28T02:24:21.729888+00:00,,74100.46,6484.84038607
2026-05-28T02:24:21.976066+00:00,,74100.46,6484.84038607
2026-05-28T02:24:22.188190+00:00,,74100.42,6484.84038607
2026-05-28T02:24:22.235110+00:00,,74100.42,6484.84038607
2026-05-28T02:24:22.423119+00:00,,74100.43,6484.84038607
2026-05-28T02:24:22.479688+00:00,,74100.43,6484.84038607
2026-05-28T02:24:22.643804+00:00,,74100.42,6484.84038607
2026-05-28T02:24:22.733382+00:00,,74100.42,6484.84038607
2026-05-28T02:24:22.925560+00:00,,74100.43,6486.3274477
2026-05-28T02:24:22.979875+00:00,,74100.43,6486.3274477
2026-05-28T02:24:23.174819+00:00,,74100.42,6486.3274477
2026-05-28T02:24:23.234523+00:00,,74100.42,6486.3274477
2026-05-28T02:24:23.732730+00:00,,74100.42,6486.3274477
2026-05-28T02:24:23.980887+00:00,,74100.42,6486.3274477
2026-05-28T02:24:24.240604+00:00,,74100.42,6486.3274477
2026-05-28T02:24:24.730100+00:00,,74100.42,6486.3274477
2026-05-28T02:24:24.977472+00:00,,74100.42,6486.3274477
2026-05-28T02:24:25.232351+00:00,,74100.42,6486.3274477
2026-05-28T02:24:25.728465+00:00,,74100.42,6486.3274477
2026-05-28T02:24:25.975993+00:00,,74100.42,6486.3274477
2026-05-28T02:24:26.158243+00:00,,74100.43,6486.3274477
2026-05-28T02:24:26.229501+00:00,,74100.43,6486.3274477
2026-05-28T02:24:26.389636+00:00,,74100.42,6486.3274477
2026-05-28T02:24:26.476815+00:00,,74100.42,6486.3274477
2026-05-28T02:24:26.728265+00:00,,74100.42,6486.3274477
2026-05-28T02:24:26.908155+00:00,,74097.62,6486.3274477
2026-05-28T02:24:26.977548+00:00,,74097.62,6486.3274477
2026-05-28T02:24:27.228048+00:00,,74097.62,6486.3274477
2026-05-28T02:24:27.399618+00:00,,74097.6,6486.3274477
2026-05-28T02:24:27.731499+00:00,,74097.6,6486.3274477
2026-05-28T02:24:27.861365+00:00,,74097.61,6486.3274477
2026-05-28T02:24:27.978442+00:00,,74097.61,6486.3274477
2026-05-28T02:24:28.235348+00:00,,74097.61,6486.3274477
2026-05-28T02:24:28.402372+00:00,,74090.1,6486.3274477
2026-05-28T02:24:28.480937+00:00,,74090.1,6486.3274477
2026-05-28T02:24:28.658449+00:00,,74084.0,6486.3274477
2026-05-28T02:24:28.734331+00:00,,74084.0,6486.3274477
2026-05-28T02:24:28.977849+00:00,,74084.0,6486.3274477
2026-05-28T02:24:29.157297+00:00,,74085.29,6486.3274477
2026-05-28T02:24:29.232500+00:00,,74085.29,6486.3274477
2026-05-28T02:24:29.394756+00:00,,74085.28,6486.3274477
2026-05-28T02:24:29.480319+00:00,,74085.28,6486.3274477
2026-05-28T02:24:29.653598+00:00,,74085.27,6486.3274477
2026-05-28T02:24:29.730273+00:00,,74085.27,6486.3274477
2026-05-28T02:24:30.229376+00:00,,74085.27,6486.3274477
2026-05-28T02:24:30.477521+00:00,,74085.27,6486.3274477
2026-05-28T02:24:30.729603+00:00,,74085.27,6486.3274477
2026-05-28T02:24:30.948752+00:00,,74085.26,6486.3274477
2026-05-28T02:24:31.477137+00:00,,74085.26,6486.3274477
2026-05-28T02:24:31.736594+00:00,,74085.26,6486.3274477
2026-05-28T02:24:31.907603+00:00,,74085.27,6486.3274477
2026-05-28T02:24:31.978466+00:00,,74085.27,6486.3274477
2026-05-28T02:24:32.171990+00:00,,74085.26,6486.3274477
2026-05-28T02:24:32.228178+00:00,,74085.26,6486.3274477
2026-05-28T02:24:32.478788+00:00,,74085.26,6486.3274477
2026-05-28T02:24:32.654433+00:00,,74089.18,6486.3274477
2026-05-28T02:24:32.732565+00:00,,74089.18,6486.3274477
2026-05-28T02:24:32.924288+00:00,,74085.27,6486.85678578
2026-05-28T02:24:32.975579+00:00,,74085.27,6486.85678578
2026-05-28T02:24:33.476015+00:00,,74085.27,6486.85678578
2026-05-28T02:24:33.728787+00:00,,74085.27,6486.85678578
2026-05-28T02:24:33.907857+00:00,,74085.26,6486.85678578
2026-05-28T02:24:33.977912+00:00,,74085.26,6486.85678578
2026-05-28T02:24:34.153638+00:00,,74085.27,6486.85678578
2026-05-28T02:24:34.227509+00:00,,74085.27,6486.85678578
2026-05-28T02:24:34.478239+00:00,,74085.27,6486.85678578
2026-05-28T02:24:34.739180+00:00,,74085.27,6486.85678578
2026-05-28T02:24:34.977994+00:00,,74085.27,6486.85678578
2026-05-28T02:24:35.169184+00:00,,74085.26,6486.85678578
2026-05-28T02:24:35.232473+00:00,,74085.26,6486.85678578
2026-05-28T02:24:35.403828+00:00,,74085.27,6486.85678578
2026-05-28T02:24:35.477342+00:00,,74085.27,6486.85678578
2026-05-28T02:24:35.977197+00:00,,74085.27,6486.85678578
2026-05-28T02:24:36.147608+00:00,,74085.26,6486.85678578
2026-05-28T02:24:36.229212+00:00,,74085.26,6486.85678578
2026-05-28T02:24:36.405216+00:00,,74088.0,6486.85678578
2026-05-28T02:24:36.477059+00:00,,74088.0,6486.85678578
2026-05-28T02:24:36.673639+00:00,,74087.87,6486.85678578
2026-05-28T02:24:36.733264+00:00,,74087.87,6486.85678578
2026-05-28T02:24:36.980516+00:00,,74087.87,6486.85678578
2026-05-28T02:24:37.150170+00:00,,74087.84,6486.85678578
2026-05-28T02:24:37.228169+00:00,,74087.84,6486.85678578
2026-05-28T02:24:37.475939+00:00,,74087.84,6486.85678578
2026-05-28T02:24:37.728070+00:00,,74087.84,6486.85678578
2026-05-28T02:24:37.885297+00:00,,74087.14,6486.85678578
2026-05-28T02:24:37.976650+00:00,,74087.14,6486.85678578
2026-05-28T02:24:38.151170+00:00,,74087.15,6486.85678578
2026-05-28T02:24:38.229789+00:00,,74087.15,6486.85678578
2026-05-28T02:24:38.477512+00:00,,74087.15,6486.85678578
2026-05-28T02:24:38.653707+00:00,,74087.19,6486.85678578
2026-05-28T02:24:38.735359+00:00,,74087.19,6486.85678578
2026-05-28T02:24:38.976074+00:00,,74087.19,6486.85678578
2026-05-28T02:24:39.148855+00:00,,74086.91,6486.85678578
2026-05-28T02:24:39.230370+00:00,,74086.91,6486.85678578
2026-05-28T02:24:39.400421+00:00,,74086.92,6486.85678578
2026-05-28T02:24:39.477187+00:00,,74086.92,6486.85678578
2026-05-28T02:24:39.983249+00:00,,74086.92,6486.85678578
2026-05-28T02:24:40.277261+00:00,,74086.92,6486.85678578
2026-05-28T02:24:40.419538+00:00,,74086.91,6486.85678578
2026-05-28T02:24:40.498420+00:00,,74086.91,6486.85678578
2026-05-28T02:24:40.728638+00:00,,74086.91,6486.85678578
2026-05-28T02:24:40.976821+00:00,,74086.91,6486.85678578
2026-05-28T02:24:41.147553+00:00,,74086.92,6486.85678578
2026-05-28T02:24:41.233416+00:00,,74086.92,6486.85678578
2026-05-28T02:24:41.405873+00:00,,74086.91,6486.85678578
2026-05-28T02:24:41.976510+00:00,,74086.91,6486.85678578
2026-05-28T02:24:42.178119+00:00,,74086.92,6486.85678578
2026-05-28T02:24:42.227965+00:00,,74086.92,6486.85678578
2026-05-28T02:24:42.407448+00:00,,74086.91,6486.85678578
2026-05-28T02:24:42.729975+00:00,,74086.91,6486.85678578
2026-05-28T02:24:42.926772+00:00,,74086.91,6487.20136922
2026-05-28T02:24:42.975333+00:00,,74086.91,6487.20136922
2026-05-28T02:24:43.178846+00:00,,74086.92,6487.20136922
2026-05-28T02:24:43.231785+00:00,,74086.92,6487.20136922
2026-05-28T02:24:43.478612+00:00,,74086.92,6487.20136922
2026-05-28T02:24:43.728828+00:00,,74086.92,6487.20136922
2026-05-28T02:24:44.227721+00:00,,74086.92,6487.20136922
2026-05-28T02:24:44.475805+00:00,,74086.92,6487.20136922
2026-05-28T02:24:44.649424+00:00,,74086.91,6487.20136922
2026-05-28T02:24:44.745232+00:00,,74086.91,6487.20136922
2026-05-28T02:24:44.902867+00:00,,74086.92,6487.20136922
2026-05-28T02:24:44.976140+00:00,,74086.92,6487.20136922
2026-05-28T02:24:45.153373+00:00,,74086.91,6487.20136922
2026-05-28T02:24:45.227309+00:00,,74086.91,6487.20136922
2026-05-28T02:24:45.407056+00:00,,74086.92,6487.20136922
2026-05-28T02:24:45.476064+00:00,,74086.92,6487.20136922
2026-05-28T02:24:45.728864+00:00,,74086.92,6487.20136922
2026-05-28T02:24:45.977807+00:00,,74086.92,6487.20136922
2026-05-28T02:24:46.228639+00:00,,74086.92,6487.20136922
2026-05-28T02:24:46.479528+00:00,,74086.92,6487.20136922
2026-05-28T02:24:46.728373+00:00,,74086.92,6487.20136922
2026-05-28T02:24:46.982340+00:00,,74086.92,6487.20136922
2026-05-28T02:24:47.233536+00:00,,74086.92,6487.20136922
2026-05-28T02:24:47.478348+00:00,,74086.92,6487.20136922
2026-05-28T02:24:47.653045+00:00,,74087.07,6487.20136922
2026-05-28T02:24:47.733176+00:00,,74087.07,6487.20136922
2026-05-28T02:24:47.975526+00:00,,74087.07,6487.20136922
2026-05-28T02:24:48.156523+00:00,,74087.06,6487.20136922
2026-05-28T02:24:48.237307+00:00,,74087.06,6487.20136922
2026-05-28T02:24:48.366929+00:00,,74087.07,6487.20136922
2026-05-28T02:24:48.477922+00:00,,74087.07,6487.20136922
2026-05-28T02:24:48.649861+00:00,,74090.0,6487.20136922
2026-05-28T02:24:48.729078+00:00,,74090.0,6487.20136922
2026-05-28T02:24:48.902084+00:00,,74090.41,6487.20136922
2026-05-28T02:24:48.983620+00:00,,74090.41,6487.20136922
2026-05-28T02:24:49.158230+00:00,,74093.25,6487.20136922
2026-05-28T02:24:49.229752+00:00,,74093.25,6487.20136922
2026-05-28T02:24:49.477571+00:00,,74093.25,6487.20136922
2026-05-28T02:24:49.733239+00:00,,74093.25,6487.20136922
2026-05-28T02:24:49.976003+00:00,,74093.25,6487.20136922
2026-05-28T02:24:50.229445+00:00,,74093.25,6487.20136922
2026-05-28T02:24:50.406568+00:00,,74093.24,6487.20136922
2026-05-28T02:24:50.480820+00:00,,74093.24,6487.20136922
2026-05-28T02:24:50.654487+00:00,,74089.19,6487.20136922
2026-05-28T02:24:50.733163+00:00,,74089.19,6487.20136922
2026-05-28T02:24:50.947507+00:00,,74093.24,6487.20136922
2026-05-28T02:24:51.480966+00:00,,74093.24,6487.20136922
2026-05-28T02:24:51.734093+00:00,,74093.24,6487.20136922
2026-05-28T02:24:51.987038+00:00,,74093.24,6487.20136922
2026-05-28T02:24:52.155373+00:00,,74093.25,6487.20136922
2026-05-28T02:24:52.234402+00:00,,74093.25,6487.20136922
2026-05-28T02:24:52.480186+00:00,,74093.25,6487.20136922
2026-05-28T02:24:52.856946+00:00,,74093.25,6487.25307754
2026-05-28T02:24:52.979920+00:00,,74093.25,6487.25307754
2026-05-28T02:24:53.229441+00:00,,74093.25,6487.25307754
2026-05-28T02:24:53.483226+00:00,,74093.25,6487.25307754
2026-05-28T02:24:53.682361+00:00,,74093.24,6487.25307754
2026-05-28T02:24:53.976244+00:00,,74093.24,6487.25307754
2026-05-28T02:24:54.231038+00:00,,74093.24,6487.25307754
2026-05-28T02:24:54.253631+00:00,,74093.25,6487.25307754
2026-05-28T02:24:54.479433+00:00,,74093.25,6487.25307754
2026-05-28T02:24:54.657766+00:00,,74093.24,6487.25307754
2026-05-28T02:24:54.730174+00:00,,74093.24,6487.25307754
2026-05-28T02:24:54.977397+00:00,,74093.24,6487.25307754
2026-05-28T02:24:55.476469+00:00,,74093.24,6487.25307754
2026-05-28T02:24:55.728893+00:00,,74093.24,6487.25307754
2026-05-28T02:24:56.976453+00:00,,74093.24,6487.25307754
2026-05-28T02:24:57.153745+00:00,,74093.25,6487.25307754
2026-05-28T02:24:57.231747+00:00,,74093.25,6487.25307754
2026-05-28T02:24:57.406759+00:00,,74093.24,6487.25307754
2026-05-28T02:24:57.476601+00:00,,74093.24,6487.25307754
2026-05-28T02:24:57.642923+00:00,,74089.19,6487.25307754
2026-05-28T02:24:58.232846+00:00,,74089.19,6487.25307754
2026-05-28T02:24:58.396065+00:00,,74093.25,6487.25307754
2026-05-28T02:24:58.476407+00:00,,74093.25,6487.25307754
2026-05-28T02:24:58.975591+00:00,,74093.25,6487.25307754
2026-05-28T02:24:59.156715+00:00,,74093.24,6487.25307754
2026-05-28T02:24:59.226629+00:00,,74093.24,6487.25307754
2026-05-28T02:24:59.638787+00:00,,74089.19,6487.25307754
2026-05-28T02:24:59.730600+00:00,,74089.19,6487.25307754
2026-05-28T02:24:59.975835+00:00,,74089.19,6487.25307754
2026-05-28T02:25:00.228567+00:00,,74089.19,6487.25307754
2026-05-28T02:25:00.476116+00:00,,74089.19,6487.25307754
2026-05-28T02:25:00.644870+00:00,,74093.24,6487.25307754
2026-05-28T02:25:00.733719+00:00,,74093.24,6487.25307754
2026-05-28T02:25:00.978871+00:00,,74093.24,6487.25307754
2026-05-28T02:25:01.233990+00:00,,74093.24,6487.25307754
2026-05-28T02:25:01.405708+00:00,,74105.0,6487.25307754
2026-05-28T02:25:01.481856+00:00,,74105.0,6487.25307754
2026-05-28T02:25:01.656110+00:00,,74107.19,6487.25307754
2026-05-28T02:25:01.730402+00:00,,74107.19,6487.25307754
2026-05-28T02:25:01.978967+00:00,,74107.19,6487.25307754
2026-05-28T02:25:02.174322+00:00,,74106.01,6487.25307754
2026-05-28T02:25:02.233183+00:00,,74106.01,6487.25307754
2026-05-28T02:25:02.478412+00:00,,74106.01,6487.25307754
2026-05-28T02:25:02.671828+00:00,,74105.99,6487.25307754
2026-05-28T02:25:02.729753+00:00,,74105.99,6487.25307754
2026-05-28T02:25:02.926837+00:00,,74105.99,6485.60545654
2026-05-28T02:25:02.984219+00:00,,74105.99,6485.60545654
2026-05-28T02:25:03.192300+00:00,,74106.0,6485.60545654
2026-05-28T02:25:03.233467+00:00,,74106.0,6485.60545654
2026-05-28T02:25:03.426479+00:00,,74102.71,6485.60545654
2026-05-28T02:25:03.485878+00:00,,74102.71,6485.60545654
2026-05-28T02:25:03.729839+00:00,,74102.71,6485.60545654
2026-05-28T02:25:03.907049+00:00,,74111.92,6485.60545654
2026-05-28T02:25:03.984978+00:00,,74111.92,6485.60545654
2026-05-28T02:25:04.157972+00:00,,74110.87,6485.60545654
2026-05-28T02:25:04.236735+00:00,,74110.87,6485.60545654
2026-05-28T02:25:04.402352+00:00,,74108.0,6485.60545654
2026-05-28T02:25:04.478978+00:00,,74108.0,6485.60545654
2026-05-28T02:25:04.731171+00:00,,74108.0,6485.60545654
2026-05-28T02:25:04.874207+00:00,,74108.01,6485.60545654
2026-05-28T02:25:04.981902+00:00,,74108.01,6485.60545654
2026-05-28T02:25:05.158152+00:00,,74108.0,6485.60545654
2026-05-28T02:25:05.232952+00:00,,74108.0,6485.60545654
2026-05-28T02:25:05.477767+00:00,,74108.0,6485.60545654
2026-05-28T02:25:05.732856+00:00,,74108.0,6485.60545654
2026-05-28T02:25:05.895854+00:00,,74108.01,6485.60545654
2026-05-28T02:25:06.127004+00:00,,74108.01,6485.60545654
2026-05-28T02:25:06.155162+00:00,,74114.99,6485.60545654
2026-05-28T02:25:06.383580+00:00,,74114.99,6485.60545654
2026-05-28T02:25:06.406024+00:00,,74105.07,6485.60545654
2026-05-28T02:25:06.553802+00:00,,74105.07,6485.60545654
2026-05-28T02:25:06.650807+00:00,,74116.8,6485.60545654
2026-05-28T02:25:06.735398+00:00,,74116.8,6485.60545654
2026-05-28T02:25:06.861001+00:00,,74124.62,6485.60545654
2026-05-28T02:25:06.976596+00:00,,74124.62,6485.60545654
2026-05-28T02:25:07.149270+00:00,,74126.39,6485.60545654
2026-05-28T02:25:07.229945+00:00,,74126.39,6485.60545654
2026-05-28T02:25:07.480393+00:00,,74126.39,6485.60545654
2026-05-28T02:25:07.728803+00:00,,74126.39,6485.60545654
2026-05-28T02:25:07.976317+00:00,,74126.39,6485.60545654
2026-05-28T02:25:08.229682+00:00,,74126.39,6485.60545654
2026-05-28T02:25:08.479282+00:00,,74126.39,6485.60545654
2026-05-28T02:25:08.974687+00:00,,74126.39,6485.60545654
2026-05-28T02:25:09.477749+00:00,,74126.39,6485.60545654
2026-05-28T02:25:10.240767+00:00,,74126.39,6485.60545654
2026-05-28T02:25:10.370732+00:00,,74124.96,6485.60545654
2026-05-28T02:25:10.480132+00:00,,74124.96,6485.60545654
2026-05-28T02:25:10.731441+00:00,,74124.96,6485.60545654
2026-05-28T02:25:10.969679+00:00,,74117.74,6485.60545654
2026-05-28T02:25:10.977705+00:00,,74117.74,6485.60545654
2026-05-28T02:25:11.229261+00:00,,74117.74,6485.60545654
2026-05-28T02:25:11.476213+00:00,,74117.74,6485.60545654
2026-05-28T02:25:11.732536+00:00,,74117.74,6485.60545654
2026-05-28T02:25:11.900738+00:00,,74120.0,6485.60545654
2026-05-28T02:25:11.977542+00:00,,74120.0,6485.60545654
2026-05-28T02:25:12.179454+00:00,,74122.92,6485.60545654
2026-05-28T02:25:12.228011+00:00,,74122.92,6485.60545654
2026-05-28T02:25:12.480262+00:00,,74122.92,6485.60545654
2026-05-28T02:25:12.673991+00:00,,74122.0,6485.60545654
2026-05-28T02:25:12.728610+00:00,,74122.0,6485.60545654
2026-05-28T02:25:12.919977+00:00,,74122.92,6486.20597039
2026-05-28T02:25:12.982793+00:00,,74122.92,6486.20597039
2026-05-28T02:25:13.120805+00:00,,74122.93,6486.20597039
2026-05-28T02:25:13.232222+00:00,,74122.93,6486.20597039
2026-05-28T02:25:13.430391+00:00,,74122.92,6486.20597039
2026-05-28T02:25:13.732044+00:00,,74122.92,6486.20597039
2026-05-28T02:25:13.909004+00:00,,74124.97,6486.20597039
2026-05-28T02:25:13.981710+00:00,,74124.97,6486.20597039
2026-05-28T02:25:14.133470+00:00,,74125.64,6486.20597039
2026-05-28T02:25:14.478749+00:00,,74125.64,6486.20597039
2026-05-28T02:25:14.729701+00:00,,74125.64,6486.20597039
2026-05-28T02:25:14.976508+00:00,,74125.64,6486.20597039
2026-05-28T02:25:15.239087+00:00,,74125.64,6486.20597039
2026-05-28T02:25:15.403337+00:00,,74125.65,6486.20597039
2026-05-28T02:25:15.480525+00:00,,74125.65,6486.20597039
2026-05-28T02:25:15.653987+00:00,,74125.64,6486.20597039
2026-05-28T02:25:15.727907+00:00,,74125.64,6486.20597039
2026-05-28T02:25:15.976566+00:00,,74125.64,6486.20597039
2026-05-28T02:25:16.232839+00:00,,74125.64,6486.20597039
2026-05-28T02:25:16.475801+00:00,,74125.64,6486.20597039
2026-05-28T02:25:16.650939+00:00,,74125.65,6486.20597039
2026-05-28T02:25:16.728195+00:00,,74125.65,6486.20597039
2026-05-28T02:25:16.885495+00:00,,74125.64,6486.20597039
2026-05-28T02:25:16.976418+00:00,,74125.64,6486.20597039
2026-05-28T02:25:17.162764+00:00,,74125.65,6486.20597039
2026-05-28T02:25:17.228381+00:00,,74125.65,6486.20597039
2026-05-28T02:25:17.729908+00:00,,74125.65,6486.20597039
2026-05-28T02:25:17.978382+00:00,,74125.65,6486.20597039
2026-05-28T02:25:18.153742+00:00,,74125.64,6486.20597039
2026-05-28T02:25:18.227456+00:00,,74125.64,6486.20597039
2026-05-28T02:25:18.734715+00:00,,74125.64,6486.20597039
2026-05-28T02:25:18.894417+00:00,,74122.36,6486.20597039
2026-05-28T02:25:18.985622+00:00,,74122.36,6486.20597039
2026-05-28T02:25:19.152293+00:00,,74119.98,6486.20597039
2026-05-28T02:25:19.238470+00:00,,74119.98,6486.20597039
2026-05-28T02:25:19.480614+00:00,,74119.98,6486.20597039
2026-05-28T02:25:19.647861+00:00,,74122.36,6486.20597039
2026-05-28T02:25:19.736505+00:00,,74122.36,6486.20597039
2026-05-28T02:25:19.982120+00:00,,74122.36,6486.20597039
2026-05-28T02:25:20.235045+00:00,,74122.36,6486.20597039
2026-05-28T02:25:20.404370+00:00,,74125.64,6486.20597039
2026-05-28T02:25:20.481223+00:00,,74125.64,6486.20597039
2026-05-28T02:25:20.979945+00:00,,74125.64,6486.20597039
2026-05-28T02:25:21.151340+00:00,,74125.65,6486.20597039
2026-05-28T02:25:21.480437+00:00,,74125.65,6486.20597039
2026-05-28T02:25:21.609426+00:00,,74125.64,6486.20597039
2026-05-28T02:25:21.734535+00:00,,74125.64,6486.20597039
2026-05-28T02:25:21.988963+00:00,,74125.64,6486.20597039
2026-05-28T02:25:22.171771+00:00,,74126.46,6486.20597039
2026-05-28T02:25:22.230996+00:00,,74126.46,6486.20597039
2026-05-28T02:25:22.438458+00:00,,74129.36,6486.20597039
2026-05-28T02:25:22.478859+00:00,,74129.36,6486.20597039
2026-05-28T02:25:22.730419+00:00,,74129.36,6486.20597039
2026-05-28T02:25:22.932811+00:00,,74129.35,6486.51450392
2026-05-28T02:25:22.978995+00:00,,74129.35,6486.51450392
2026-05-28T02:25:23.230724+00:00,,74129.35,6486.51450392
2026-05-28T02:25:23.476586+00:00,,74129.35,6486.51450392
2026-05-28T02:25:23.734429+00:00,,74129.35,6486.51450392
2026-05-28T02:25:23.913426+00:00,,74129.36,6486.51450392
2026-05-28T02:25:23.979491+00:00,,74129.36,6486.51450392
2026-05-28T02:25:24.159757+00:00,,74135.99,6486.51450392
2026-05-28T02:25:24.233715+00:00,,74135.99,6486.51450392
2026-05-28T02:25:24.480898+00:00,,74135.99,6486.51450392
2026-05-28T02:25:24.652944+00:00,,74134.29,6486.51450392
2026-05-28T02:25:24.732733+00:00,,74134.29,6486.51450392
2026-05-28T02:25:24.977327+00:00,,74134.29,6486.51450392
2026-05-28T02:25:25.229986+00:00,,74134.29,6486.51450392
2026-05-28T02:25:25.404282+00:00,,74134.3,6486.51450392
2026-05-28T02:25:25.479958+00:00,,74134.3,6486.51450392
2026-05-28T02:25:25.729107+00:00,,74134.3,6486.51450392
2026-05-28T02:25:25.899975+00:00,,74134.29,6486.51450392
2026-05-28T02:25:25.997392+00:00,,74134.29,6486.51450392
2026-05-28T02:25:26.124084+00:00,,74134.7,6486.51450392
2026-05-28T02:25:26.231784+00:00,,74134.7,6486.51450392
2026-05-28T02:25:26.477287+00:00,,74134.7,6486.51450392
2026-05-28T02:25:26.651877+00:00,,74134.73,6486.51450392
2026-05-28T02:25:26.731396+00:00,,74134.73,6486.51450392
2026-05-28T02:25:26.923812+00:00,,74134.74,6486.51450392
2026-05-28T02:25:26.983634+00:00,,74134.74,6486.51450392
2026-05-28T02:25:27.475323+00:00,,74134.74,6486.51450392
2026-05-28T02:25:27.653263+00:00,,74134.76,6486.51450392
2026-05-28T02:25:27.733844+00:00,,74134.76,6486.51450392
2026-05-28T02:25:27.902035+00:00,,74134.75,6486.51450392
2026-05-28T02:25:28.228020+00:00,,74134.75,6486.51450392
2026-05-28T02:25:28.401819+00:00,,74136.0,6486.51450392
2026-05-28T02:25:28.477021+00:00,,74136.0,6486.51450392
2026-05-28T02:25:28.652769+00:00,,74135.79,6486.51450392
2026-05-28T02:25:28.735163+00:00,,74135.79,6486.51450392
2026-05-28T02:25:28.900259+00:00,,74135.78,6486.51450392
2026-05-28T02:25:28.978963+00:00,,74135.78,6486.51450392
2026-05-28T02:25:29.244869+00:00,,74135.78,6486.51450392
2026-05-28T02:25:29.477402+00:00,,74135.78,6486.51450392
2026-05-28T02:25:29.656228+00:00,,74134.76,6486.51450392
2026-05-28T02:25:29.731507+00:00,,74134.76,6486.51450392
2026-05-28T02:25:29.977080+00:00,,74134.76,6486.51450392
2026-05-28T02:25:30.150230+00:00,,74138.44,6486.51450392
2026-05-28T02:25:30.237279+00:00,,74138.44,6486.51450392
2026-05-28T02:25:30.476742+00:00,,74138.44,6486.51450392
2026-05-28T02:25:30.653996+00:00,,74139.94,6486.51450392
2026-05-28T02:25:30.730195+00:00,,74139.94,6486.51450392
2026-05-28T02:25:30.949825+00:00,,74139.56,6486.51450392
2026-05-28T02:25:31.041262+00:00,,74139.56,6486.51450392
2026-05-28T02:25:31.232286+00:00,,74139.56,6486.51450392
2026-05-28T02:25:31.382223+00:00,,74139.57,6486.51450392
2026-05-28T02:25:31.477434+00:00,,74139.57,6486.51450392
2026-05-28T02:25:31.729143+00:00,,74139.57,6486.51450392
2026-05-28T02:25:31.978693+00:00,,74139.57,6486.51450392
2026-05-28T02:25:32.170658+00:00,,74139.78,6486.51450392
2026-05-28T02:25:32.478844+00:00,,74139.78,6486.51450392
2026-05-28T02:25:32.727846+00:00,,74139.78,6486.51450392
2026-05-28T02:25:32.919488+00:00,,74139.78,6486.67091062
2026-05-28T02:25:32.977641+00:00,,74139.78,6486.67091062
2026-05-28T02:25:33.174501+00:00,,74139.79,6486.67091062
2026-05-28T02:25:33.238006+00:00,,74139.79,6486.67091062
2026-05-28T02:25:33.415103+00:00,,74130.0,6486.67091062
2026-05-28T02:25:33.477657+00:00,,74130.0,6486.67091062
2026-05-28T02:25:33.730806+00:00,,74130.0,6486.67091062
2026-05-28T02:25:33.978279+00:00,,74130.0,6486.67091062
2026-05-28T02:25:34.229888+00:00,,74130.0,6486.67091062
2026-05-28T02:25:34.477278+00:00,,74130.0,6486.67091062
2026-05-28T02:25:34.653311+00:00,,74139.95,6486.67091062
2026-05-28T02:25:34.977876+00:00,,74139.95,6486.67091062
2026-05-28T02:25:35.237075+00:00,,74139.95,6486.67091062
2026-05-28T02:25:35.402025+00:00,,74136.92,6486.67091062
2026-05-28T02:25:35.478048+00:00,,74136.92,6486.67091062
2026-05-28T02:25:35.619267+00:00,,74134.29,6486.67091062
2026-05-28T02:25:35.732843+00:00,,74134.29,6486.67091062
2026-05-28T02:25:35.978863+00:00,,74134.29,6486.67091062
2026-05-28T02:25:36.163037+00:00,,74132.49,6486.67091062
2026-05-28T02:25:36.230570+00:00,,74132.49,6486.67091062
2026-05-28T02:25:36.404971+00:00,,74126.01,6486.67091062
2026-05-28T02:25:36.477876+00:00,,74126.01,6486.67091062
2026-05-28T02:25:36.653038+00:00,,74124.13,6486.67091062
2026-05-28T02:25:36.735606+00:00,,74124.13,6486.67091062
2026-05-28T02:25:36.981077+00:00,,74124.13,6486.67091062
2026-05-28T02:25:37.154504+00:00,,74125.87,6486.67091062
2026-05-28T02:25:37.230154+00:00,,74125.87,6486.67091062
2026-05-28T02:25:37.428229+00:00,,74125.03,6486.67091062
2026-05-28T02:25:37.731089+00:00,,74125.03,6486.67091062
2026-05-28T02:25:37.975748+00:00,,74125.03,6486.67091062
2026-05-28T02:25:38.230633+00:00,,74125.03,6486.67091062
2026-05-28T02:25:38.481714+00:00,,74125.03,6486.67091062
2026-05-28T02:25:38.729403+00:00,,74125.03,6486.67091062
2026-05-28T02:25:38.977664+00:00,,74125.03,6486.67091062
2026-05-28T02:25:39.151085+00:00,,74125.02,6486.67091062
2026-05-28T02:25:39.229483+00:00,,74125.02,6486.67091062
2026-05-28T02:25:39.404221+00:00,,74125.03,6486.67091062
2026-05-28T02:25:39.477647+00:00,,74125.03,6486.67091062
2026-05-28T02:25:39.729286+00:00,,74125.03,6486.67091062
2026-05-28T02:25:40.000333+00:00,,74125.03,6486.67091062
2026-05-28T02:25:40.229038+00:00,,74125.03,6486.67091062
2026-05-28T02:25:40.476556+00:00,,74125.03,6486.67091062
2026-05-28T02:25:40.730429+00:00,,74125.03,6486.67091062
2026-05-28T02:25:40.977281+00:00,,74125.03,6486.67091062
2026-05-28T02:25:41.232783+00:00,,74125.03,6486.67091062
2026-05-28T02:25:41.729148+00:00,,74125.03,6486.67091062
2026-05-28T02:25:42.231725+00:00,,74125.03,6486.67091062
2026-05-28T02:25:42.480331+00:00,,74125.03,6486.67091062
2026-05-28T02:25:42.730613+00:00,,74125.03,6486.67091062
2026-05-28T02:25:42.933916+00:00,,74125.03,6487.94075867
2026-05-28T02:25:42.979822+00:00,,74125.03,6487.94075867
2026-05-28T02:25:43.178768+00:00,,74125.02,6487.94075867
2026-05-28T02:25:43.230622+00:00,,74125.02,6487.94075867
2026-05-28T02:25:43.673074+00:00,,74125.03,6487.94075867
2026-05-28T02:25:43.739903+00:00,,74125.03,6487.94075867
2026-05-28T02:25:43.978559+00:00,,74125.03,6487.94075867
2026-05-28T02:25:44.228881+00:00,,74125.03,6487.94075867
2026-05-28T02:25:44.480949+00:00,,74125.03,6487.94075867
2026-05-28T02:25:44.737118+00:00,,74125.03,6487.94075867
2026-05-28T02:25:44.905158+00:00,,74121.61,6487.94075867
2026-05-28T02:25:44.985509+00:00,,74121.61,6487.94075867
2026-05-28T02:25:45.167027+00:00,,74121.6,6487.94075867
2026-05-28T02:25:45.227602+00:00,,74121.6,6487.94075867
2026-05-28T02:25:45.733491+00:00,,74121.6,6487.94075867
2026-05-28T02:25:45.866594+00:00,,74121.61,6487.94075867
2026-05-28T02:25:45.976726+00:00,,74121.61,6487.94075867
2026-05-28T02:25:46.166881+00:00,,74121.6,6487.94075867
2026-05-28T02:25:46.229450+00:00,,74121.6,6487.94075867
2026-05-28T02:25:46.381146+00:00,,74121.61,6487.94075867
2026-05-28T02:25:46.730385+00:00,,74121.61,6487.94075867
2026-05-28T02:25:47.484313+00:00,,74121.61,6487.94075867
2026-05-28T02:25:47.732174+00:00,,74121.61,6487.94075867
2026-05-28T02:25:47.981307+00:00,,74121.61,6487.94075867
2026-05-28T02:25:48.232810+00:00,,74121.61,6487.94075867
2026-05-28T02:25:48.480139+00:00,,74121.61,6487.94075867
2026-05-28T02:25:48.903776+00:00,,74129.99,6487.94075867
2026-05-28T02:25:48.980635+00:00,,74129.99,6487.94075867
2026-05-28T02:25:49.232651+00:00,,74129.99,6487.94075867
2026-05-28T02:25:49.402221+00:00,,74121.61,6487.94075867
2026-05-28T02:25:49.480548+00:00,,74121.61,6487.94075867
2026-05-28T02:25:49.734759+00:00,,74121.61,6487.94075867
2026-05-28T02:25:49.885174+00:00,,74121.6,6487.94075867
2026-05-28T02:25:50.481394+00:00,,74121.6,6487.94075867
2026-05-28T02:25:50.734382+00:00,,74121.6,6487.94075867
2026-05-28T02:25:50.951354+00:00,,74121.61,6487.94075867
2026-05-28T02:25:50.977212+00:00,,74121.61,6487.94075867
2026-05-28T02:25:51.234708+00:00,,74121.61,6487.94075867
2026-05-28T02:25:51.405382+00:00,,74121.6,6487.94075867
2026-05-28T02:25:51.481924+00:00,,74121.6,6487.94075867
2026-05-28T02:25:51.658095+00:00,,74119.0,6487.94075867
2026-05-28T02:25:51.733575+00:00,,74119.0,6487.94075867
2026-05-28T02:25:51.890698+00:00,,74119.99,6487.94075867
2026-05-28T02:25:51.979255+00:00,,74119.99,6487.94075867
2026-05-28T02:25:52.170439+00:00,,74119.97,6487.94075867
2026-05-28T02:25:52.230971+00:00,,74119.97,6487.94075867
2026-05-28T02:25:52.427522+00:00,,74119.96,6487.94075867
2026-05-28T02:25:52.482072+00:00,,74119.96,6487.94075867
2026-05-28T02:25:52.685431+00:00,,74118.02,6487.94075867
2026-05-28T02:25:52.731353+00:00,,74118.02,6487.94075867
2026-05-28T02:25:52.930786+00:00,,74118.02,6488.01475572
2026-05-28T02:25:52.981091+00:00,,74118.02,6488.01475572
2026-05-28T02:25:53.230476+00:00,,74118.02,6488.01475572
2026-05-28T02:25:53.430663+00:00,,74120.8,6488.01475572
2026-05-28T02:25:53.476199+00:00,,74120.8,6488.01475572
2026-05-28T02:25:53.679145+00:00,,74120.35,6488.01475572
2026-05-28T02:25:53.733571+00:00,,74120.35,6488.01475572
2026-05-28T02:25:53.900386+00:00,,74120.8,6488.01475572
2026-05-28T02:25:53.976974+00:00,,74120.8,6488.01475572
2026-05-28T02:25:54.232704+00:00,,74120.8,6488.01475572
2026-05-28T02:25:54.479105+00:00,,74120.8,6488.01475572
2026-05-28T02:25:54.658047+00:00,,74120.81,6488.01475572
2026-05-28T02:25:54.736063+00:00,,74120.81,6488.01475572
2026-05-28T02:25:54.900203+00:00,,74123.7,6488.01475572
2026-05-28T02:25:55.230496+00:00,,74123.7,6488.01475572
2026-05-28T02:25:55.425506+00:00,,74125.02,6488.01475572
2026-05-28T02:25:55.481401+00:00,,74125.02,6488.01475572
2026-05-28T02:25:55.656772+00:00,,74130.0,6488.01475572
2026-05-28T02:25:55.731894+00:00,,74130.0,6488.01475572
2026-05-28T02:25:56.229634+00:00,,74130.0,6488.01475572
2026-05-28T02:25:56.395894+00:00,,74130.75,6488.01475572
2026-05-28T02:25:56.476599+00:00,,74130.75,6488.01475572
2026-05-28T02:25:56.763352+00:00,,74130.75,6488.01475572
2026-05-28T02:25:56.901500+00:00,,74130.74,6488.01475572
2026-05-28T02:25:57.041753+00:00,,74130.74,6488.01475572
2026-05-28T02:25:57.231359+00:00,,74130.74,6488.01475572
2026-05-28T02:25:57.403381+00:00,,74130.75,6488.01475572
2026-05-28T02:25:57.477540+00:00,,74130.75,6488.01475572
2026-05-28T02:25:57.728904+00:00,,74130.75,6488.01475572
2026-05-28T02:25:57.901442+00:00,,74130.74,6488.01475572
2026-05-28T02:25:57.979665+00:00,,74130.74,6488.01475572
2026-05-28T02:25:58.151191+00:00,,74128.46,6488.01475572
2026-05-28T02:25:58.238985+00:00,,74128.46,6488.01475572
2026-05-28T02:25:58.383646+00:00,,74125.63,6488.01475572
2026-05-28T02:25:58.477777+00:00,,74125.63,6488.01475572
2026-05-28T02:25:58.729211+00:00,,74125.63,6488.01475572
2026-05-28T02:25:58.859884+00:00,,74125.02,6488.01475572
2026-05-28T02:25:58.982397+00:00,,74125.02,6488.01475572
2026-05-28T02:25:59.229786+00:00,,74125.02,6488.01475572
2026-05-28T02:25:59.400560+00:00,,74125.04,6488.01475572
2026-05-28T02:25:59.478896+00:00,,74125.04,6488.01475572
2026-05-28T02:25:59.981641+00:00,,74125.04,6488.01475572
2026-05-28T02:26:00.120472+00:00,,74125.09,6488.01475572
2026-05-28T02:26:00.234215+00:00,,74125.09,6488.01475572
2026-05-28T02:26:00.415737+00:00,,74124.56,6488.01475572
2026-05-28T02:26:00.479074+00:00,,74124.56,6488.01475572
2026-05-28T02:26:00.652713+00:00,,74120.8,6488.01475572
2026-05-28T02:26:00.729937+00:00,,74120.8,6488.01475572
2026-05-28T02:26:00.951853+00:00,,74119.96,6488.01475572
2026-05-28T02:26:00.978094+00:00,,74119.96,6488.01475572
2026-05-28T02:26:01.235201+00:00,,74119.96,6488.01475572
2026-05-28T02:26:01.377895+00:00,,74119.97,6488.01475572
2026-05-28T02:26:01.476880+00:00,,74119.97,6488.01475572
2026-05-28T02:26:01.649955+00:00,,74119.96,6488.01475572
2026-05-28T02:26:01.730963+00:00,,74119.96,6488.01475572
2026-05-28T02:26:01.977958+00:00,,74119.96,6488.01475572
2026-05-28T02:26:02.172624+00:00,,74119.97,6488.01475572
2026-05-28T02:26:02.233020+00:00,,74119.97,6488.01475572
2026-05-28T02:26:02.416751+00:00,,74118.01,6488.01475572
2026-05-28T02:26:02.480237+00:00,,74118.01,6488.01475572
2026-05-28T02:26:02.730448+00:00,,74118.01,6488.01475572
2026-05-28T02:26:02.926012+00:00,,74106.77,6486.07719038
2026-05-28T02:26:02.977383+00:00,,74106.77,6486.07719038
2026-05-28T02:26:03.477929+00:00,,74106.77,6486.07719038
2026-05-28T02:26:03.678830+00:00,,74115.42,6486.07719038
2026-05-28T02:26:03.729374+00:00,,74115.42,6486.07719038
2026-05-28T02:26:03.906448+00:00,,74115.43,6486.07719038
2026-05-28T02:26:04.476079+00:00,,74115.43,6486.07719038
2026-05-28T02:26:04.729242+00:00,,74115.43,6486.07719038
2026-05-28T02:26:05.229003+00:00,,74115.43,6486.07719038
2026-05-28T02:26:05.410515+00:00,,74115.42,6486.07719038
2026-05-28T02:26:05.480060+00:00,,74115.42,6486.07719038
2026-05-28T02:26:05.733943+00:00,,74115.42,6486.07719038
2026-05-28T02:26:05.978790+00:00,,74115.42,6486.07719038
2026-05-28T02:26:06.236009+00:00,,74115.42,6486.07719038
2026-05-28T02:26:06.408908+00:00,,74108.01,6486.07719038
2026-05-28T02:26:06.491092+00:00,,74108.01,6486.07719038
2026-05-28T02:26:06.730717+00:00,,74108.01,6486.07719038
2026-05-28T02:26:06.909505+00:00,,74107.21,6486.07719038
2026-05-28T02:26:06.978801+00:00,,74107.21,6486.07719038
2026-05-28T02:26:07.252735+00:00,,74107.21,6486.07719038
2026-05-28T02:26:07.415181+00:00,,74107.38,6486.07719038
2026-05-28T02:26:07.733777+00:00,,74107.38,6486.07719038
2026-05-28T02:26:08.238702+00:00,,74107.38,6486.07719038
2026-05-28T02:26:08.406700+00:00,,74103.62,6486.07719038
2026-05-28T02:26:08.481331+00:00,,74103.62,6486.07719038
2026-05-28T02:26:08.637785+00:00,,74097.61,6486.07719038
2026-05-28T02:26:08.732459+00:00,,74097.61,6486.07719038
2026-05-28T02:26:08.978727+00:00,,74097.61,6486.07719038
2026-05-28T02:26:09.229536+00:00,,74097.61,6486.07719038
2026-05-28T02:26:09.482297+00:00,,74097.61,6486.07719038
2026-05-28T02:26:09.659012+00:00,,74097.6,6486.07719038
2026-05-28T02:26:09.978600+00:00,,74097.6,6486.07719038
2026-05-28T02:26:10.155989+00:00,,74097.61,6486.07719038
2026-05-28T02:26:10.228403+00:00,,74097.61,6486.07719038
2026-05-28T02:26:10.476494+00:00,,74097.61,6486.07719038
2026-05-28T02:26:10.619574+00:00,,74097.6,6486.07719038
2026-05-28T02:26:10.732376+00:00,,74097.6,6486.07719038
2026-05-28T02:26:10.976885+00:00,,74097.6,6486.07719038
2026-05-28T02:26:11.155168+00:00,,74093.38,6486.07719038
2026-05-28T02:26:11.227233+00:00,,74093.38,6486.07719038
2026-05-28T02:26:11.477217+00:00,,74093.38,6486.07719038
2026-05-28T02:26:11.627983+00:00,,74093.32,6486.07719038
2026-05-28T02:26:11.730062+00:00,,74093.32,6486.07719038
2026-05-28T02:26:11.979399+00:00,,74093.32,6486.07719038
2026-05-28T02:26:12.174395+00:00,,74092.8,6486.07719038
2026-05-28T02:26:12.228981+00:00,,74092.8,6486.07719038
2026-05-28T02:26:12.476354+00:00,,74092.8,6486.07719038
2026-05-28T02:26:12.675032+00:00,,74091.34,6486.07719038
2026-05-28T02:26:12.728951+00:00,,74091.34,6486.07719038
2026-05-28T02:26:12.932310+00:00,,74091.34,6488.54736856
2026-05-28T02:26:13.230280+00:00,,74091.34,6488.54736856
2026-05-28T02:26:13.475729+00:00,,74091.34,6488.54736856
2026-05-28T02:26:13.731167+00:00,,74091.34,6488.54736856
2026-05-28T02:26:13.913297+00:00,,74091.31,6488.54736856
2026-05-28T02:26:13.976662+00:00,,74091.31,6488.54736856
2026-05-28T02:26:14.133768+00:00,,74091.34,6488.54736856
2026-05-28T02:26:14.231754+00:00,,74091.34,6488.54736856
2026-05-28T02:26:14.478055+00:00,,74091.34,6488.54736856
2026-05-28T02:26:14.737393+00:00,,74091.34,6488.54736856
2026-05-28T02:26:14.883633+00:00,,74091.33,6488.54736856
2026-05-28T02:26:14.981254+00:00,,74091.33,6488.54736856
2026-05-28T02:26:15.234983+00:00,,74091.33,6488.54736856
2026-05-28T02:26:15.481890+00:00,,74091.33,6488.54736856
2026-05-28T02:26:15.654458+00:00,,74091.32,6488.54736856
2026-05-28T02:26:15.737553+00:00,,74091.32,6488.54736856
2026-05-28T02:26:15.980057+00:00,,74091.32,6488.54736856
2026-05-28T02:26:16.481168+00:00,,74091.32,6488.54736856
2026-05-28T02:26:16.982418+00:00,,74091.32,6488.54736856
2026-05-28T02:26:17.476626+00:00,,74091.32,6488.54736856
2026-05-28T02:26:17.633317+00:00,,74093.99,6488.54736856
2026-05-28T02:26:17.728250+00:00,,74093.99,6488.54736856
2026-05-28T02:26:17.976004+00:00,,74093.99,6488.54736856
2026-05-28T02:26:18.153517+00:00,,74093.21,6488.54736856
2026-05-28T02:26:18.232274+00:00,,74093.21,6488.54736856
2026-05-28T02:26:18.403638+00:00,,74093.2,6488.54736856
2026-05-28T02:26:18.476479+00:00,,74093.2,6488.54736856
2026-05-28T02:26:18.736525+00:00,,74093.2,6488.54736856
2026-05-28T02:26:18.879640+00:00,,74093.21,6488.54736856
2026-05-28T02:26:18.976801+00:00,,74093.21,6488.54736856
2026-05-28T02:26:19.229187+00:00,,74093.21,6488.54736856
2026-05-28T02:26:19.479454+00:00,,74093.21,6488.54736856
2026-05-28T02:26:19.655006+00:00,,74093.2,6488.54736856
2026-05-28T02:26:19.728195+00:00,,74093.2,6488.54736856
2026-05-28T02:26:19.977177+00:00,,74093.2,6488.54736856
2026-05-28T02:26:20.144371+00:00,,74093.21,6488.54736856
2026-05-28T02:26:20.228626+00:00,,74093.21,6488.54736856
2026-05-28T02:26:20.476472+00:00,,74093.21,6488.54736856
2026-05-28T02:26:20.655962+00:00,,74093.2,6488.54736856
2026-05-28T02:26:21.227126+00:00,,74093.2,6488.54736856
2026-05-28T02:26:21.389228+00:00,,74093.99,6488.54736856
2026-05-28T02:26:21.477323+00:00,,74093.99,6488.54736856
2026-05-28T02:26:21.634364+00:00,,74093.2,6488.54736856
2026-05-28T02:26:21.730837+00:00,,74093.2,6488.54736856
2026-05-28T02:26:21.976869+00:00,,74093.2,6488.54736856
2026-05-28T02:26:22.178877+00:00,,74093.21,6488.54736856
2026-05-28T02:26:22.228260+00:00,,74093.21,6488.54736856
2026-05-28T02:26:22.501744+00:00,,74093.21,6488.54736856
2026-05-28T02:26:22.699070+00:00,,74093.2,6488.54736856
2026-05-28T02:26:22.875117+00:00,,74093.2,6488.80734758
2026-05-28T02:26:22.980722+00:00,,74093.2,6488.80734758
2026-05-28T02:26:23.173686+00:00,,74093.21,6488.80734758
2026-05-28T02:26:23.235341+00:00,,74093.21,6488.80734758
2026-05-28T02:26:23.477571+00:00,,74093.21,6488.80734758
2026-05-28T02:26:23.728050+00:00,,74093.21,6488.80734758
2026-05-28T02:26:23.982415+00:00,,74093.21,6488.80734758
2026-05-28T02:26:24.230389+00:00,,74093.21,6488.80734758
2026-05-28T02:26:24.478093+00:00,,74093.21,6488.80734758
2026-05-28T02:26:24.631140+00:00,,74096.9,6488.80734758
2026-05-28T02:26:24.734352+00:00,,74096.9,6488.80734758
2026-05-28T02:26:24.877869+00:00,,74097.61,6488.80734758
2026-05-28T02:26:24.976930+00:00,,74097.61,6488.80734758
2026-05-28T02:26:25.151001+00:00,,74102.39,6488.80734758
2026-05-28T02:26:25.234302+00:00,,74102.39,6488.80734758
2026-05-28T02:26:25.388937+00:00,,74097.86,6488.80734758
2026-05-28T02:26:25.481058+00:00,,74097.86,6488.80734758
2026-05-28T02:26:25.607244+00:00,,74099.0,6488.80734758
2026-05-28T02:26:25.730569+00:00,,74099.0,6488.80734758
2026-05-28T02:26:25.899790+00:00,,74097.99,6488.80734758
2026-05-28T02:26:25.978867+00:00,,74097.99,6488.80734758
2026-05-28T02:26:26.477212+00:00,,74097.99,6488.80734758
2026-05-28T02:26:26.977399+00:00,,74097.99,6488.80734758
2026-05-28T02:26:27.232590+00:00,,74097.99,6488.80734758
2026-05-28T02:26:27.479732+00:00,,74097.99,6488.80734758
2026-05-28T02:26:27.633816+00:00,,74094.0,6488.80734758
2026-05-28T02:26:27.736902+00:00,,74094.0,6488.80734758
2026-05-28T02:26:27.977399+00:00,,74094.0,6488.80734758
2026-05-28T02:26:28.229318+00:00,,74094.0,6488.80734758
2026-05-28T02:26:28.448247+00:00,,74093.99,6488.80734758
2026-05-28T02:26:28.729356+00:00,,74093.99,6488.80734758
2026-05-28T02:26:28.937805+00:00,,74094.0,6488.80734758
2026-05-28T02:26:29.235316+00:00,,74094.0,6488.80734758
2026-05-28T02:26:29.424402+00:00,,74095.0,6488.80734758
2026-05-28T02:26:29.483698+00:00,,74095.0,6488.80734758
2026-05-28T02:26:29.662683+00:00,,74095.26,6488.80734758
2026-05-28T02:26:29.729997+00:00,,74095.26,6488.80734758
2026-05-28T02:26:29.982918+00:00,,74095.26,6488.80734758
2026-05-28T02:26:30.107850+00:00,,74095.24,6488.80734758
2026-05-28T02:26:30.231702+00:00,,74095.24,6488.80734758
2026-05-28T02:26:30.404274+00:00,,74097.42,6488.80734758
2026-05-28T02:26:30.478974+00:00,,74097.42,6488.80734758
2026-05-28T02:26:30.729875+00:00,,74097.42,6488.80734758
2026-05-28T02:26:30.991333+00:00,,74097.42,6488.80734758
2026-05-28T02:26:31.134984+00:00,,74099.25,6488.80734758
2026-05-28T02:26:31.230313+00:00,,74099.25,6488.80734758
2026-05-28T02:26:31.479395+00:00,,74099.25,6488.80734758
2026-05-28T02:26:31.733903+00:00,,74099.25,6488.80734758
2026-05-28T02:26:31.866701+00:00,,74097.99,6488.80734758
2026-05-28T02:26:31.979174+00:00,,74097.99,6488.80734758
2026-05-28T02:26:32.227225+00:00,,74097.99,6488.80734758
2026-05-28T02:26:32.478118+00:00,,74097.99,6488.80734758
2026-05-28T02:26:32.930735+00:00,,74097.99,6488.97621031
2026-05-28T02:26:33.234236+00:00,,74097.99,6488.97621031
2026-05-28T02:26:33.430431+00:00,,74098.0,6488.97621031
2026-05-28T02:26:33.479212+00:00,,74098.0,6488.97621031
2026-05-28T02:26:33.729072+00:00,,74098.0,6488.97621031
2026-05-28T02:26:34.229158+00:00,,74098.0,6488.97621031
2026-05-28T02:26:34.475177+00:00,,74098.0,6488.97621031
2026-05-28T02:26:34.728300+00:00,,74098.0,6488.97621031
2026-05-28T02:26:34.975708+00:00,,74098.0,6488.97621031
2026-05-28T02:26:35.476715+00:00,,74098.0,6488.97621031
2026-05-28T02:26:35.647766+00:00,,74097.99,6488.97621031
2026-05-28T02:26:35.728687+00:00,,74097.99,6488.97621031
2026-05-28T02:26:35.976974+00:00,,74097.99,6488.97621031
2026-05-28T02:26:36.233484+00:00,,74097.99,6488.97621031
2026-05-28T02:26:36.482497+00:00,,74097.99,6488.97621031
2026-05-28T02:26:36.636576+00:00,,74101.7,6488.97621031
2026-05-28T02:26:36.728984+00:00,,74101.7,6488.97621031
2026-05-28T02:26:36.907550+00:00,,74102.4,6488.97621031
2026-05-28T02:26:36.989639+00:00,,74102.4,6488.97621031
2026-05-28T02:26:37.228440+00:00,,74102.4,6488.97621031
2026-05-28T02:26:37.407099+00:00,,74105.4,6488.97621031
2026-05-28T02:26:37.475445+00:00,,74105.4,6488.97621031
2026-05-28T02:26:37.651175+00:00,,74106.89,6488.97621031
2026-05-28T02:26:37.728974+00:00,,74106.89,6488.97621031
2026-05-28T02:26:37.904535+00:00,,74103.01,6488.97621031
2026-05-28T02:26:37.976954+00:00,,74103.01,6488.97621031
2026-05-28T02:26:38.106236+00:00,,74106.0,6488.97621031
2026-05-28T02:26:38.226899+00:00,,74106.0,6488.97621031
2026-05-28T02:26:38.475729+00:00,,74106.0,6488.97621031
2026-05-28T02:26:38.653663+00:00,,74105.99,6488.97621031
2026-05-28T02:26:38.729380+00:00,,74105.99,6488.97621031
2026-05-28T02:26:38.977670+00:00,,74105.99,6488.97621031
2026-05-28T02:26:39.730670+00:00,,74105.99,6488.97621031
2026-05-28T02:26:39.985529+00:00,,74105.99,6488.97621031
2026-05-28T02:26:40.152736+00:00,,74095.71,6488.97621031
2026-05-28T02:26:40.231136+00:00,,74095.71,6488.97621031
2026-05-28T02:26:40.475740+00:00,,74095.71,6488.97621031
2026-05-28T02:26:40.645356+00:00,,74095.86,6488.97621031
2026-05-28T02:26:40.734950+00:00,,74095.86,6488.97621031
2026-05-28T02:26:40.967801+00:00,,74096.0,6488.97621031
2026-05-28T02:26:40.976899+00:00,,74096.0,6488.97621031
2026-05-28T02:26:41.232777+00:00,,74096.0,6488.97621031
2026-05-28T02:26:41.731268+00:00,,74096.0,6488.97621031
2026-05-28T02:26:41.904011+00:00,,74094.07,6488.97621031
2026-05-28T02:26:41.978289+00:00,,74094.07,6488.97621031
2026-05-28T02:26:42.236539+00:00,,74094.07,6488.97621031
2026-05-28T02:26:42.429045+00:00,,74094.06,6488.97621031
2026-05-28T02:26:42.481146+00:00,,74094.06,6488.97621031
2026-05-28T02:26:42.680942+00:00,,74086.91,6488.97621031
2026-05-28T02:26:42.732104+00:00,,74086.91,6488.97621031
2026-05-28T02:26:42.921382+00:00,,74083.21,6489.21937996
2026-05-28T02:26:43.178117+00:00,,74083.2,6489.21937996
2026-05-28T02:26:43.236441+00:00,,74083.2,6489.21937996
2026-05-28T02:26:43.733210+00:00,,74083.2,6489.21937996
2026-05-28T02:26:43.983439+00:00,,74083.2,6489.21937996
2026-05-28T02:26:44.235597+00:00,,74083.2,6489.21937996
2026-05-28T02:26:44.740552+00:00,,74083.2,6489.21937996
2026-05-28T02:26:45.233054+00:00,,74083.2,6489.21937996
2026-05-28T02:26:45.981058+00:00,,74083.2,6489.21937996
2026-05-28T02:26:46.230615+00:00,,74083.2,6489.21937996
2026-05-28T02:26:46.386481+00:00,,74078.41,6489.21937996
2026-05-28T02:26:46.477505+00:00,,74078.41,6489.21937996
2026-05-28T02:26:46.733429+00:00,,74078.41,6489.21937996
2026-05-28T02:26:46.980455+00:00,,74078.41,6489.21937996
2026-05-28T02:26:47.476011+00:00,,74078.41,6489.21937996
2026-05-28T02:26:47.648904+00:00,,74081.8,6489.21937996
2026-05-28T02:26:47.728716+00:00,,74081.8,6489.21937996
2026-05-28T02:26:47.903735+00:00,,74082.0,6489.21937996
2026-05-28T02:26:48.407078+00:00,,74079.99,6489.21937996
2026-05-28T02:26:48.569346+00:00,,74079.99,6489.21937996
2026-05-28T02:26:48.772499+00:00,,74079.99,6489.21937996
2026-05-28T02:26:48.980218+00:00,,74079.99,6489.21937996
2026-05-28T02:26:49.479081+00:00,,74079.99,6489.21937996
2026-05-28T02:26:49.655778+00:00,,74082.0,6489.21937996
2026-05-28T02:26:50.228244+00:00,,74082.0,6489.21937996
2026-05-28T02:26:50.477215+00:00,,74082.0,6489.21937996
2026-05-28T02:26:50.730337+00:00,,74082.0,6489.21937996
2026-05-28T02:26:50.990072+00:00,,74082.0,6489.21937996
2026-05-28T02:26:51.234356+00:00,,74082.0,6489.21937996
2026-05-28T02:26:51.476897+00:00,,74082.0,6489.21937996
2026-05-28T02:26:51.660192+00:00,,74080.0,6489.21937996
2026-05-28T02:26:51.728992+00:00,,74080.0,6489.21937996
2026-05-28T02:26:51.978907+00:00,,74080.0,6489.21937996
2026-05-28T02:26:52.166740+00:00,,74079.99,6489.21937996
2026-05-28T02:26:52.229285+00:00,,74079.99,6489.21937996
2026-05-28T02:26:52.420536+00:00,,74078.41,6489.21937996
2026-05-28T02:26:52.482802+00:00,,74078.41,6489.21937996
2026-05-28T02:26:52.731643+00:00,,74078.41,6489.21937996
2026-05-28T02:26:52.977845+00:00,,74078.41,6489.21937996
2026-05-28T02:26:53.230236+00:00,,74078.41,6489.21937996
2026-05-28T02:26:53.478971+00:00,,74078.41,6489.21937996
2026-05-28T02:26:53.663475+00:00,,74078.41,6489.53258828
2026-05-28T02:26:53.729221+00:00,,74078.41,6489.53258828
2026-05-28T02:26:53.978639+00:00,,74078.41,6489.53258828
2026-05-28T02:26:54.153450+00:00,,74078.76,6489.53258828
2026-05-28T02:26:54.231456+00:00,,74078.76,6489.53258828
2026-05-28T02:26:54.403306+00:00,,74079.98,6489.53258828
2026-05-28T02:26:54.476596+00:00,,74079.98,6489.53258828
2026-05-28T02:26:54.734284+00:00,,74079.98,6489.53258828
2026-05-28T02:26:54.890967+00:00,,74079.99,6489.53258828
2026-05-28T02:26:54.981995+00:00,,74079.99,6489.53258828
2026-05-28T02:26:55.227965+00:00,,74079.99,6489.53258828
2026-05-28T02:26:55.405062+00:00,,74079.98,6489.53258828
2026-05-28T02:26:55.651358+00:00,,74079.99,6489.53258828
2026-05-28T02:26:55.727887+00:00,,74079.99,6489.53258828
2026-05-28T02:26:55.868047+00:00,,74079.98,6489.53258828
2026-05-28T02:26:56.230780+00:00,,74079.98,6489.53258828
2026-05-28T02:26:56.409709+00:00,,74079.99,6489.53258828
2026-05-28T02:26:56.478746+00:00,,74079.99,6489.53258828
2026-05-28T02:26:56.729449+00:00,,74079.99,6489.53258828
2026-05-28T02:26:56.904456+00:00,,74079.98,6489.53258828
2026-05-28T02:26:57.243337+00:00,,74079.98,6489.53258828
2026-05-28T02:26:57.727490+00:00,,74079.98,6489.53258828
2026-05-28T02:26:57.979387+00:00,,74079.98,6489.53258828
2026-05-28T02:26:58.229164+00:00,,74079.98,6489.53258828
2026-05-28T02:26:58.400719+00:00,,74078.75,6489.53258828
2026-05-28T02:26:58.493883+00:00,,74078.75,6489.53258828
2026-05-28T02:26:58.733656+00:00,,74078.75,6489.53258828
2026-05-28T02:26:58.986898+00:00,,74078.75,6489.53258828
2026-05-28T02:26:59.154425+00:00,,74079.07,6489.53258828
2026-05-28T02:26:59.233306+00:00,,74079.07,6489.53258828
2026-05-28T02:26:59.479835+00:00,,74079.07,6489.53258828
2026-05-28T02:26:59.729666+00:00,,74079.07,6489.53258828
2026-05-28T02:26:59.976323+00:00,,74079.07,6489.53258828
2026-05-28T02:27:00.375746+00:00,,74079.08,6489.53258828
2026-05-28T02:27:00.738899+00:00,,74079.08,6489.53258828
2026-05-28T02:27:00.985813+00:00,,74079.08,6489.53258828
2026-05-28T02:27:01.478056+00:00,,74079.08,6489.53258828
2026-05-28T02:27:01.986517+00:00,,74079.08,6489.53258828
2026-05-28T02:27:02.232564+00:00,,74079.08,6489.53258828
2026-05-28T02:27:02.407484+00:00,,74078.76,6489.53258828
2026-05-28T02:27:02.482294+00:00,,74078.76,6489.53258828
2026-05-28T02:27:02.660428+00:00,,74079.08,6489.53258828
2026-05-28T02:27:02.732966+00:00,,74079.08,6489.53258828
2026-05-28T02:27:02.921377+00:00,,74079.08,6486.05267807
2026-05-28T02:27:02.981073+00:00,,74079.08,6486.05267807
2026-05-28T02:27:03.484148+00:00,,74079.08,6486.05267807
2026-05-28T02:27:03.736341+00:00,,74079.08,6486.05267807
2026-05-28T02:27:04.233442+00:00,,74079.08,6486.05267807
2026-05-28T02:27:04.482932+00:00,,74079.08,6486.05267807
2026-05-28T02:27:04.732118+00:00,,74079.08,6486.05267807
2026-05-28T02:27:05.478992+00:00,,74079.08,6486.05267807
2026-05-28T02:27:05.908349+00:00,,74079.07,6486.05267807
2026-05-28T02:27:06.229743+00:00,,74079.07,6486.05267807
2026-05-28T02:27:06.477220+00:00,,74079.07,6486.05267807
2026-05-28T02:27:06.656353+00:00,,74079.08,6486.05267807
2026-05-28T02:27:06.730810+00:00,,74079.08,6486.05267807
2026-05-28T02:27:06.979466+00:00,,74079.08,6486.05267807
2026-05-28T02:27:07.121432+00:00,,74082.0,6486.05267807
2026-05-28T02:27:07.232206+00:00,,74082.0,6486.05267807
2026-05-28T02:27:07.404270+00:00,,74083.21,6486.05267807
2026-05-28T02:27:07.478887+00:00,,74083.21,6486.05267807
2026-05-28T02:27:07.627419+00:00,,74092.8,6486.05267807
2026-05-28T02:27:07.740801+00:00,,74092.8,6486.05267807
2026-05-28T02:27:07.904556+00:00,,74097.59,6486.05267807
2026-05-28T02:27:07.980864+00:00,,74097.59,6486.05267807
2026-05-28T02:27:08.229996+00:00,,74097.59,6486.05267807
2026-05-28T02:27:08.477582+00:00,,74097.59,6486.05267807
2026-05-28T02:27:08.736888+00:00,,74097.59,6486.05267807
2026-05-28T02:27:08.984562+00:00,,74097.59,6486.05267807
2026-05-28T02:27:09.236558+00:00,,74097.59,6486.05267807
2026-05-28T02:27:09.480874+00:00,,74097.59,6486.05267807
2026-05-28T02:27:09.619145+00:00,,74088.5,6486.05267807
2026-05-28T02:27:09.734324+00:00,,74088.5,6486.05267807
2026-05-28T02:27:09.905459+00:00,,74087.37,6486.05267807
2026-05-28T02:27:09.978536+00:00,,74087.37,6486.05267807
2026-05-28T02:27:10.231921+00:00,,74087.37,6486.05267807
2026-05-28T02:27:10.480161+00:00,,74087.37,6486.05267807
2026-05-28T02:27:10.653648+00:00,,74087.34,6486.05267807
2026-05-28T02:27:10.730015+00:00,,74087.34,6486.05267807
2026-05-28T02:27:10.950925+00:00,,74087.39,6486.05267807
2026-05-28T02:27:10.978649+00:00,,74087.39,6486.05267807
2026-05-28T02:27:11.161494+00:00,,74086.11,6486.05267807
2026-05-28T02:27:11.234034+00:00,,74086.11,6486.05267807
2026-05-28T02:27:11.401975+00:00,,74086.1,6486.05267807
2026-05-28T02:27:11.482002+00:00,,74086.1,6486.05267807
2026-05-28T02:27:11.652762+00:00,,74085.09,6486.05267807
2026-05-28T02:27:11.736431+00:00,,74085.09,6486.05267807
2026-05-28T02:27:11.983495+00:00,,74085.09,6486.05267807
2026-05-28T02:27:12.173012+00:00,,74083.21,6486.05267807
2026-05-28T02:27:12.238017+00:00,,74083.21,6486.05267807
2026-05-28T02:27:12.481844+00:00,,74083.21,6486.05267807
2026-05-28T02:27:12.890140+00:00,,74083.21,6486.21990826
2026-05-28T02:27:12.981534+00:00,,74083.21,6486.21990826
2026-05-28T02:27:13.174055+00:00,,74084.73,6486.21990826
2026-05-28T02:27:13.235783+00:00,,74084.73,6486.21990826
2026-05-28T02:27:13.425025+00:00,,74084.72,6486.21990826
2026-05-28T02:27:13.478321+00:00,,74084.72,6486.21990826
2026-05-28T02:27:13.745037+00:00,,74084.72,6486.21990826
2026-05-28T02:27:13.917242+00:00,,74084.7,6486.21990826
2026-05-28T02:27:14.270145+00:00,,74084.7,6486.21990826
2026-05-28T02:27:14.371458+00:00,,74084.71,6486.21990826
2026-05-28T02:27:14.484647+00:00,,74084.71,6486.21990826
2026-05-28T02:27:14.650790+00:00,,74084.7,6486.21990826
2026-05-28T02:27:14.732346+00:00,,74084.7,6486.21990826
2026-05-28T02:27:14.903274+00:00,,74084.06,6486.21990826
2026-05-28T02:27:14.978218+00:00,,74084.06,6486.21990826
2026-05-28T02:27:15.484540+00:00,,74084.06,6486.21990826
2026-05-28T02:27:15.656868+00:00,,74083.2,6486.21990826
2026-05-28T02:27:15.731489+00:00,,74083.2,6486.21990826
2026-05-28T02:27:15.862031+00:00,,74083.21,6486.21990826
2026-05-28T02:27:15.977777+00:00,,74083.21,6486.21990826
2026-05-28T02:27:16.232851+00:00,,74083.21,6486.21990826
2026-05-28T02:27:16.983105+00:00,,74083.21,6486.21990826
2026-05-28T02:27:17.229805+00:00,,74083.21,6486.21990826
2026-05-28T02:27:17.414123+00:00,,74079.08,6486.21990826
2026-05-28T02:27:17.728895+00:00,,74079.08,6486.21990826
2026-05-28T02:27:17.978512+00:00,,74079.08,6486.21990826
2026-05-28T02:27:18.729597+00:00,,74079.08,6486.21990826
2026-05-28T02:27:18.979553+00:00,,74079.08,6486.21990826
2026-05-28T02:27:19.235879+00:00,,74079.08,6486.21990826
2026-05-28T02:27:19.977724+00:00,,74079.08,6486.21990826
2026-05-28T02:27:20.401525+00:00,,74079.07,6486.21990826
2026-05-28T02:27:20.478514+00:00,,74079.07,6486.21990826
2026-05-28T02:27:20.653922+00:00,,74079.08,6486.21990826
2026-05-28T02:27:20.989480+00:00,,74079.08,6486.21990826
2026-05-28T02:27:21.228473+00:00,,74079.08,6486.21990826
2026-05-28T02:27:21.407067+00:00,,74079.07,6486.21990826
2026-05-28T02:27:22.228411+00:00,,74079.07,6486.21990826
2026-05-28T02:27:22.681283+00:00,,74079.08,6486.21990826
2026-05-28T02:27:22.980897+00:00,,74079.08,6486.21990826
2026-05-28T02:27:23.178014+00:00,,74079.08,6486.52776037
2026-05-28T02:27:23.241592+00:00,,74079.08,6486.52776037
2026-05-28T02:27:23.440004+00:00,,74078.4,6486.52776037
2026-05-28T02:27:23.478482+00:00,,74078.4,6486.52776037
2026-05-28T02:27:23.680817+00:00,,74078.41,6486.52776037
2026-05-28T02:27:23.986083+00:00,,74078.41,6486.52776037
2026-05-28T02:27:24.229580+00:00,,74078.41,6486.52776037
2026-05-28T02:27:24.479697+00:00,,74078.41,6486.52776037
2026-05-28T02:27:24.730620+00:00,,74078.41,6486.52776037
2026-05-28T02:27:24.978116+00:00,,74078.41,6486.52776037
2026-05-28T02:27:25.240070+00:00,,74078.41,6486.52776037
2026-05-28T02:27:25.406345+00:00,,74078.4,6486.52776037
2026-05-28T02:27:25.477027+00:00,,74078.4,6486.52776037
2026-05-28T02:27:25.654085+00:00,,74078.41,6486.52776037
2026-05-28T02:27:25.730507+00:00,,74078.41,6486.52776037
2026-05-28T02:27:25.983163+00:00,,74078.41,6486.52776037
2026-05-28T02:27:26.229214+00:00,,74078.41,6486.52776037
2026-05-28T02:27:26.401898+00:00,,74078.4,6486.52776037
2026-05-28T02:27:26.477514+00:00,,74078.4,6486.52776037
2026-05-28T02:27:26.644340+00:00,,74078.41,6486.52776037
2026-05-28T02:27:26.736566+00:00,,74078.41,6486.52776037
2026-05-28T02:27:26.977391+00:00,,74078.41,6486.52776037
2026-05-28T02:27:27.230581+00:00,,74078.41,6486.52776037
2026-05-28T02:27:27.409047+00:00,,74078.4,6486.52776037
2026-05-28T02:27:27.477771+00:00,,74078.4,6486.52776037
2026-05-28T02:27:27.909832+00:00,,74078.41,6486.52776037
2026-05-28T02:27:28.231310+00:00,,74078.41,6486.52776037
2026-05-28T02:27:28.480952+00:00,,74078.41,6486.52776037
2026-05-28T02:27:28.648630+00:00,,74078.4,6486.52776037
2026-05-28T02:27:28.733704+00:00,,74078.4,6486.52776037
2026-05-28T02:27:28.980970+00:00,,74078.4,6486.52776037
2026-05-28T02:27:29.232100+00:00,,74078.4,6486.52776037
2026-05-28T02:27:29.481612+00:00,,74078.4,6486.52776037
2026-05-28T02:27:29.655024+00:00,,74074.49,6486.52776037
2026-05-28T02:27:29.731238+00:00,,74074.49,6486.52776037
2026-05-28T02:27:29.978981+00:00,,74074.49,6486.52776037
2026-05-28T02:27:30.150725+00:00,,74073.62,6486.52776037
2026-05-28T02:27:30.231730+00:00,,74073.62,6486.52776037
2026-05-28T02:27:30.478740+00:00,,74073.62,6486.52776037
2026-05-28T02:27:30.653896+00:00,,74075.99,6486.52776037
2026-05-28T02:27:30.731976+00:00,,74075.99,6486.52776037
2026-05-28T02:27:30.944593+00:00,,74074.99,6486.52776037
2026-05-28T02:27:30.983385+00:00,,74074.99,6486.52776037
2026-05-28T02:27:31.232696+00:00,,74074.99,6486.52776037
2026-05-28T02:27:31.477994+00:00,,74074.99,6486.52776037
2026-05-28T02:27:31.616395+00:00,,74074.0,6486.52776037
2026-05-28T02:27:31.984690+00:00,,74074.0,6486.52776037
2026-05-28T02:27:32.171862+00:00,,74074.01,6486.52776037
2026-05-28T02:27:32.475888+00:00,,74074.01,6486.52776037
2026-05-28T02:27:32.732444+00:00,,74074.01,6486.52776037
2026-05-28T02:27:32.928807+00:00,,74075.99,6486.77952291
2026-05-28T02:27:33.228641+00:00,,74075.99,6486.77952291
2026-05-28T02:27:33.481058+00:00,,74075.99,6486.77952291
2026-05-28T02:27:33.677314+00:00,,74078.22,6486.77952291
2026-05-28T02:27:33.729975+00:00,,74078.22,6486.77952291
2026-05-28T02:27:33.885403+00:00,,74076.32,6486.77952291
2026-05-28T02:27:33.977942+00:00,,74076.32,6486.77952291
2026-05-28T02:27:34.229659+00:00,,74076.32,6486.77952291
2026-05-28T02:27:34.476767+00:00,,74076.32,6486.77952291
2026-05-28T02:27:34.976216+00:00,,74076.32,6486.77952291
2026-05-28T02:27:35.236627+00:00,,74076.32,6486.77952291
2026-05-28T02:27:35.402084+00:00,,74076.31,6486.77952291
2026-05-28T02:27:35.476006+00:00,,74076.31,6486.77952291
2026-05-28T02:27:35.649054+00:00,,74076.32,6486.77952291
2026-05-28T02:27:35.733941+00:00,,74076.32,6486.77952291
2026-05-28T02:27:35.983447+00:00,,74076.32,6486.77952291
2026-05-28T02:27:36.238512+00:00,,74076.32,6486.77952291
2026-05-28T02:27:36.390206+00:00,,74070.27,6486.77952291
2026-05-28T02:27:36.479839+00:00,,74070.27,6486.77952291
2026-05-28T02:27:36.733108+00:00,,74070.27,6486.77952291
2026-05-28T02:27:36.902045+00:00,,74068.81,6486.77952291
2026-05-28T02:27:36.978611+00:00,,74068.81,6486.77952291
2026-05-28T02:27:37.166800+00:00,,74068.8,6486.77952291
2026-05-28T02:27:37.232999+00:00,,74068.8,6486.77952291
2026-05-28T02:27:37.479769+00:00,,74068.8,6486.77952291
2026-05-28T02:27:37.731768+00:00,,74068.8,6486.77952291
2026-05-28T02:27:37.978903+00:00,,74068.8,6486.77952291
2026-05-28T02:27:38.143448+00:00,,74068.81,6486.77952291
2026-05-28T02:27:38.483847+00:00,,74068.81,6486.77952291
2026-05-28T02:27:38.978870+00:00,,74068.81,6486.77952291
2026-05-28T02:27:39.232316+00:00,,74068.81,6486.77952291
2026-05-28T02:27:39.417062+00:00,,74068.8,6486.77952291
2026-05-28T02:27:39.482444+00:00,,74068.8,6486.77952291
2026-05-28T02:27:39.661029+00:00,,74068.81,6486.77952291
2026-05-28T02:27:39.735129+00:00,,74068.81,6486.77952291
2026-05-28T02:27:39.980433+00:00,,74068.81,6486.77952291
2026-05-28T02:27:40.352565+00:00,,74068.81,6486.77952291
2026-05-28T02:27:40.500111+00:00,,74068.81,6486.77952291
2026-05-28T02:27:40.983269+00:00,,74068.81,6486.77952291
2026-05-28T02:27:41.161557+00:00,,74068.8,6486.77952291
2026-05-28T02:27:41.228601+00:00,,74068.8,6486.77952291
2026-05-28T02:27:41.483103+00:00,,74068.8,6486.77952291
2026-05-28T02:27:41.733335+00:00,,74068.8,6486.77952291
2026-05-28T02:27:42.230221+00:00,,74068.8,6486.77952291
2026-05-28T02:27:42.475724+00:00,,74068.8,6486.77952291
2026-05-28T02:27:42.736565+00:00,,74068.8,6486.77952291
2026-05-28T02:27:42.928443+00:00,,74068.8,6487.2241928
2026-05-28T02:27:42.977716+00:00,,74068.8,6487.2241928
2026-05-28T02:27:43.237529+00:00,,74068.8,6487.2241928
2026-05-28T02:27:43.480659+00:00,,74068.8,6487.2241928
2026-05-28T02:27:43.658742+00:00,,74069.54,6487.2241928
2026-05-28T02:27:43.732425+00:00,,74069.54,6487.2241928
2026-05-28T02:27:43.883257+00:00,,74076.31,6487.2241928
2026-05-28T02:27:43.981289+00:00,,74076.31,6487.2241928
2026-05-28T02:27:44.234032+00:00,,74076.31,6487.2241928
2026-05-28T02:27:44.408783+00:00,,74071.04,6487.2241928
2026-05-28T02:27:44.477776+00:00,,74071.04,6487.2241928
2026-05-28T02:27:44.634143+00:00,,74068.8,6487.2241928
2026-05-28T02:27:44.730240+00:00,,74068.8,6487.2241928
2026-05-28T02:27:44.911108+00:00,,74065.18,6487.2241928
2026-05-28T02:27:44.978371+00:00,,74065.18,6487.2241928
2026-05-28T02:27:45.157352+00:00,,74065.37,6487.2241928
2026-05-28T02:27:45.231947+00:00,,74065.37,6487.2241928
2026-05-28T02:27:45.483017+00:00,,74065.37,6487.2241928
2026-05-28T02:27:45.730388+00:00,,74065.37,6487.2241928
2026-05-28T02:27:45.978959+00:00,,74065.37,6487.2241928
2026-05-28T02:27:46.124356+00:00,,74055.86,6487.2241928
2026-05-28T02:27:46.237540+00:00,,74055.86,6487.2241928
2026-05-28T02:27:46.352010+00:00,,74057.63,6487.2241928
2026-05-28T02:27:46.482990+00:00,,74057.63,6487.2241928
2026-05-28T02:27:46.653659+00:00,,74055.85,6487.2241928
2026-05-28T02:27:46.731399+00:00,,74055.85,6487.2241928
2026-05-28T02:27:46.905749+00:00,,74055.83,6487.2241928
2026-05-28T02:27:46.978044+00:00,,74055.83,6487.2241928
2026-05-28T02:27:47.166920+00:00,,74055.82,6487.2241928
2026-05-28T02:27:47.230246+00:00,,74055.82,6487.2241928
2026-05-28T02:27:47.412958+00:00,,74064.45,6487.2241928
2026-05-28T02:27:47.476885+00:00,,74064.45,6487.2241928
2026-05-28T02:27:47.731255+00:00,,74064.45,6487.2241928
2026-05-28T02:27:47.904742+00:00,,74055.8,6487.2241928
2026-05-28T02:27:48.479540+00:00,,74055.8,6487.2241928
2026-05-28T02:27:48.657229+00:00,,74055.84,6487.2241928
2026-05-28T02:27:48.730669+00:00,,74055.84,6487.2241928
2026-05-28T02:27:48.977548+00:00,,74055.84,6487.2241928
2026-05-28T02:27:49.156214+00:00,,74055.82,6487.2241928
2026-05-28T02:27:49.232208+00:00,,74055.82,6487.2241928
2026-05-28T02:27:49.977667+00:00,,74055.82,6487.2241928
2026-05-28T02:27:50.149477+00:00,,74055.83,6487.2241928
2026-05-28T02:27:50.481801+00:00,,74055.83,6487.2241928
2026-05-28T02:27:50.731319+00:00,,74055.83,6487.2241928
2026-05-28T02:27:50.980814+00:00,,74055.83,6487.2241928
2026-05-28T02:27:51.236027+00:00,,74055.83,6487.2241928
2026-05-28T02:27:51.479560+00:00,,74055.83,6487.2241928
2026-05-28T02:27:51.731433+00:00,,74055.83,6487.2241928
2026-05-28T02:27:51.906932+00:00,,74057.93,6487.2241928
2026-05-28T02:27:51.980986+00:00,,74057.93,6487.2241928
2026-05-28T02:27:52.230274+00:00,,74057.93,6487.2241928
2026-05-28T02:27:52.424767+00:00,,74055.83,6487.2241928
2026-05-28T02:27:52.480116+00:00,,74055.83,6487.2241928
2026-05-28T02:27:52.739568+00:00,,74055.83,6487.2241928
2026-05-28T02:27:52.929320+00:00,,74055.82,6487.58954136
2026-05-28T02:27:53.155737+00:00,,74055.82,6487.58954136
2026-05-28T02:27:53.156743+00:00,,74054.41,6487.58954136
2026-05-28T02:27:53.229871+00:00,,74054.41,6487.58954136
2026-05-28T02:27:53.480328+00:00,,74054.41,6487.58954136
2026-05-28T02:27:53.676308+00:00,,74054.4,6487.58954136
2026-05-28T02:27:53.728579+00:00,,74054.4,6487.58954136
2026-05-28T02:27:53.910432+00:00,,74054.41,6487.58954136
2026-05-28T02:27:53.976269+00:00,,74054.41,6487.58954136
2026-05-28T02:27:54.229773+00:00,,74054.41,6487.58954136
2026-05-28T02:27:54.476862+00:00,,74054.41,6487.58954136
2026-05-28T02:27:54.656474+00:00,,74054.4,6487.58954136
2026-05-28T02:27:54.730703+00:00,,74054.4,6487.58954136
2026-05-28T02:27:54.904846+00:00,,74054.41,6487.58954136
2026-05-28T02:27:54.980759+00:00,,74054.41,6487.58954136
2026-05-28T02:27:55.233319+00:00,,74054.41,6487.58954136
2026-05-28T02:27:55.402337+00:00,,74054.4,6487.58954136
2026-05-28T02:27:55.481171+00:00,,74054.4,6487.58954136
2026-05-28T02:27:55.625417+00:00,,74050.0,6487.58954136
2026-05-28T02:27:55.731822+00:00,,74050.0,6487.58954136
2026-05-28T02:27:55.905430+00:00,,74051.68,6487.58954136
2026-05-28T02:27:55.984943+00:00,,74051.68,6487.58954136
2026-05-28T02:27:56.239450+00:00,,74051.68,6487.58954136
2026-05-28T02:27:56.477734+00:00,,74051.68,6487.58954136
2026-05-28T02:27:56.604065+00:00,,74051.69,6487.58954136
2026-05-28T02:27:56.731601+00:00,,74051.69,6487.58954136
2026-05-28T02:27:56.897412+00:00,,74055.56,6487.58954136
2026-05-28T02:27:56.977616+00:00,,74055.56,6487.58954136
2026-05-28T02:27:57.152999+00:00,,74055.05,6487.58954136
2026-05-28T02:27:57.235482+00:00,,74055.05,6487.58954136
2026-05-28T02:27:57.482400+00:00,,74055.05,6487.58954136
2026-05-28T02:27:57.729905+00:00,,74055.05,6487.58954136
2026-05-28T02:27:57.978388+00:00,,74055.05,6487.58954136
2026-05-28T02:27:58.150229+00:00,,74055.06,6487.58954136
2026-05-28T02:27:58.229122+00:00,,74055.06,6487.58954136
2026-05-28T02:27:58.730508+00:00,,74055.06,6487.58954136
2026-05-28T02:27:58.904148+00:00,,74055.98,6487.58954136
2026-05-28T02:27:58.976716+00:00,,74055.98,6487.58954136
2026-05-28T02:27:59.236494+00:00,,74055.98,6487.58954136
2026-05-28T02:27:59.400026+00:00,,74055.05,6487.58954136
2026-05-28T02:27:59.484118+00:00,,74055.05,6487.58954136
2026-05-28T02:27:59.654155+00:00,,74055.97,6487.58954136
2026-05-28T02:27:59.730887+00:00,,74055.97,6487.58954136
2026-05-28T02:27:59.978298+00:00,,74055.97,6487.58954136
2026-05-28T02:28:00.141475+00:00,,74055.05,6487.58954136
2026-05-28T02:28:00.229671+00:00,,74055.05,6487.58954136
2026-05-28T02:28:00.402314+00:00,,74055.06,6487.58954136
2026-05-28T02:28:00.477067+00:00,,74055.06,6487.58954136
2026-05-28T02:28:00.985785+00:00,,74055.06,6487.58954136
2026-05-28T02:28:01.153178+00:00,,74055.05,6487.58954136
2026-05-28T02:28:01.477666+00:00,,74055.05,6487.58954136
2026-05-28T02:28:01.733688+00:00,,74055.05,6487.58954136
2026-05-28T02:28:01.983484+00:00,,74055.05,6487.58954136
2026-05-28T02:28:02.164420+00:00,,74055.99,6487.58954136
2026-05-28T02:28:02.232540+00:00,,74055.99,6487.58954136
2026-05-28T02:28:02.432297+00:00,,74055.98,6487.58954136
2026-05-28T02:28:02.481750+00:00,,74055.98,6487.58954136
2026-05-28T02:28:02.631368+00:00,,74055.06,6487.58954136
2026-05-28T02:28:02.730513+00:00,,74055.06,6487.58954136
2026-05-28T02:28:02.918647+00:00,,74055.05,6483.08192917
2026-05-28T02:28:02.978655+00:00,,74055.05,6483.08192917
2026-05-28T02:28:03.477641+00:00,,74055.05,6483.08192917
2026-05-28T02:28:03.730570+00:00,,74055.05,6483.08192917
2026-05-28T02:28:03.963342+00:00,,74055.06,6483.08192917
2026-05-28T02:28:03.979318+00:00,,74055.06,6483.08192917
2026-05-28T02:28:04.183939+00:00,,74059.3,6483.08192917
2026-05-28T02:28:04.231718+00:00,,74059.3,6483.08192917
2026-05-28T02:28:04.482352+00:00,,74059.3,6483.08192917
2026-05-28T02:28:04.980079+00:00,,74059.3,6483.08192917
2026-05-28T02:28:05.132020+00:00,,74059.43,6483.08192917
2026-05-28T02:28:05.395254+00:00,,74059.43,6483.08192917
2026-05-28T02:28:05.731420+00:00,,74059.43,6483.08192917
2026-05-28T02:28:05.982362+00:00,,74059.43,6483.08192917
2026-05-28T02:28:06.158984+00:00,,74059.44,6483.08192917
2026-05-28T02:28:06.241079+00:00,,74059.44,6483.08192917
2026-05-28T02:28:06.405674+00:00,,74059.43,6483.08192917
2026-05-28T02:28:06.482230+00:00,,74059.43,6483.08192917
2026-05-28T02:28:06.730154+00:00,,74059.43,6483.08192917
2026-05-28T02:28:06.978421+00:00,,74059.43,6483.08192917
2026-05-28T02:28:07.151269+00:00,,74059.44,6483.08192917
2026-05-28T02:28:07.230463+00:00,,74059.44,6483.08192917
2026-05-28T02:28:07.369117+00:00,,74059.43,6483.08192917
2026-05-28T02:28:07.480213+00:00,,74059.43,6483.08192917
2026-05-28T02:28:07.649869+00:00,,74059.3,6483.08192917
2026-05-28T02:28:07.729831+00:00,,74059.3,6483.08192917
2026-05-28T02:28:07.980903+00:00,,74059.3,6483.08192917
2026-05-28T02:28:08.157191+00:00,,74054.01,6483.08192917
2026-05-28T02:28:08.231027+00:00,,74054.01,6483.08192917
2026-05-28T02:28:08.476245+00:00,,74054.01,6483.08192917
2026-05-28T02:28:08.631902+00:00,,74059.2,6483.08192917
2026-05-28T02:28:08.731247+00:00,,74059.2,6483.08192917
2026-05-28T02:28:08.906770+00:00,,74054.02,6483.08192917
2026-05-28T02:28:08.980183+00:00,,74054.02,6483.08192917
2026-05-28T02:28:09.236278+00:00,,74054.02,6483.08192917
2026-05-28T02:28:09.363869+00:00,,74054.01,6483.08192917
2026-05-28T02:28:09.478932+00:00,,74054.01,6483.08192917
2026-05-28T02:28:09.651116+00:00,,74054.02,6483.08192917
2026-05-28T02:28:09.732294+00:00,,74054.02,6483.08192917
2026-05-28T02:28:09.977559+00:00,,74054.02,6483.08192917
2026-05-28T02:28:10.158477+00:00,,74054.36,6483.08192917
2026-05-28T02:28:10.232187+00:00,,74054.36,6483.08192917
2026-05-28T02:28:10.402332+00:00,,74054.35,6483.08192917
2026-05-28T02:28:10.479688+00:00,,74054.35,6483.08192917
2026-05-28T02:28:10.657801+00:00,,74054.36,6483.08192917
2026-05-28T02:28:10.736080+00:00,,74054.36,6483.08192917
2026-05-28T02:28:10.966510+00:00,,74061.97,6483.08192917
2026-05-28T02:28:10.983975+00:00,,74061.97,6483.08192917
2026-05-28T02:28:11.233704+00:00,,74061.97,6483.08192917
2026-05-28T02:28:11.399108+00:00,,74063.49,6483.08192917
2026-05-28T02:28:11.477697+00:00,,74063.49,6483.08192917
2026-05-28T02:28:11.631402+00:00,,74063.71,6483.08192917
2026-05-28T02:28:11.729691+00:00,,74063.71,6483.08192917
2026-05-28T02:28:11.977879+00:00,,74063.71,6483.08192917
2026-05-28T02:28:12.191040+00:00,,74063.8,6483.08192917
2026-05-28T02:28:12.231759+00:00,,74063.8,6483.08192917
2026-05-28T02:28:12.428076+00:00,,74064.05,6483.08192917
2026-05-28T02:28:12.478097+00:00,,74064.05,6483.08192917
2026-05-28T02:28:12.631818+00:00,,74066.05,6483.08192917
2026-05-28T02:28:12.731121+00:00,,74066.05,6483.08192917
2026-05-28T02:28:12.933966+00:00,,74066.05,6485.34368624
2026-05-28T02:28:12.978047+00:00,,74066.05,6485.34368624
2026-05-28T02:28:13.230327+00:00,,74066.05,6485.34368624
2026-05-28T02:28:13.427983+00:00,,74066.63,6485.34368624
2026-05-28T02:28:13.478076+00:00,,74066.63,6485.34368624
2026-05-28T02:28:13.670797+00:00,,74066.11,6485.34368624
2026-05-28T02:28:13.732691+00:00,,74066.11,6485.34368624
2026-05-28T02:28:13.908146+00:00,,74066.62,6485.34368624
2026-05-28T02:28:13.978351+00:00,,74066.62,6485.34368624
2026-05-28T02:28:14.481094+00:00,,74066.62,6485.34368624
2026-05-28T02:28:14.730032+00:00,,74066.62,6485.34368624
2026-05-28T02:28:15.230572+00:00,,74066.62,6485.34368624
2026-05-28T02:28:15.479093+00:00,,74066.62,6485.34368624
2026-05-28T02:28:15.728506+00:00,,74066.62,6485.34368624
2026-05-28T02:28:15.977965+00:00,,74066.62,6485.34368624
2026-05-28T02:28:16.490038+00:00,,74066.62,6485.34368624
2026-05-28T02:28:16.744595+00:00,,74066.62,6485.34368624
2026-05-28T02:28:17.228626+00:00,,74066.62,6485.34368624
2026-05-28T02:28:17.476784+00:00,,74066.62,6485.34368624
2026-05-28T02:28:17.773521+00:00,,74066.62,6485.34368624
2026-05-28T02:28:17.980081+00:00,,74066.62,6485.34368624
2026-05-28T02:28:18.163328+00:00,,74068.81,6485.34368624
2026-05-28T02:28:18.234396+00:00,,74068.81,6485.34368624
2026-05-28T02:28:18.358348+00:00,,74078.02,6485.34368624
2026-05-28T02:28:18.479163+00:00,,74078.02,6485.34368624
2026-05-28T02:28:18.978891+00:00,,74078.02,6485.34368624
2026-05-28T02:28:19.230146+00:00,,74078.02,6485.34368624
2026-05-28T02:28:19.393683+00:00,,74078.03,6485.34368624
2026-05-28T02:28:19.477381+00:00,,74078.03,6485.34368624
2026-05-28T02:28:19.657825+00:00,,74078.02,6485.34368624
2026-05-28T02:28:19.731602+00:00,,74078.02,6485.34368624
2026-05-28T02:28:19.887753+00:00,,74078.03,6485.34368624
2026-05-28T02:28:19.977774+00:00,,74078.03,6485.34368624
2026-05-28T02:28:20.153084+00:00,,74078.02,6485.34368624
2026-05-28T02:28:20.229738+00:00,,74078.02,6485.34368624
2026-05-28T02:28:20.479519+00:00,,74078.02,6485.34368624
2026-05-28T02:28:20.656256+00:00,,74069.99,6485.34368624
2026-05-28T02:28:20.732539+00:00,,74069.99,6485.34368624
2026-05-28T02:28:20.991216+00:00,,74073.02,6485.34368624
2026-05-28T02:28:20.991799+00:00,,74073.02,6485.34368624
2026-05-28T02:28:21.478565+00:00,,74073.02,6485.34368624
2026-05-28T02:28:21.661739+00:00,,74073.01,6485.34368624
2026-05-28T02:28:21.730170+00:00,,74073.01,6485.34368624
2026-05-28T02:28:21.906451+00:00,,74074.46,6485.34368624
2026-05-28T02:28:22.230638+00:00,,74074.46,6485.34368624
2026-05-28T02:28:22.482221+00:00,,74074.46,6485.34368624
2026-05-28T02:28:22.677747+00:00,,74074.45,6485.34368624
2026-05-28T02:28:22.734062+00:00,,74074.45,6485.34368624
2026-05-28T02:28:22.919104+00:00,,74074.45,6485.4841836
2026-05-28T02:28:22.981188+00:00,,74074.45,6485.4841836
2026-05-28T02:28:23.230857+00:00,,74074.45,6485.4841836
2026-05-28T02:28:23.426761+00:00,,74075.87,6485.4841836
2026-05-28T02:28:23.730577+00:00,,74075.87,6485.4841836
2026-05-28T02:28:23.982214+00:00,,74075.87,6485.4841836
2026-05-28T02:28:24.148832+00:00,,74077.68,6485.4841836
2026-05-28T02:28:24.232209+00:00,,74077.68,6485.4841836
2026-05-28T02:28:24.406454+00:00,,74077.69,6485.4841836
2026-05-28T02:28:24.478984+00:00,,74077.69,6485.4841836
2026-05-28T02:28:24.641425+00:00,,74078.02,6485.4841836
2026-05-28T02:28:24.731629+00:00,,74078.02,6485.4841836
2026-05-28T02:28:24.980420+00:00,,74078.02,6485.4841836
2026-05-28T02:28:25.229986+00:00,,74078.02,6485.4841836
2026-05-28T02:28:25.367738+00:00,,74078.03,6485.4841836
2026-05-28T02:28:25.482122+00:00,,74078.03,6485.4841836
2026-05-28T02:28:25.733045+00:00,,74078.03,6485.4841836
2026-05-28T02:28:25.910925+00:00,,74078.02,6485.4841836
2026-05-28T02:28:25.977223+00:00,,74078.02,6485.4841836
2026-05-28T02:28:26.235846+00:00,,74078.02,6485.4841836
2026-05-28T02:28:26.479093+00:00,,74078.02,6485.4841836
2026-05-28T02:28:26.729782+00:00,,74078.02,6485.4841836
2026-05-28T02:28:27.244178+00:00,,74078.02,6485.4841836
2026-05-28T02:28:27.477515+00:00,,74078.02,6485.4841836
2026-05-28T02:28:27.981840+00:00,,74078.02,6485.4841836
2026-05-28T02:28:28.230278+00:00,,74078.02,6485.4841836
2026-05-28T02:28:28.976716+00:00,,74078.02,6485.4841836
2026-05-28T02:28:29.232927+00:00,,74078.02,6485.4841836
2026-05-28T02:28:29.477941+00:00,,74078.02,6485.4841836
2026-05-28T02:28:29.658765+00:00,,74073.01,6485.4841836
2026-05-28T02:28:29.734338+00:00,,74073.01,6485.4841836
2026-05-28T02:28:29.977911+00:00,,74073.01,6485.4841836
2026-05-28T02:28:30.235026+00:00,,74073.01,6485.4841836
2026-05-28T02:28:30.413093+00:00,,74073.02,6485.4841836
2026-05-28T02:28:30.521575+00:00,,74073.02,6485.4841836
2026-05-28T02:28:30.655084+00:00,,74073.01,6485.4841836
2026-05-28T02:28:30.733985+00:00,,74073.01,6485.4841836
2026-05-28T02:28:30.951961+00:00,,74073.02,6485.4841836
2026-05-28T02:28:31.229857+00:00,,74073.02,6485.4841836
2026-05-28T02:28:31.755525+00:00,,74073.02,6485.4841836
2026-05-28T02:28:31.880148+00:00,,74073.01,6485.4841836
2026-05-28T02:28:32.231701+00:00,,74073.01,6485.4841836
2026-05-28T02:28:32.730357+00:00,,74073.01,6485.4841836
2026-05-28T02:28:32.926745+00:00,,74073.02,6486.31861118
2026-05-28T02:28:32.980090+00:00,,74073.02,6486.31861118
2026-05-28T02:28:33.477986+00:00,,74073.02,6486.31861118
2026-05-28T02:28:33.675850+00:00,,74073.01,6486.31861118
2026-05-28T02:28:33.739632+00:00,,74073.01,6486.31861118
2026-05-28T02:28:33.982073+00:00,,74073.01,6486.31861118
2026-05-28T02:28:34.231972+00:00,,74073.01,6486.31861118
2026-05-28T02:28:34.478883+00:00,,74073.01,6486.31861118
2026-05-28T02:28:34.731375+00:00,,74073.01,6486.31861118
2026-05-28T02:28:34.881061+00:00,,74078.0,6486.31861118
2026-05-28T02:28:34.977548+00:00,,74078.0,6486.31861118
2026-05-28T02:28:35.155674+00:00,,74078.03,6486.31861118
2026-05-28T02:28:35.232132+00:00,,74078.03,6486.31861118
2026-05-28T02:28:35.403149+00:00,,74078.02,6486.31861118
2026-05-28T02:28:35.476488+00:00,,74078.02,6486.31861118
2026-05-28T02:28:35.655898+00:00,,74078.03,6486.31861118
2026-05-28T02:28:35.734423+00:00,,74078.03,6486.31861118
2026-05-28T02:28:36.234653+00:00,,74078.03,6486.31861118
2026-05-28T02:28:36.480226+00:00,,74078.03,6486.31861118
2026-05-28T02:28:36.730801+00:00,,74078.03,6486.31861118
2026-05-28T02:28:37.247755+00:00,,74078.03,6486.31861118
2026-05-28T02:28:37.485346+00:00,,74078.03,6486.31861118
2026-05-28T02:28:37.652252+00:00,,74078.02,6486.31861118
2026-05-28T02:28:37.731146+00:00,,74078.02,6486.31861118
2026-05-28T02:28:37.976661+00:00,,74078.02,6486.31861118
2026-05-28T02:28:38.476610+00:00,,74078.02,6486.31861118
2026-05-28T02:28:38.732226+00:00,,74078.02,6486.31861118
2026-05-28T02:28:39.476730+00:00,,74078.02,6486.31861118
2026-05-28T02:28:39.739909+00:00,,74078.02,6486.31861118
2026-05-28T02:28:39.979559+00:00,,74078.02,6486.31861118
2026-05-28T02:28:40.238980+00:00,,74078.02,6486.31861118
2026-05-28T02:28:40.479580+00:00,,74078.02,6486.31861118
2026-05-28T02:28:40.658118+00:00,,74078.03,6486.31861118
2026-05-28T02:28:40.731654+00:00,,74078.03,6486.31861118
2026-05-28T02:28:40.979499+00:00,,74078.03,6486.31861118
2026-05-28T02:28:41.167903+00:00,,74078.02,6486.31861118
2026-05-28T02:28:41.231869+00:00,,74078.02,6486.31861118
2026-05-28T02:28:41.406074+00:00,,74078.03,6486.31861118
2026-05-28T02:28:41.982070+00:00,,74078.03,6486.31861118
2026-05-28T02:28:42.173682+00:00,,74078.02,6486.31861118
2026-05-28T02:28:42.231222+00:00,,74078.02,6486.31861118
2026-05-28T02:28:42.480711+00:00,,74078.02,6486.31861118
2026-05-28T02:28:42.677623+00:00,,74079.19,6486.31861118
2026-05-28T02:28:42.729814+00:00,,74079.19,6486.31861118
2026-05-28T02:28:42.932077+00:00,,74079.19,6486.36310938
2026-05-28T02:28:42.976815+00:00,,74079.19,6486.36310938
2026-05-28T02:28:43.230350+00:00,,74079.19,6486.36310938
2026-05-28T02:28:43.423377+00:00,,74082.67,6486.36310938
2026-05-28T02:28:43.475157+00:00,,74082.67,6486.36310938
2026-05-28T02:28:43.731239+00:00,,74082.67,6486.36310938
2026-05-28T02:28:43.907490+00:00,,74082.68,6486.36310938
2026-05-28T02:28:43.977112+00:00,,74082.68,6486.36310938
2026-05-28T02:28:44.148275+00:00,,74082.67,6486.36310938
2026-05-28T02:28:44.231946+00:00,,74082.67,6486.36310938
2026-05-28T02:28:44.476219+00:00,,74082.67,6486.36310938
2026-05-28T02:28:44.976791+00:00,,74082.67,6486.36310938
2026-05-28T02:28:45.231638+00:00,,74082.67,6486.36310938
2026-05-28T02:28:45.477828+00:00,,74082.67,6486.36310938
2026-05-28T02:28:45.976421+00:00,,74082.67,6486.36310938
2026-05-28T02:28:46.229608+00:00,,74082.67,6486.36310938
2026-05-28T02:28:46.483868+00:00,,74082.67,6486.36310938
2026-05-28T02:28:46.736956+00:00,,74082.67,6486.36310938
2026-05-28T02:28:46.976135+00:00,,74082.67,6486.36310938
2026-05-28T02:28:47.229495+00:00,,74082.67,6486.36310938
2026-05-28T02:28:47.403307+00:00,,74073.0,6486.36310938
2026-05-28T02:28:47.728642+00:00,,74073.0,6486.36310938
2026-05-28T02:28:47.903380+00:00,,74082.67,6486.36310938
2026-05-28T02:28:47.978926+00:00,,74082.67,6486.36310938
2026-05-28T02:28:48.230889+00:00,,74082.67,6486.36310938
2026-05-28T02:28:48.360100+00:00,,74082.68,6486.36310938
2026-05-28T02:28:48.477779+00:00,,74082.68,6486.36310938
2026-05-28T02:28:48.728823+00:00,,74082.68,6486.36310938
2026-05-28T02:28:48.977841+00:00,,74082.68,6486.36310938
2026-05-28T02:28:49.233959+00:00,,74082.68,6486.36310938
2026-05-28T02:28:49.407875+00:00,,74082.67,6486.36310938
2026-05-28T02:28:50.231065+00:00,,74082.67,6486.36310938
2026-05-28T02:28:50.483053+00:00,,74082.67,6486.36310938
2026-05-28T02:28:50.731696+00:00,,74082.67,6486.36310938
2026-05-28T02:28:50.980624+00:00,,74082.67,6486.36310938
2026-05-28T02:28:51.229337+00:00,,74082.67,6486.36310938
2026-05-28T02:28:51.479589+00:00,,74082.67,6486.36310938
2026-05-28T02:28:51.729391+00:00,,74082.67,6486.36310938
2026-05-28T02:28:51.757936+00:00,,74082.68,6486.36310938
2026-05-28T02:28:52.233009+00:00,,74082.68,6486.36310938
2026-05-28T02:28:52.437112+00:00,,74082.67,6486.36310938
2026-05-28T02:28:52.929452+00:00,,74082.67,6486.41470699
2026-05-28T02:28:53.228699+00:00,,74082.67,6486.41470699
2026-05-28T02:28:54.230899+00:00,,74082.67,6486.41470699
2026-05-28T02:28:54.477366+00:00,,74082.67,6486.41470699
2026-05-28T02:28:54.981331+00:00,,74082.67,6486.41470699
2026-05-28T02:28:55.124563+00:00,,74078.05,6486.41470699
2026-05-28T02:28:55.233099+00:00,,74078.05,6486.41470699
2026-05-28T02:28:55.386494+00:00,,74075.8,6486.41470699
2026-05-28T02:28:55.478478+00:00,,74075.8,6486.41470699
2026-05-28T02:28:55.656093+00:00,,74073.01,6486.41470699
2026-05-28T02:28:55.977638+00:00,,74073.01,6486.41470699
2026-05-28T02:28:56.229543+00:00,,74073.01,6486.41470699
2026-05-28T02:28:56.478929+00:00,,74073.01,6486.41470699
2026-05-28T02:28:56.624292+00:00,,74073.02,6486.41470699
2026-05-28T02:28:56.733207+00:00,,74073.02,6486.41470699
2026-05-28T02:28:56.983425+00:00,,74073.02,6486.41470699
2026-05-28T02:28:57.240151+00:00,,74073.02,6486.41470699
2026-05-28T02:28:57.483395+00:00,,74073.02,6486.41470699
2026-05-28T02:28:57.631077+00:00,,74073.01,6486.41470699
2026-05-28T02:28:57.731616+00:00,,74073.01,6486.41470699
2026-05-28T02:28:58.231379+00:00,,74073.01,6486.41470699
2026-05-28T02:28:58.373958+00:00,,74065.61,6486.41470699
2026-05-28T02:28:58.478203+00:00,,74065.61,6486.41470699
2026-05-28T02:28:58.803797+00:00,,74065.61,6486.41470699
2026-05-28T02:28:58.907558+00:00,,74073.01,6486.41470699
2026-05-28T02:28:59.027960+00:00,,74073.01,6486.41470699
2026-05-28T02:28:59.154152+00:00,,74065.6,6486.41470699
2026-05-28T02:28:59.236730+00:00,,74065.6,6486.41470699
2026-05-28T02:28:59.414043+00:00,,74065.61,6486.41470699
2026-05-28T02:28:59.480570+00:00,,74065.61,6486.41470699
2026-05-28T02:29:00.231028+00:00,,74065.61,6486.41470699
2026-05-28T02:29:00.981677+00:00,,74065.61,6486.41470699
2026-05-28T02:29:01.247959+00:00,,74065.61,6486.41470699
2026-05-28T02:29:01.511392+00:00,,74065.61,6486.41470699
2026-05-28T02:29:01.729576+00:00,,74065.61,6486.41470699
2026-05-28T02:29:01.994551+00:00,,74065.61,6486.41470699
2026-05-28T02:29:02.749286+00:00,,74065.61,6486.41470699
2026-05-28T02:29:02.929295+00:00,,74065.61,6486.29676237
2026-05-28T02:29:02.980210+00:00,,74065.61,6486.29676237
2026-05-28T02:29:03.479162+00:00,,74065.61,6486.29676237
2026-05-28T02:29:03.673848+00:00,,74071.46,6486.29676237
2026-05-28T02:29:03.729318+00:00,,74071.46,6486.29676237
2026-05-28T02:29:03.977477+00:00,,74071.46,6486.29676237
2026-05-28T02:29:04.228507+00:00,,74071.46,6486.29676237
2026-05-28T02:29:04.402094+00:00,,74071.45,6486.29676237
2026-05-28T02:29:04.477873+00:00,,74071.45,6486.29676237
2026-05-28T02:29:04.729442+00:00,,74071.45,6486.29676237
2026-05-28T02:29:04.977323+00:00,,74071.45,6486.29676237
2026-05-28T02:29:05.476310+00:00,,74071.45,6486.29676237
2026-05-28T02:29:05.977568+00:00,,74071.45,6486.29676237
2026-05-28T02:29:06.232034+00:00,,74071.45,6486.29676237
2026-05-28T02:29:06.479888+00:00,,74071.45,6486.29676237
2026-05-28T02:29:06.654444+00:00,,74071.46,6486.29676237
2026-05-28T02:29:06.739369+00:00,,74071.46,6486.29676237
2026-05-28T02:29:06.977215+00:00,,74071.46,6486.29676237
2026-05-28T02:29:07.233627+00:00,,74071.46,6486.29676237
2026-05-28T02:29:07.407733+00:00,,74071.45,6486.29676237
2026-05-28T02:29:07.480052+00:00,,74071.45,6486.29676237
2026-05-28T02:29:07.652662+00:00,,74071.46,6486.29676237
2026-05-28T02:29:07.733829+00:00,,74071.46,6486.29676237
2026-05-28T02:29:07.909021+00:00,,74082.63,6486.29676237
2026-05-28T02:29:07.977441+00:00,,74082.63,6486.29676237
2026-05-28T02:29:08.229337+00:00,,74082.63,6486.29676237
2026-05-28T02:29:08.980056+00:00,,74082.63,6486.29676237
2026-05-28T02:29:09.230935+00:00,,74082.63,6486.29676237
2026-05-28T02:29:09.405027+00:00,,74082.67,6486.29676237
2026-05-28T02:29:09.482534+00:00,,74082.67,6486.29676237
2026-05-28T02:29:09.731036+00:00,,74082.67,6486.29676237
2026-05-28T02:29:09.902412+00:00,,74082.68,6486.29676237
2026-05-28T02:29:10.240489+00:00,,74082.68,6486.29676237
2026-05-28T02:29:10.482011+00:00,,74082.68,6486.29676237
2026-05-28T02:29:10.660018+00:00,,74082.67,6486.29676237
2026-05-28T02:29:10.741172+00:00,,74082.67,6486.29676237
2026-05-28T02:29:11.479171+00:00,,74082.67,6486.29676237
2026-05-28T02:29:11.732472+00:00,,74082.67,6486.29676237
2026-05-28T02:29:12.478808+00:00,,74082.67,6486.29676237
2026-05-28T02:29:12.672704+00:00,,74073.56,6486.29676237
2026-05-28T02:29:12.911921+00:00,,74082.67,6486.30909923
2026-05-28T02:29:12.975610+00:00,,74082.67,6486.30909923
2026-05-28T02:29:13.734909+00:00,,74082.67,6486.30909923
2026-05-28T02:29:13.981647+00:00,,74082.67,6486.30909923
2026-05-28T02:29:14.119293+00:00,,74081.96,6486.30909923
2026-05-28T02:29:14.237817+00:00,,74081.96,6486.30909923
2026-05-28T02:29:14.477214+00:00,,74081.96,6486.30909923
2026-05-28T02:29:14.660851+00:00,,74079.38,6486.30909923
