timestamp_utc,unix_ms,event_type,best_yes_bid,best_yes_ask,mid_yes,spread_yes,best_no_bid,best_no_ask,mid_no,spread_no,yes_depth_3,no_depth_3
2026-05-28T02:14:15.414760+00:00,1779934455414,snapshot,0.87,0.88,0.875,0.01,0.12,0.13,0.125,0.01,848.6,2675.39
2026-05-28T02:14:15.422193+00:00,1779934455422,delta,0.87,0.88,0.875,0.01,0.12,0.13,0.125,0.01,848.6,2675.39
2026-05-28T02:14:15.423148+00:00,1779934455423,delta,0.87,0.88,0.875,0.01,0.12,0.13,0.125,0.01,848.6,2675.39
2026-05-28T02:14:15.423753+00:00,1779934455423,delta,0.87,0.88,0.875,0.01,0.12,0.13,0.125,0.01,874.03,2675.39
2026-05-28T02:14:15.424379+00:00,1779934455424,delta,0.87,0.88,0.875,0.01,0.12,0.13,0.125,0.01,874.03,2675.39
2026-05-28T02:14:15.425016+00:00,1779934455425,delta,0.87,0.88,0.875,0.01,0.12,0.13,0.125,0.01,874.03,2675.39
2026-05-28T02:14:15.425563+00:00,1779934455425,delta,0.87,0.88,0.875,0.01,0.12,0.13,0.125,0.01,874.03,3475.39
2026-05-28T02:14:15.426129+00:00,1779934455426,delta,0.87,0.88,0.875,0.01,0.12,0.13,0.125,0.01,874.03,3475.39
2026-05-28T02:14:15.426637+00:00,1779934455426,delta,0.87,0.88,0.875,0.01,0.12,0.13,0.125,0.01,874.03,3475.39
2026-05-28T02:14:15.427148+00:00,1779934455427,delta,0.87,0.88,0.875,0.01,0.12,0.13,0.125,0.01,874.03,3475.39
2026-05-28T02:14:15.427679+00:00,1779934455427,delta,0.87,0.88,0.875,0.01,0.12,0.13,0.125,0.01,874.03,3475.39
2026-05-28T02:14:15.449673+00:00,1779934455449,delta,0.87,0.88,0.875,0.01,0.12,0.13,0.125,0.01,902.89,3475.39
2026-05-28T02:14:15.451124+00:00,1779934455451,delta,0.87,0.88,0.875,0.01,0.12,0.13,0.125,0.01,902.89,3639.39
2026-05-28T02:14:15.451585+00:00,1779934455451,delta,0.87,0.88,0.875,0.01,0.12,0.13,0.125,0.01,902.89,3647.39
2026-05-28T02:14:15.459591+00:00,1779934455459,delta,0.87,0.88,0.875,0.01,0.12,0.13,0.125,0.01,902.89,3643.09
2026-05-28T02:14:15.460373+00:00,1779934455460,delta,0.87,0.88,0.875,0.01,0.12,0.13,0.125,0.01,877.46,3643.09
2026-05-28T02:14:15.461270+00:00,1779934455461,delta,0.87,0.88,0.875,0.01,0.12,0.13,0.125,0.01,877.46,3643.09
2026-05-28T02:14:15.461952+00:00,1779934455461,delta,0.87,0.88,0.875,0.01,0.12,0.13,0.125,0.01,877.46,3643.09
2026-05-28T02:14:15.462482+00:00,1779934455462,delta,0.87,0.88,0.875,0.01,0.12,0.13,0.125,0.01,877.46,3643.09
2026-05-28T02:14:15.462961+00:00,1779934455462,delta,0.87,0.88,0.875,0.01,0.12,0.13,0.125,0.01,868.46,3643.09
2026-05-28T02:14:15.463453+00:00,1779934455463,delta,0.87,0.88,0.875,0.01,0.12,0.13,0.125,0.01,862.23,3643.09
2026-05-28T02:14:15.479220+00:00,1779934455479,delta,0.87,0.88,0.875,0.01,0.12,0.13,0.125,0.01,833.37,3643.09
2026-05-28T02:14:15.480939+00:00,1779934455480,delta,0.87,0.88,0.875,0.01,0.12,0.13,0.125,0.01,833.37,3643.09
2026-05-28T02:14:15.481561+00:00,1779934455481,delta,0.87,0.88,0.875,0.01,0.12,0.13,0.125,0.01,833.37,3643.09
2026-05-28T02:14:15.482069+00:00,1779934455482,delta,0.87,0.88,0.875,0.01,0.12,0.13,0.125,0.01,833.37,2843.09
2026-05-28T02:14:15.482539+00:00,1779934455482,delta,0.87,0.88,0.875,0.01,0.12,0.13,0.125,0.01,833.37,2813.0
2026-05-28T02:14:15.483018+00:00,1779934455483,delta,0.87,0.88,0.875,0.01,0.12,0.13,0.125,0.01,833.37,2754.53
2026-05-28T02:14:15.483476+00:00,1779934455483,delta,0.87,0.88,0.875,0.01,0.12,0.13,0.125,0.01,833.37,2749.2
2026-05-28T02:14:15.483960+00:00,1779934455483,delta,0.87,0.88,0.875,0.01,0.12,0.13,0.125,0.01,833.37,2720.2
2026-05-28T02:14:15.484438+00:00,1779934455484,delta,0.87,0.88,0.875,0.01,0.12,0.13,0.125,0.01,833.37,2720.2
2026-05-28T02:14:15.484936+00:00,1779934455484,delta,0.87,0.88,0.875,0.01,0.12,0.13,0.125,0.01,833.37,2720.2
2026-05-28T02:14:15.510682+00:00,1779934455510,delta,0.87,0.88,0.875,0.01,0.12,0.13,0.125,0.01,864.37,2720.2
2026-05-28T02:14:15.511389+00:00,1779934455511,delta,0.87,0.88,0.875,0.01,0.12,0.13,0.125,0.01,864.37,2720.2
2026-05-28T02:14:15.512006+00:00,1779934455512,delta,0.87,0.88,0.875,0.01,0.12,0.13,0.125,0.01,864.37,2720.2
2026-05-28T02:14:15.533550+00:00,1779934455533,delta,0.87,0.88,0.875,0.01,0.12,0.13,0.125,0.01,864.37,3520.2
2026-05-28T02:14:15.534318+00:00,1779934455534,delta,0.87,0.88,0.875,0.01,0.12,0.13,0.125,0.01,864.37,3520.2
2026-05-28T02:14:15.534986+00:00,1779934455534,delta,0.87,0.88,0.875,0.01,0.12,0.13,0.125,0.01,864.37,3520.2
2026-05-28T02:14:15.535911+00:00,1779934455535,delta,0.87,0.88,0.875,0.01,0.12,0.13,0.125,0.01,864.37,3170.2
2026-05-28T02:14:15.538382+00:00,1779934455538,delta,0.87,0.88,0.875,0.01,0.12,0.13,0.125,0.01,864.37,3520.2
2026-05-28T02:14:15.539590+00:00,1779934455539,delta,0.87,0.88,0.875,0.01,0.12,0.13,0.125,0.01,864.37,3065.2
2026-05-28T02:14:15.540755+00:00,1779934455540,delta,0.87,0.88,0.875,0.01,0.12,0.13,0.125,0.01,864.37,3520.2
2026-05-28T02:14:15.541366+00:00,1779934455541,delta,0.87,0.88,0.875,0.01,0.12,0.13,0.125,0.01,514.37,3520.2
2026-05-28T02:14:15.541801+00:00,1779934455541,delta,0.87,0.88,0.875,0.01,0.12,0.13,0.125,0.01,514.37,3520.2
2026-05-28T02:14:15.542255+00:00,1779934455542,delta,0.87,0.88,0.875,0.01,0.12,0.13,0.125,0.01,514.37,3413.0
2026-05-28T02:14:15.542693+00:00,1779934455542,delta,0.87,0.88,0.875,0.01,0.12,0.13,0.125,0.01,514.37,3213.0
2026-05-28T02:14:15.543112+00:00,1779934455543,delta,0.87,0.88,0.875,0.01,0.12,0.13,0.125,0.01,514.37,3213.0
2026-05-28T02:14:15.543534+00:00,1779934455543,delta,0.87,0.88,0.875,0.01,0.12,0.13,0.125,0.01,514.37,3213.0
2026-05-28T02:14:15.543945+00:00,1779934455543,delta,0.87,0.88,0.875,0.01,0.12,0.13,0.125,0.01,514.37,3233.0
2026-05-28T02:14:15.544349+00:00,1779934455544,delta,0.87,0.88,0.875,0.01,0.12,0.13,0.125,0.01,514.37,3233.0
2026-05-28T02:14:15.544797+00:00,1779934455544,delta,0.87,0.88,0.875,0.01,0.12,0.13,0.125,0.01,514.37,3233.0
2026-05-28T02:14:15.545366+00:00,1779934455545,delta,0.87,0.88,0.875,0.01,0.12,0.13,0.125,0.01,514.37,3031.97
2026-05-28T02:14:15.575350+00:00,1779934455575,delta,0.87,0.88,0.875,0.01,0.12,0.13,0.125,0.01,514.37,3023.97
2026-05-28T02:14:15.576008+00:00,1779934455576,delta,0.87,0.88,0.875,0.01,0.12,0.13,0.125,0.01,514.37,2858.97
2026-05-28T02:14:15.576587+00:00,1779934455576,delta,0.87,0.88,0.875,0.01,0.12,0.13,0.125,0.01,514.37,2858.97
2026-05-28T02:14:15.577017+00:00,1779934455577,delta,0.87,0.88,0.875,0.01,0.12,0.13,0.125,0.01,514.37,2858.97
2026-05-28T02:14:15.577494+00:00,1779934455577,delta,0.87,0.88,0.875,0.01,0.12,0.13,0.125,0.01,514.37,2858.97
2026-05-28T02:14:15.577977+00:00,1779934455577,delta,0.87,0.88,0.875,0.01,0.12,0.13,0.125,0.01,514.37,3038.97
2026-05-28T02:14:15.578389+00:00,1779934455578,delta,0.87,0.88,0.875,0.01,0.12,0.13,0.125,0.01,514.37,3088.97
2026-05-28T02:14:15.578828+00:00,1779934455578,delta,0.87,0.88,0.875,0.01,0.12,0.13,0.125,0.01,514.37,2490.0
2026-05-28T02:14:15.579253+00:00,1779934455579,delta,0.87,0.88,0.875,0.01,0.12,0.13,0.125,0.01,514.37,2690.0
2026-05-28T02:14:15.579652+00:00,1779934455579,delta,0.87,0.88,0.875,0.01,0.12,0.13,0.125,0.01,514.37,2890.0
2026-05-28T02:14:15.580051+00:00,1779934455580,delta,0.87,0.88,0.875,0.01,0.12,0.13,0.125,0.01,514.37,2890.0
2026-05-28T02:14:15.580443+00:00,1779934455580,delta,0.87,0.88,0.875,0.01,0.12,0.13,0.125,0.01,514.37,2890.0
2026-05-28T02:14:15.580847+00:00,1779934455580,delta,0.87,0.88,0.875,0.01,0.12,0.13,0.125,0.01,514.37,3090.0
2026-05-28T02:14:15.590364+00:00,1779934455590,delta,0.87,0.88,0.875,0.01,0.12,0.13,0.125,0.01,514.37,3090.0
2026-05-28T02:14:15.591144+00:00,1779934455591,delta,0.87,0.88,0.875,0.01,0.12,0.13,0.125,0.01,514.37,3090.0
2026-05-28T02:14:15.591824+00:00,1779934455591,delta,0.87,0.88,0.875,0.01,0.12,0.13,0.125,0.01,483.37,3090.0
2026-05-28T02:14:15.592467+00:00,1779934455592,delta,0.87,0.88,0.875,0.01,0.12,0.13,0.125,0.01,483.37,1840.0
2026-05-28T02:14:15.593095+00:00,1779934455593,delta,0.87,0.88,0.875,0.01,0.12,0.13,0.125,0.01,483.37,1840.0
2026-05-28T02:14:15.593528+00:00,1779934455593,delta,0.87,0.88,0.875,0.01,0.12,0.13,0.125,0.01,483.37,1840.0
2026-05-28T02:14:15.593988+00:00,1779934455593,delta,0.87,0.88,0.875,0.01,0.12,0.13,0.125,0.01,483.37,1830.0
2026-05-28T02:14:15.594490+00:00,1779934455594,delta,0.87,0.88,0.875,0.01,0.12,0.13,0.125,0.01,483.37,1838.0
2026-05-28T02:14:15.594933+00:00,1779934455594,delta,0.87,0.88,0.875,0.01,0.12,0.13,0.125,0.01,483.37,1833.0
2026-05-28T02:14:15.622489+00:00,1779934455622,delta,0.87,0.88,0.875,0.01,0.12,0.13,0.125,0.01,483.37,1833.0
2026-05-28T02:14:15.623176+00:00,1779934455623,delta,0.87,0.88,0.875,0.01,0.12,0.13,0.125,0.01,483.37,2633.0
2026-05-28T02:14:15.623613+00:00,1779934455623,delta,0.87,0.88,0.875,0.01,0.12,0.13,0.125,0.01,483.37,2633.0
2026-05-28T02:14:15.624050+00:00,1779934455624,delta,0.87,0.88,0.875,0.01,0.12,0.13,0.125,0.01,483.37,2433.0
2026-05-28T02:14:15.624436+00:00,1779934455624,delta,0.87,0.88,0.875,0.01,0.12,0.13,0.125,0.01,483.37,2253.0
2026-05-28T02:14:15.624862+00:00,1779934455624,delta,0.87,0.88,0.875,0.01,0.12,0.13,0.125,0.01,483.37,2253.0
2026-05-28T02:14:15.625272+00:00,1779934455625,delta,0.87,0.88,0.875,0.01,0.12,0.13,0.125,0.01,483.37,2228.0
2026-05-28T02:14:15.625680+00:00,1779934455625,delta,0.87,0.88,0.875,0.01,0.12,0.13,0.125,0.01,483.37,2228.0
2026-05-28T02:14:15.626055+00:00,1779934455626,delta,0.87,0.88,0.875,0.01,0.12,0.13,0.125,0.01,483.37,2228.0
2026-05-28T02:14:15.626490+00:00,1779934455626,delta,0.87,0.88,0.875,0.01,0.12,0.13,0.125,0.01,483.37,2220.0
2026-05-28T02:14:15.626864+00:00,1779934455626,delta,0.87,0.88,0.875,0.01,0.12,0.13,0.125,0.01,483.37,2054.0
2026-05-28T02:14:15.631729+00:00,1779934455631,delta,0.87,0.88,0.875,0.01,0.12,0.13,0.125,0.01,514.37,2054.0
2026-05-28T02:14:15.663263+00:00,1779934455663,delta,0.87,0.88,0.875,0.01,0.12,0.13,0.125,0.01,514.37,2054.0
2026-05-28T02:14:15.663953+00:00,1779934455663,delta,0.87,0.88,0.875,0.01,0.12,0.13,0.125,0.01,514.37,2054.0
2026-05-28T02:14:15.664636+00:00,1779934455664,delta,0.87,0.88,0.875,0.01,0.12,0.13,0.125,0.01,514.37,3304.0
2026-05-28T02:14:15.665221+00:00,1779934455665,delta,0.87,0.88,0.875,0.01,0.12,0.13,0.125,0.01,514.37,3470.0
2026-05-28T02:14:15.665693+00:00,1779934455665,delta,0.87,0.88,0.875,0.01,0.12,0.13,0.125,0.01,514.37,3479.0
2026-05-28T02:14:15.666144+00:00,1779934455666,delta,0.87,0.88,0.875,0.01,0.12,0.13,0.125,0.01,514.37,3479.0
2026-05-28T02:14:15.666642+00:00,1779934455666,delta,0.87,0.88,0.875,0.01,0.12,0.13,0.125,0.01,514.37,3479.0
2026-05-28T02:14:15.676391+00:00,1779934455676,delta,0.87,0.88,0.875,0.01,0.12,0.13,0.125,0.01,514.37,3479.0
2026-05-28T02:14:15.677102+00:00,1779934455677,delta,0.87,0.88,0.875,0.01,0.12,0.13,0.125,0.01,514.37,3479.0
2026-05-28T02:14:15.677729+00:00,1779934455677,delta,0.87,0.88,0.875,0.01,0.12,0.13,0.125,0.01,514.37,3479.0
2026-05-28T02:14:15.678219+00:00,1779934455678,delta,0.87,0.88,0.875,0.01,0.12,0.13,0.125,0.01,514.37,3659.0
2026-05-28T02:14:15.678606+00:00,1779934455678,delta,0.87,0.88,0.875,0.01,0.12,0.13,0.125,0.01,514.37,3859.0
2026-05-28T02:14:15.678990+00:00,1779934455678,delta,0.87,0.88,0.875,0.01,0.12,0.13,0.125,0.01,514.37,4059.0
2026-05-28T02:14:15.679445+00:00,1779934455679,delta,0.87,0.88,0.875,0.01,0.12,0.13,0.125,0.01,514.37,4059.0
2026-05-28T02:14:15.679975+00:00,1779934455679,delta,0.87,0.88,0.875,0.01,0.12,0.13,0.125,0.01,514.37,4059.0
2026-05-28T02:14:15.680397+00:00,1779934455680,delta,0.87,0.88,0.875,0.01,0.12,0.13,0.125,0.01,514.37,4059.0
2026-05-28T02:14:15.703267+00:00,1779934455703,delta,0.87,0.88,0.875,0.01,0.12,0.13,0.125,0.01,483.37,4059.0
2026-05-28T02:14:15.705794+00:00,1779934455705,delta,0.87,0.88,0.875,0.01,0.12,0.13,0.125,0.01,483.37,4059.0
2026-05-28T02:14:15.706580+00:00,1779934455706,delta,0.87,0.88,0.875,0.01,0.12,0.13,0.125,0.01,483.37,4059.0
2026-05-28T02:14:15.707334+00:00,1779934455707,delta,0.87,0.88,0.875,0.01,0.12,0.13,0.125,0.01,514.37,4059.0
2026-05-28T02:14:15.732600+00:00,1779934455732,delta,0.87,0.88,0.875,0.01,0.12,0.13,0.125,0.01,514.37,3259.0
2026-05-28T02:14:15.733121+00:00,1779934455733,delta,0.87,0.88,0.875,0.01,0.12,0.13,0.125,0.01,514.37,3259.0
2026-05-28T02:14:15.733599+00:00,1779934455733,delta,0.87,0.88,0.875,0.01,0.12,0.13,0.125,0.01,514.37,3259.0
2026-05-28T02:14:15.734005+00:00,1779934455734,delta,0.87,0.88,0.875,0.01,0.12,0.13,0.125,0.01,514.37,3259.0
2026-05-28T02:14:15.739119+00:00,1779934455739,delta,0.87,0.88,0.875,0.01,0.12,0.13,0.125,0.01,514.37,3259.0
2026-05-28T02:14:15.740142+00:00,1779934455740,delta,0.87,0.88,0.875,0.01,0.12,0.13,0.125,0.01,514.37,3259.0
2026-05-28T02:14:15.741014+00:00,1779934455741,delta,0.87,0.88,0.875,0.01,0.12,0.13,0.125,0.01,514.37,3259.0
2026-05-28T02:14:15.791656+00:00,1779934455791,delta,0.87,0.88,0.875,0.01,0.12,0.13,0.125,0.01,483.37,3259.0
2026-05-28T02:14:15.792518+00:00,1779934455792,delta,0.87,0.88,0.875,0.01,0.12,0.13,0.125,0.01,483.37,3259.0
2026-05-28T02:14:15.793099+00:00,1779934455793,delta,0.87,0.88,0.875,0.01,0.12,0.13,0.125,0.01,483.37,3259.0
2026-05-28T02:14:15.793685+00:00,1779934455793,delta,0.87,0.88,0.875,0.01,0.12,0.13,0.125,0.01,483.37,3259.0
2026-05-28T02:14:15.794116+00:00,1779934455794,delta,0.87,0.88,0.875,0.01,0.12,0.13,0.125,0.01,483.37,3259.0
2026-05-28T02:14:15.794557+00:00,1779934455794,delta,0.87,0.88,0.875,0.01,0.12,0.13,0.125,0.01,483.37,3259.0
2026-05-28T02:14:15.794969+00:00,1779934455794,delta,0.87,0.88,0.875,0.01,0.12,0.13,0.125,0.01,4483.37,3259.0
2026-05-28T02:14:15.795389+00:00,1779934455795,delta,0.87,0.88,0.875,0.01,0.12,0.13,0.125,0.01,4483.37,3259.0
2026-05-28T02:14:15.795789+00:00,1779934455795,delta,0.87,0.88,0.875,0.01,0.12,0.13,0.125,0.01,4483.37,3259.0
2026-05-28T02:14:15.796239+00:00,1779934455796,delta,0.87,0.88,0.875,0.01,0.12,0.13,0.125,0.01,4508.8,3259.0
2026-05-28T02:14:15.808861+00:00,1779934455808,delta,0.87,0.88,0.875,0.01,0.12,0.13,0.125,0.01,4508.8,3250.0
2026-05-28T02:14:15.809595+00:00,1779934455809,delta,0.87,0.88,0.875,0.01,0.12,0.13,0.125,0.01,4508.8,3086.0
2026-05-28T02:14:15.810162+00:00,1779934455810,delta,0.87,0.88,0.875,0.01,0.12,0.13,0.125,0.01,4508.8,3086.0
2026-05-28T02:14:15.810688+00:00,1779934455810,delta,0.87,0.88,0.875,0.01,0.12,0.13,0.125,0.01,4508.8,3086.0
2026-05-28T02:14:15.811322+00:00,1779934455811,delta,0.87,0.88,0.875,0.01,0.12,0.13,0.125,0.01,4508.8,3083.42
2026-05-28T02:14:15.828265+00:00,1779934455828,delta,0.87,0.88,0.875,0.01,0.12,0.13,0.125,0.01,4508.8,3083.42
2026-05-28T02:14:15.829253+00:00,1779934455829,delta,0.87,0.88,0.875,0.01,0.12,0.13,0.125,0.01,4483.37,3083.42
2026-05-28T02:14:15.830054+00:00,1779934455830,delta,0.87,0.88,0.875,0.01,0.12,0.13,0.125,0.01,4483.37,3083.42
2026-05-28T02:14:15.855669+00:00,1779934455855,delta,0.87,0.88,0.875,0.01,0.12,0.13,0.125,0.01,4483.37,3083.42
2026-05-28T02:14:15.857157+00:00,1779934455857,delta,0.87,0.88,0.875,0.01,0.12,0.13,0.125,0.01,4483.37,3083.42
2026-05-28T02:14:15.858035+00:00,1779934455858,delta,0.87,0.88,0.875,0.01,0.12,0.13,0.125,0.01,4483.37,3083.42
2026-05-28T02:14:15.858715+00:00,1779934455858,delta,0.87,0.88,0.875,0.01,0.12,0.13,0.125,0.01,4483.37,3079.28
2026-05-28T02:14:15.862045+00:00,1779934455862,delta,0.87,0.88,0.875,0.01,0.12,0.13,0.125,0.01,4483.37,3079.28
2026-05-28T02:14:15.862723+00:00,1779934455862,delta,0.87,0.88,0.875,0.01,0.12,0.13,0.125,0.01,4483.37,3079.28
2026-05-28T02:14:15.894952+00:00,1779934455894,delta,0.87,0.88,0.875,0.01,0.12,0.13,0.125,0.01,4483.37,3079.28
2026-05-28T02:14:15.895768+00:00,1779934455895,delta,0.87,0.88,0.875,0.01,0.12,0.13,0.125,0.01,4483.37,3079.28
2026-05-28T02:14:15.896563+00:00,1779934455896,delta,0.87,0.88,0.875,0.01,0.12,0.13,0.125,0.01,4483.37,3079.28
2026-05-28T02:14:15.914210+00:00,1779934455914,delta,0.87,0.88,0.875,0.01,0.12,0.13,0.125,0.01,4483.37,3079.28
2026-05-28T02:14:15.942750+00:00,1779934455942,delta,0.87,0.88,0.875,0.01,0.12,0.13,0.125,0.01,4483.37,3079.28
2026-05-28T02:14:15.950413+00:00,1779934455950,delta,0.87,0.88,0.875,0.01,0.12,0.13,0.125,0.01,4483.37,3079.28
2026-05-28T02:14:15.951107+00:00,1779934455951,delta,0.87,0.88,0.875,0.01,0.12,0.13,0.125,0.01,4483.37,3079.28
2026-05-28T02:14:15.951668+00:00,1779934455951,delta,0.87,0.88,0.875,0.01,0.12,0.13,0.125,0.01,4483.37,3079.28
2026-05-28T02:14:15.974272+00:00,1779934455974,delta,0.87,0.88,0.875,0.01,0.12,0.13,0.125,0.01,4483.37,3079.28
2026-05-28T02:14:15.974934+00:00,1779934455974,delta,0.87,0.88,0.875,0.01,0.12,0.13,0.125,0.01,4483.37,3079.28
2026-05-28T02:14:15.975689+00:00,1779934455975,delta,0.87,0.88,0.875,0.01,0.12,0.13,0.125,0.01,4483.37,3243.28
2026-05-28T02:14:15.976121+00:00,1779934455976,delta,0.87,0.88,0.875,0.01,0.12,0.13,0.125,0.01,4483.37,3252.28
2026-05-28T02:14:15.976648+00:00,1779934455976,delta,0.87,0.88,0.875,0.01,0.12,0.13,0.125,0.01,4483.37,3252.28
2026-05-28T02:14:16.008525+00:00,1779934456008,delta,0.87,0.88,0.875,0.01,0.12,0.13,0.125,0.01,4483.37,3252.28
2026-05-28T02:14:16.039935+00:00,1779934456039,delta,0.87,0.88,0.875,0.01,0.12,0.13,0.125,0.01,4483.37,3252.28
2026-05-28T02:14:16.040558+00:00,1779934456040,delta,0.87,0.88,0.875,0.01,0.12,0.13,0.125,0.01,4483.37,3252.28
2026-05-28T02:14:16.040990+00:00,1779934456040,delta,0.87,0.88,0.875,0.01,0.12,0.13,0.125,0.01,4483.37,3252.28
2026-05-28T02:14:16.041555+00:00,1779934456041,delta,0.87,0.88,0.875,0.01,0.12,0.13,0.125,0.01,4483.37,3252.28
2026-05-28T02:14:16.073142+00:00,1779934456073,delta,0.87,0.88,0.875,0.01,0.12,0.13,0.125,0.01,4483.37,3501.28
2026-05-28T02:14:16.073862+00:00,1779934456073,delta,0.87,0.88,0.875,0.01,0.12,0.13,0.125,0.01,4462.37,3501.28
2026-05-28T02:14:16.075412+00:00,1779934456075,delta,0.87,0.88,0.875,0.01,0.12,0.13,0.125,0.01,4323.6,3501.28
2026-05-28T02:14:16.075990+00:00,1779934456075,delta,0.87,0.88,0.875,0.01,0.12,0.13,0.125,0.01,4129.37,3501.28
2026-05-28T02:14:16.130327+00:00,1779934456130,delta,0.87,0.88,0.875,0.01,0.12,0.13,0.125,0.01,4129.37,3501.28
2026-05-28T02:14:16.130919+00:00,1779934456130,delta,0.87,0.88,0.875,0.01,0.12,0.13,0.125,0.01,4129.37,3501.28
2026-05-28T02:14:16.131492+00:00,1779934456131,delta,0.87,0.88,0.875,0.01,0.12,0.13,0.125,0.01,4129.37,3676.28
2026-05-28T02:14:16.131949+00:00,1779934456131,delta,0.87,0.88,0.875,0.01,0.12,0.13,0.125,0.01,4129.37,3610.76
2026-05-28T02:14:16.152251+00:00,1779934456152,delta,0.87,0.88,0.875,0.01,0.12,0.13,0.125,0.01,4129.37,3810.76
2026-05-28T02:14:16.153093+00:00,1779934456153,delta,0.87,0.88,0.875,0.01,0.12,0.13,0.125,0.01,4129.37,4610.76
2026-05-28T02:14:16.186882+00:00,1779934456186,delta,0.87,0.88,0.875,0.01,0.12,0.13,0.125,0.01,4129.37,3810.76
2026-05-28T02:14:16.240943+00:00,1779934456240,delta,0.87,0.88,0.875,0.01,0.12,0.13,0.125,0.01,4129.37,3801.76
2026-05-28T02:14:16.241578+00:00,1779934456241,delta,0.87,0.88,0.875,0.01,0.12,0.13,0.125,0.01,4129.37,3637.76
2026-05-28T02:14:16.242164+00:00,1779934456242,delta,0.87,0.88,0.875,0.01,0.12,0.13,0.125,0.01,4129.37,3637.76
2026-05-28T02:14:16.242874+00:00,1779934456242,delta,0.87,0.88,0.875,0.01,0.12,0.13,0.125,0.01,4129.37,4437.76
2026-05-28T02:14:16.243340+00:00,1779934456243,delta,0.87,0.88,0.875,0.01,0.12,0.13,0.125,0.01,4129.37,3187.76
2026-05-28T02:14:16.243750+00:00,1779934456243,delta,0.87,0.88,0.875,0.01,0.12,0.13,0.125,0.01,4129.37,3187.76
2026-05-28T02:14:16.244241+00:00,1779934456244,delta,0.87,0.88,0.875,0.01,0.12,0.13,0.125,0.01,4129.37,3187.76
2026-05-28T02:14:16.244794+00:00,1779934456244,delta,0.87,0.88,0.875,0.01,0.12,0.13,0.125,0.01,4129.37,3187.76
2026-05-28T02:14:16.269379+00:00,1779934456269,delta,0.87,0.88,0.875,0.01,0.12,0.13,0.125,0.01,4129.37,3187.76
2026-05-28T02:14:16.272375+00:00,1779934456272,delta,0.87,0.88,0.875,0.01,0.12,0.13,0.125,0.01,4129.37,3171.64
2026-05-28T02:14:16.294007+00:00,1779934456294,delta,0.87,0.88,0.875,0.01,0.12,0.13,0.125,0.01,4129.37,3171.64
2026-05-28T02:14:16.294665+00:00,1779934456294,delta,0.87,0.88,0.875,0.01,0.12,0.13,0.125,0.01,4129.37,3171.64
2026-05-28T02:14:16.295281+00:00,1779934456295,delta,0.87,0.88,0.875,0.01,0.12,0.13,0.125,0.01,4129.37,3171.64
2026-05-28T02:14:16.295693+00:00,1779934456295,delta,0.87,0.88,0.875,0.01,0.12,0.13,0.125,0.01,4479.37,3171.64
2026-05-28T02:14:16.296107+00:00,1779934456296,delta,0.87,0.88,0.875,0.01,0.12,0.13,0.125,0.01,4479.37,2915.0
2026-05-28T02:14:16.296476+00:00,1779934456296,delta,0.87,0.88,0.875,0.01,0.12,0.13,0.125,0.01,4479.37,2915.0
2026-05-28T02:14:16.296846+00:00,1779934456296,delta,0.87,0.88,0.875,0.01,0.12,0.13,0.125,0.01,4479.37,2460.0
2026-05-28T02:14:16.297217+00:00,1779934456297,delta,0.87,0.88,0.875,0.01,0.12,0.13,0.125,0.01,4479.37,2915.0
2026-05-28T02:14:16.297661+00:00,1779934456297,delta,0.87,0.88,0.875,0.01,0.12,0.13,0.125,0.01,4479.37,2915.0
2026-05-28T02:14:16.298020+00:00,1779934456298,delta,0.87,0.88,0.875,0.01,0.12,0.13,0.125,0.01,4479.37,2915.0
2026-05-28T02:14:16.298410+00:00,1779934456298,delta,0.87,0.88,0.875,0.01,0.12,0.13,0.125,0.01,4479.37,2915.0
2026-05-28T02:14:16.298789+00:00,1779934456298,delta,0.87,0.88,0.875,0.01,0.12,0.13,0.125,0.01,4479.37,4165.0
2026-05-28T02:14:16.299132+00:00,1779934456299,delta,0.87,0.88,0.875,0.01,0.12,0.13,0.125,0.01,4479.37,4165.0
2026-05-28T02:14:16.352230+00:00,1779934456352,delta,0.87,0.88,0.875,0.01,0.12,0.13,0.125,0.01,4479.37,4165.0
2026-05-28T02:14:16.353619+00:00,1779934456353,delta,0.87,0.88,0.875,0.01,0.12,0.13,0.125,0.01,4934.37,4165.0
2026-05-28T02:14:16.355475+00:00,1779934456355,delta,0.87,0.88,0.875,0.01,0.12,0.13,0.125,0.01,4934.37,3965.0
2026-05-28T02:14:16.356093+00:00,1779934456356,delta,0.87,0.88,0.875,0.01,0.12,0.13,0.125,0.01,4934.37,3965.0
2026-05-28T02:14:16.356576+00:00,1779934456356,delta,0.87,0.88,0.875,0.01,0.12,0.13,0.125,0.01,4934.37,3965.0
2026-05-28T02:14:16.356986+00:00,1779934456356,delta,0.87,0.88,0.875,0.01,0.12,0.13,0.125,0.01,4934.37,3510.0
2026-05-28T02:14:16.357359+00:00,1779934456357,delta,0.87,0.88,0.875,0.01,0.12,0.13,0.125,0.01,4934.37,3510.0
2026-05-28T02:14:16.357763+00:00,1779934456357,delta,0.87,0.88,0.875,0.01,0.12,0.13,0.125,0.01,4584.37,3510.0
2026-05-28T02:14:16.358153+00:00,1779934456358,delta,0.87,0.88,0.875,0.01,0.12,0.13,0.125,0.01,4934.37,3510.0
2026-05-28T02:14:16.358558+00:00,1779934456358,delta,0.87,0.88,0.875,0.01,0.12,0.13,0.125,0.01,4934.37,3510.0
2026-05-28T02:14:16.358945+00:00,1779934456358,delta,0.87,0.88,0.875,0.01,0.12,0.13,0.125,0.01,4934.37,3510.0
2026-05-28T02:14:16.359411+00:00,1779934456359,delta,0.87,0.88,0.875,0.01,0.12,0.13,0.125,0.01,4934.37,3510.0
2026-05-28T02:14:16.359827+00:00,1779934456359,delta,0.87,0.88,0.875,0.01,0.12,0.13,0.125,0.01,4934.37,3510.0
2026-05-28T02:14:16.360446+00:00,1779934456360,delta,0.87,0.88,0.875,0.01,0.12,0.13,0.125,0.01,4934.37,3510.0
2026-05-28T02:14:16.361023+00:00,1779934456361,delta,0.87,0.88,0.875,0.01,0.12,0.13,0.125,0.01,4934.37,3510.0
2026-05-28T02:14:16.361528+00:00,1779934456361,delta,0.87,0.88,0.875,0.01,0.12,0.13,0.125,0.01,4479.37,3510.0
2026-05-28T02:14:16.361982+00:00,1779934456361,delta,0.87,0.88,0.875,0.01,0.12,0.13,0.125,0.01,4934.37,3510.0
2026-05-28T02:14:16.362463+00:00,1779934456362,delta,0.87,0.88,0.875,0.01,0.12,0.13,0.125,0.01,4934.37,3490.0
2026-05-28T02:14:16.362942+00:00,1779934456362,delta,0.87,0.88,0.875,0.01,0.12,0.13,0.125,0.01,4934.37,3440.0
2026-05-28T02:14:16.363497+00:00,1779934456363,delta,0.87,0.88,0.875,0.01,0.12,0.13,0.125,0.01,4934.37,3260.0
2026-05-28T02:14:16.363943+00:00,1779934456363,delta,0.87,0.88,0.875,0.01,0.12,0.13,0.125,0.01,4934.37,3060.0
2026-05-28T02:14:16.364317+00:00,1779934456364,delta,0.87,0.88,0.875,0.01,0.12,0.13,0.125,0.01,4934.37,2860.0
2026-05-28T02:14:16.364701+00:00,1779934456364,delta,0.87,0.88,0.875,0.01,0.12,0.13,0.125,0.01,4934.37,2685.0
2026-05-28T02:14:16.365313+00:00,1779934456365,delta,0.87,0.88,0.875,0.01,0.12,0.13,0.125,0.01,5109.37,2685.0
2026-05-28T02:14:16.365904+00:00,1779934456365,delta,0.87,0.88,0.875,0.01,0.12,0.13,0.125,0.01,5109.37,2685.0
2026-05-28T02:14:16.366402+00:00,1779934456366,delta,0.87,0.88,0.875,0.01,0.12,0.13,0.125,0.01,5109.37,2685.0
2026-05-28T02:14:16.366982+00:00,1779934456366,delta,0.87,0.88,0.875,0.01,0.12,0.13,0.125,0.01,5109.37,2685.0
2026-05-28T02:14:16.367590+00:00,1779934456367,delta,0.87,0.88,0.875,0.01,0.12,0.13,0.125,0.01,5109.37,2685.0
2026-05-28T02:14:16.382876+00:00,1779934456382,delta,0.87,0.88,0.875,0.01,0.12,0.13,0.125,0.01,5109.37,2685.0
2026-05-28T02:14:16.383520+00:00,1779934456383,delta,0.87,0.88,0.875,0.01,0.12,0.13,0.125,0.01,5109.37,2685.0
2026-05-28T02:14:16.384104+00:00,1779934456384,delta,0.87,0.88,0.875,0.01,0.12,0.13,0.125,0.01,5109.37,2685.0
2026-05-28T02:14:16.384487+00:00,1779934456384,delta,0.87,0.88,0.875,0.01,0.12,0.13,0.125,0.01,5109.37,2685.0
2026-05-28T02:14:16.384855+00:00,1779934456384,delta,0.87,0.88,0.875,0.01,0.12,0.13,0.125,0.01,5109.37,1885.0
2026-05-28T02:14:16.385279+00:00,1779934456385,delta,0.87,0.88,0.875,0.01,0.12,0.13,0.125,0.01,5109.37,635.0
2026-05-28T02:14:16.385765+00:00,1779934456385,delta,0.87,0.88,0.875,0.01,0.12,0.13,0.125,0.01,5109.37,685.0
2026-05-28T02:14:16.386389+00:00,1779934456386,delta,0.87,0.88,0.875,0.01,0.12,0.13,0.125,0.01,5109.37,679.43
2026-05-28T02:14:16.405330+00:00,1779934456405,delta,0.87,0.88,0.875,0.01,0.12,0.13,0.125,0.01,5109.37,479.43
2026-05-28T02:14:16.406193+00:00,1779934456406,delta,0.87,0.88,0.875,0.01,0.12,0.13,0.125,0.01,5109.37,479.43
2026-05-28T02:14:16.406678+00:00,1779934456406,delta,0.87,0.88,0.875,0.01,0.12,0.13,0.125,0.01,5109.37,479.43
2026-05-28T02:14:16.407060+00:00,1779934456407,delta,0.87,0.88,0.875,0.01,0.12,0.13,0.125,0.01,5909.37,479.43
2026-05-28T02:14:16.407490+00:00,1779934456407,delta,0.87,0.88,0.875,0.01,0.12,0.13,0.125,0.01,5909.37,479.43
2026-05-28T02:14:16.407889+00:00,1779934456407,delta,0.87,0.88,0.875,0.01,0.12,0.13,0.125,0.01,5909.37,479.43
2026-05-28T02:14:16.408262+00:00,1779934456408,delta,0.87,0.88,0.875,0.01,0.12,0.13,0.125,0.01,5559.37,479.43
2026-05-28T02:14:16.408641+00:00,1779934456408,delta,0.87,0.88,0.875,0.01,0.12,0.13,0.125,0.01,5104.37,479.43
2026-05-28T02:14:16.409091+00:00,1779934456409,delta,0.87,0.88,0.875,0.01,0.12,0.13,0.125,0.01,5559.37,479.43
2026-05-28T02:14:16.409617+00:00,1779934456409,delta,0.87,0.88,0.875,0.01,0.12,0.13,0.125,0.01,5559.37,479.43
2026-05-28T02:14:16.410106+00:00,1779934456410,delta,0.87,0.88,0.875,0.01,0.12,0.13,0.125,0.01,5559.37,479.43
2026-05-28T02:14:16.410596+00:00,1779934456410,delta,0.87,0.88,0.875,0.01,0.12,0.13,0.125,0.01,5559.37,474.43
2026-05-28T02:14:16.411104+00:00,1779934456411,delta,0.87,0.88,0.875,0.01,0.12,0.13,0.125,0.01,5559.37,443.74
2026-05-28T02:14:16.411547+00:00,1779934456411,delta,0.87,0.88,0.875,0.01,0.12,0.13,0.125,0.01,5559.37,435.0
2026-05-28T02:14:16.411920+00:00,1779934456411,delta,0.87,0.88,0.875,0.01,0.12,0.13,0.125,0.01,5559.37,449.31
2026-05-28T02:14:16.412302+00:00,1779934456412,delta,0.87,0.88,0.875,0.01,0.12,0.13,0.125,0.01,5559.37,434.22
2026-05-28T02:14:16.412699+00:00,1779934456412,delta,0.88,0.88,0.88,0.0,0.12,0.12,0.12,0.0,5758.91,434.22
2026-05-28T02:14:16.413232+00:00,1779934456413,delta,0.88,0.88,0.88,0.0,0.12,0.12,0.12,0.0,5303.91,434.22
2026-05-28T02:14:16.413647+00:00,1779934456413,delta,0.88,0.88,0.88,0.0,0.12,0.12,0.12,0.0,5758.91,434.22
2026-05-28T02:14:16.414056+00:00,1779934456414,delta,0.88,0.88,0.88,0.0,0.12,0.12,0.12,0.0,5758.91,434.22
2026-05-28T02:14:16.414405+00:00,1779934456414,delta,0.88,0.88,0.88,0.0,0.12,0.12,0.12,0.0,5758.91,434.22
2026-05-28T02:14:16.414730+00:00,1779934456414,delta,0.88,0.88,0.88,0.0,0.12,0.12,0.12,0.0,5758.91,434.22
2026-05-28T02:14:16.415104+00:00,1779934456415,delta,0.88,0.88,0.88,0.0,0.12,0.12,0.12,0.0,5758.91,434.22
2026-05-28T02:14:16.415445+00:00,1779934456415,delta,0.88,0.88,0.88,0.0,0.12,0.12,0.12,0.0,4958.91,434.22
2026-05-28T02:14:16.415788+00:00,1779934456415,delta,0.88,0.88,0.88,0.0,0.12,0.12,0.12,0.0,4958.91,434.22
2026-05-28T02:14:16.433000+00:00,1779934456433,delta,0.88,0.88,0.88,0.0,0.12,0.12,0.12,0.0,4958.91,434.22
2026-05-28T02:14:16.439273+00:00,1779934456439,delta,0.88,0.88,0.88,0.0,0.12,0.12,0.12,0.0,4958.91,434.22
2026-05-28T02:14:16.440024+00:00,1779934456440,delta,0.88,0.88,0.88,0.0,0.12,0.12,0.12,0.0,4958.91,434.22
2026-05-28T02:14:16.440570+00:00,1779934456440,delta,0.88,0.88,0.88,0.0,0.12,0.12,0.12,0.0,5133.91,434.22
2026-05-28T02:14:16.441034+00:00,1779934456441,delta,0.88,0.88,0.88,0.0,0.12,0.12,0.12,0.0,4678.91,434.22
2026-05-28T02:14:16.441452+00:00,1779934456441,delta,0.88,0.88,0.88,0.0,0.12,0.12,0.12,0.0,5133.91,434.22
2026-05-28T02:14:16.441826+00:00,1779934456441,delta,0.88,0.88,0.88,0.0,0.12,0.12,0.12,0.0,5133.91,274.31
2026-05-28T02:14:16.442224+00:00,1779934456442,delta,0.88,0.88,0.88,0.0,0.12,0.12,0.12,0.0,5133.91,274.31
2026-05-28T02:14:16.442572+00:00,1779934456442,delta,0.88,0.88,0.88,0.0,0.12,0.12,0.12,0.0,5133.91,274.31
2026-05-28T02:14:16.443001+00:00,1779934456443,delta,0.88,0.88,0.88,0.0,0.12,0.12,0.12,0.0,4783.91,274.31
2026-05-28T02:14:16.443395+00:00,1779934456443,delta,0.88,0.88,0.88,0.0,0.12,0.12,0.12,0.0,5133.91,274.31
2026-05-28T02:14:16.443796+00:00,1779934456443,delta,0.88,0.88,0.88,0.0,0.12,0.12,0.12,0.0,5133.91,25.31
2026-05-28T02:14:16.444151+00:00,1779934456444,delta,0.88,0.88,0.88,0.0,0.12,0.12,0.12,0.0,5133.91,11.0
2026-05-28T02:14:16.444504+00:00,1779934456444,delta,0.88,0.88,0.88,0.0,0.12,0.12,0.12,0.0,5133.91,175.0
2026-05-28T02:14:16.444870+00:00,1779934456444,delta,0.88,0.88,0.88,0.0,0.12,0.12,0.12,0.0,5133.91,175.0
2026-05-28T02:14:16.445266+00:00,1779934456445,delta,0.88,0.88,0.88,0.0,0.12,0.12,0.12,0.0,5133.91,175.0
2026-05-28T02:14:16.445692+00:00,1779934456445,delta,0.88,0.88,0.88,0.0,0.12,0.12,0.12,0.0,5133.91,175.0
2026-05-28T02:14:16.446107+00:00,1779934456446,delta,0.88,0.88,0.88,0.0,0.12,0.12,0.12,0.0,5133.91,175.0
2026-05-28T02:14:16.446496+00:00,1779934456446,delta,0.88,0.88,0.88,0.0,0.12,0.12,0.12,0.0,5133.91,175.0
2026-05-28T02:14:16.446859+00:00,1779934456446,delta,0.88,0.88,0.88,0.0,0.12,0.12,0.12,0.0,5133.91,175.0
2026-05-28T02:14:16.447247+00:00,1779934456447,delta,0.88,0.88,0.88,0.0,0.12,0.12,0.12,0.0,5133.91,175.0
2026-05-28T02:14:16.447556+00:00,1779934456447,delta,0.88,0.88,0.88,0.0,0.12,0.12,0.12,0.0,5133.91,175.0
2026-05-28T02:14:16.447896+00:00,1779934456447,delta,0.88,0.88,0.88,0.0,0.12,0.12,0.12,0.0,4678.91,175.0
2026-05-28T02:14:16.448217+00:00,1779934456448,delta,0.88,0.88,0.88,0.0,0.12,0.12,0.12,0.0,5133.91,175.0
2026-05-28T02:14:16.448545+00:00,1779934456448,delta,0.88,0.88,0.88,0.0,0.12,0.12,0.12,0.0,5133.91,175.0
2026-05-28T02:14:16.448884+00:00,1779934456448,delta,0.88,0.88,0.88,0.0,0.12,0.12,0.12,0.0,5133.91,175.0
2026-05-28T02:14:16.449242+00:00,1779934456449,delta,0.88,0.88,0.88,0.0,0.12,0.12,0.12,0.0,5133.91,175.0
2026-05-28T02:14:16.449580+00:00,1779934456449,delta,0.88,0.88,0.88,0.0,0.12,0.12,0.12,0.0,5133.91,175.0
2026-05-28T02:14:16.449900+00:00,1779934456449,delta,0.88,0.88,0.88,0.0,0.12,0.12,0.12,0.0,5133.91,175.0
2026-05-28T02:14:16.450212+00:00,1779934456450,delta,0.88,0.88,0.88,0.0,0.12,0.12,0.12,0.0,5133.91,175.0
2026-05-28T02:14:16.450552+00:00,1779934456450,delta,0.88,0.88,0.88,0.0,0.12,0.12,0.12,0.0,4783.91,175.0
2026-05-28T02:14:16.450872+00:00,1779934456450,delta,0.89,0.88,0.885,-0.01,0.12,0.11,0.115,-0.01,4960.77,175.0
2026-05-28T02:14:16.451177+00:00,1779934456451,delta,0.89,0.88,0.885,-0.01,0.12,0.11,0.115,-0.01,4960.77,175.0
2026-05-28T02:14:16.451513+00:00,1779934456451,delta,0.89,0.88,0.885,-0.01,0.12,0.11,0.115,-0.01,4960.77,175.0
2026-05-28T02:14:16.451871+00:00,1779934456451,delta,0.89,0.88,0.885,-0.01,0.12,0.11,0.115,-0.01,4960.77,175.0
2026-05-28T02:14:16.452224+00:00,1779934456452,delta,0.89,0.88,0.885,-0.01,0.12,0.11,0.115,-0.01,4960.77,175.0
2026-05-28T02:14:16.452640+00:00,1779934456452,delta,0.89,0.88,0.885,-0.01,0.12,0.11,0.115,-0.01,4960.77,175.0
2026-05-28T02:14:16.453282+00:00,1779934456453,delta,0.89,0.88,0.885,-0.01,0.12,0.11,0.115,-0.01,5010.77,175.0
2026-05-28T02:14:16.462541+00:00,1779934456462,delta,0.89,0.88,0.885,-0.01,0.12,0.11,0.115,-0.01,5010.77,175.0
2026-05-28T02:14:16.463191+00:00,1779934456463,delta,0.89,0.88,0.885,-0.01,0.12,0.11,0.115,-0.01,5010.77,175.0
2026-05-28T02:14:16.463696+00:00,1779934456463,delta,0.89,0.88,0.885,-0.01,0.12,0.11,0.115,-0.01,5010.77,175.0
2026-05-28T02:14:16.465918+00:00,1779934456465,delta,0.89,0.88,0.885,-0.01,0.12,0.11,0.115,-0.01,5010.77,150.0
2026-05-28T02:14:16.466655+00:00,1779934456466,delta,0.89,0.88,0.885,-0.01,0.12,0.11,0.115,-0.01,5010.77,150.0
2026-05-28T02:14:16.467442+00:00,1779934456467,delta,0.89,0.88,0.885,-0.01,0.12,0.11,0.115,-0.01,5010.77,175.0
2026-05-28T02:14:16.467895+00:00,1779934456467,delta,0.89,0.88,0.885,-0.01,0.12,0.11,0.115,-0.01,4960.77,175.0
2026-05-28T02:14:16.468297+00:00,1779934456468,delta,0.89,0.88,0.885,-0.01,0.12,0.11,0.115,-0.01,4960.77,175.0
2026-05-28T02:14:16.468681+00:00,1779934456468,delta,0.901,0.88,0.8905,-0.021,0.12,0.099,0.1095,-0.021,1155.0,175.0
2026-05-28T02:14:16.469022+00:00,1779934456469,delta,0.905,0.88,0.8925,-0.025,0.12,0.095,0.1075,-0.025,700.0,175.0
2026-05-28T02:14:16.469560+00:00,1779934456469,delta,0.905,0.88,0.8925,-0.025,0.12,0.095,0.1075,-0.025,525.0,175.0
2026-05-28T02:14:16.470938+00:00,1779934456470,delta,0.905,0.88,0.8925,-0.025,0.12,0.095,0.1075,-0.025,525.0,175.0
2026-05-28T02:14:16.472029+00:00,1779934456472,delta,0.905,0.88,0.8925,-0.025,0.12,0.095,0.1075,-0.025,525.0,175.0
2026-05-28T02:14:16.472624+00:00,1779934456472,delta,0.905,0.88,0.8925,-0.025,0.12,0.095,0.1075,-0.025,525.0,175.0
2026-05-28T02:14:16.494792+00:00,1779934456494,delta,0.905,0.88,0.8925,-0.025,0.12,0.095,0.1075,-0.025,525.0,175.0
2026-05-28T02:14:16.495397+00:00,1779934456495,delta,0.905,0.88,0.8925,-0.025,0.12,0.095,0.1075,-0.025,525.0,175.0
2026-05-28T02:14:16.495906+00:00,1779934456495,delta,0.908,0.88,0.894,-0.028,0.12,0.092,0.106,-0.028,525.0,175.0
2026-05-28T02:14:16.496443+00:00,1779934456496,delta,0.908,0.88,0.894,-0.028,0.12,0.092,0.106,-0.028,525.0,175.0
2026-05-28T02:14:16.496994+00:00,1779934456496,delta,0.908,0.88,0.894,-0.028,0.12,0.092,0.106,-0.028,525.0,175.0
2026-05-28T02:14:16.497528+00:00,1779934456497,delta,0.908,0.88,0.894,-0.028,0.12,0.092,0.106,-0.028,525.0,175.0
2026-05-28T02:14:16.497992+00:00,1779934456497,delta,0.908,0.88,0.894,-0.028,0.12,0.092,0.106,-0.028,525.0,175.0
2026-05-28T02:14:16.498486+00:00,1779934456498,delta,0.908,0.88,0.894,-0.028,0.12,0.092,0.106,-0.028,525.0,175.0
2026-05-28T02:14:16.498962+00:00,1779934456498,delta,0.908,0.88,0.894,-0.028,0.12,0.092,0.106,-0.028,525.0,175.0
2026-05-28T02:14:16.499453+00:00,1779934456499,delta,0.908,0.88,0.894,-0.028,0.12,0.092,0.106,-0.028,525.0,175.0
2026-05-28T02:14:16.499911+00:00,1779934456499,delta,0.908,0.88,0.894,-0.028,0.12,0.092,0.106,-0.028,525.0,175.0
2026-05-28T02:14:16.500361+00:00,1779934456500,delta,0.908,0.88,0.894,-0.028,0.12,0.092,0.106,-0.028,525.0,175.0
2026-05-28T02:14:16.500808+00:00,1779934456500,delta,0.908,0.88,0.894,-0.028,0.12,0.092,0.106,-0.028,525.0,175.0
2026-05-28T02:14:16.501245+00:00,1779934456501,delta,0.912,0.88,0.896,-0.032,0.12,0.088,0.104,-0.032,525.0,175.0
2026-05-28T02:14:16.501676+00:00,1779934456501,delta,0.912,0.88,0.896,-0.032,0.12,0.088,0.104,-0.032,525.0,175.0
2026-05-28T02:14:16.531987+00:00,1779934456531,delta,0.912,0.88,0.896,-0.032,0.12,0.088,0.104,-0.032,525.0,175.0
2026-05-28T02:14:16.532667+00:00,1779934456532,delta,0.912,0.88,0.896,-0.032,0.12,0.088,0.104,-0.032,525.0,175.0
2026-05-28T02:14:16.533169+00:00,1779934456533,delta,0.912,0.88,0.896,-0.032,0.12,0.088,0.104,-0.032,369.0,175.0
2026-05-28T02:14:16.533577+00:00,1779934456533,delta,0.915,0.88,0.8975,-0.035,0.12,0.085,0.1025,-0.035,525.0,175.0
2026-05-28T02:14:16.533969+00:00,1779934456533,delta,0.915,0.88,0.8975,-0.035,0.12,0.085,0.1025,-0.035,525.0,175.0
2026-05-28T02:14:16.534471+00:00,1779934456534,delta,0.915,0.88,0.8975,-0.035,0.12,0.085,0.1025,-0.035,525.0,175.0
2026-05-28T02:14:16.535000+00:00,1779934456535,delta,0.915,0.88,0.8975,-0.035,0.12,0.085,0.1025,-0.035,525.0,175.0
2026-05-28T02:14:16.535454+00:00,1779934456535,delta,0.915,0.88,0.8975,-0.035,0.12,0.085,0.1025,-0.035,525.0,175.0
2026-05-28T02:14:16.535977+00:00,1779934456535,delta,0.915,0.88,0.8975,-0.035,0.12,0.085,0.1025,-0.035,525.0,175.0
2026-05-28T02:14:16.537067+00:00,1779934456537,delta,0.915,0.88,0.8975,-0.035,0.12,0.085,0.1025,-0.035,525.0,175.0
2026-05-28T02:14:16.538562+00:00,1779934456538,delta,0.915,0.88,0.8975,-0.035,0.12,0.085,0.1025,-0.035,525.0,175.0
2026-05-28T02:14:16.539224+00:00,1779934456539,delta,0.915,0.88,0.8975,-0.035,0.12,0.085,0.1025,-0.035,525.0,22.0
2026-05-28T02:14:16.539781+00:00,1779934456539,delta,0.915,0.88,0.8975,-0.035,0.12,0.085,0.1025,-0.035,525.0,22.0
2026-05-28T02:14:16.540393+00:00,1779934456540,delta,0.915,0.88,0.8975,-0.035,0.12,0.085,0.1025,-0.035,525.0,22.0
2026-05-28T02:14:16.540872+00:00,1779934456540,delta,0.915,0.88,0.8975,-0.035,0.12,0.085,0.1025,-0.035,525.0,22.0
2026-05-28T02:14:16.550525+00:00,1779934456550,delta,0.915,0.88,0.8975,-0.035,0.12,0.085,0.1025,-0.035,525.0,22.0
2026-05-28T02:14:16.551309+00:00,1779934456551,delta,0.915,0.88,0.8975,-0.035,0.12,0.085,0.1025,-0.035,549.94,22.0
2026-05-28T02:14:16.551932+00:00,1779934456551,delta,0.915,0.88,0.8975,-0.035,0.12,0.085,0.1025,-0.035,549.94,175.0
2026-05-28T02:14:16.552573+00:00,1779934456552,delta,0.915,0.88,0.8975,-0.035,0.12,0.085,0.1025,-0.035,549.94,198.15
2026-05-28T02:14:16.575146+00:00,1779934456575,delta,0.915,0.88,0.8975,-0.035,0.12,0.085,0.1025,-0.035,549.94,198.15
2026-05-28T02:14:16.575855+00:00,1779934456575,delta,0.915,0.88,0.8975,-0.035,0.12,0.085,0.1025,-0.035,549.94,198.15
2026-05-28T02:14:16.576353+00:00,1779934456576,delta,0.915,0.88,0.8975,-0.035,0.12,0.085,0.1025,-0.035,549.94,50.0
2026-05-28T02:14:16.576867+00:00,1779934456576,delta,0.915,0.88,0.8975,-0.035,0.12,0.085,0.1025,-0.035,549.94,50.0
2026-05-28T02:14:16.577287+00:00,1779934456577,delta,0.916,0.88,0.898,-0.036,0.12,0.084,0.102,-0.036,370.0,50.0
2026-05-28T02:14:16.577721+00:00,1779934456577,delta,0.916,0.88,0.898,-0.036,0.12,0.084,0.102,-0.036,370.0,50.0
2026-05-28T02:14:16.578112+00:00,1779934456578,delta,0.916,0.88,0.898,-0.036,0.12,0.084,0.102,-0.036,370.0,50.0
2026-05-28T02:14:16.578566+00:00,1779934456578,delta,0.916,0.88,0.898,-0.036,0.12,0.084,0.102,-0.036,370.0,50.0
2026-05-28T02:14:16.578954+00:00,1779934456578,delta,0.916,0.88,0.898,-0.036,0.12,0.084,0.102,-0.036,370.0,50.0
2026-05-28T02:14:16.606006+00:00,1779934456606,delta,0.916,0.88,0.898,-0.036,0.12,0.084,0.102,-0.036,394.94,50.0
2026-05-28T02:14:16.606770+00:00,1779934456606,delta,0.916,0.88,0.898,-0.036,0.12,0.084,0.102,-0.036,394.94,198.15
2026-05-28T02:14:16.607242+00:00,1779934456607,delta,0.916,0.88,0.898,-0.036,0.12,0.084,0.102,-0.036,394.94,198.15
2026-05-28T02:14:16.607743+00:00,1779934456607,delta,0.916,0.88,0.898,-0.036,0.12,0.084,0.102,-0.036,394.94,175.0
2026-05-28T02:14:16.608221+00:00,1779934456608,delta,0.916,0.88,0.898,-0.036,0.12,0.084,0.102,-0.036,370.0,175.0
2026-05-28T02:14:16.659843+00:00,1779934456659,delta,0.916,0.88,0.898,-0.036,0.12,0.084,0.102,-0.036,394.91,175.0
2026-05-28T02:14:16.660572+00:00,1779934456660,delta,0.916,0.88,0.898,-0.036,0.12,0.084,0.102,-0.036,394.91,175.0
2026-05-28T02:14:16.661046+00:00,1779934456661,delta,0.916,0.88,0.898,-0.036,0.12,0.084,0.102,-0.036,394.91,198.15
2026-05-28T02:14:16.719959+00:00,1779934456719,delta,0.916,0.88,0.898,-0.036,0.12,0.084,0.102,-0.036,394.91,198.15
2026-05-28T02:14:16.722571+00:00,1779934456722,delta,0.916,0.88,0.898,-0.036,0.12,0.084,0.102,-0.036,394.91,198.15
2026-05-28T02:14:16.723441+00:00,1779934456723,delta,0.916,0.88,0.898,-0.036,0.12,0.084,0.102,-0.036,394.91,198.15
2026-05-28T02:14:16.724147+00:00,1779934456724,delta,0.916,0.88,0.898,-0.036,0.12,0.084,0.102,-0.036,394.91,50.0
2026-05-28T02:14:16.724828+00:00,1779934456724,delta,0.916,0.88,0.898,-0.036,0.12,0.084,0.102,-0.036,394.91,50.0
2026-05-28T02:14:16.725462+00:00,1779934456725,delta,0.916,0.88,0.898,-0.036,0.12,0.084,0.102,-0.036,394.91,50.0
2026-05-28T02:14:16.748949+00:00,1779934456748,delta,0.916,0.88,0.898,-0.036,0.12,0.084,0.102,-0.036,394.91,50.0
2026-05-28T02:14:16.749468+00:00,1779934456749,delta,0.916,0.88,0.898,-0.036,0.12,0.084,0.102,-0.036,394.91,50.0
2026-05-28T02:14:16.780755+00:00,1779934456780,delta,0.916,0.88,0.898,-0.036,0.12,0.084,0.102,-0.036,394.91,50.0
2026-05-28T02:14:16.781389+00:00,1779934456781,delta,0.916,0.88,0.898,-0.036,0.12,0.084,0.102,-0.036,394.91,72.85
2026-05-28T02:14:16.848884+00:00,1779934456848,delta,0.916,0.88,0.898,-0.036,0.12,0.084,0.102,-0.036,394.91,72.85
2026-05-28T02:14:16.849606+00:00,1779934456849,delta,0.916,0.88,0.898,-0.036,0.12,0.084,0.102,-0.036,394.91,72.85
2026-05-28T02:14:16.850175+00:00,1779934456850,delta,0.916,0.88,0.898,-0.036,0.12,0.084,0.102,-0.036,394.91,72.85
2026-05-28T02:14:16.872640+00:00,1779934456872,delta,0.916,0.88,0.898,-0.036,0.12,0.084,0.102,-0.036,374.91,72.85
2026-05-28T02:14:16.873328+00:00,1779934456873,delta,0.915,0.88,0.8975,-0.035,0.12,0.085,0.1025,-0.035,525.0,72.85
2026-05-28T02:14:16.873807+00:00,1779934456873,delta,0.912,0.88,0.896,-0.032,0.12,0.088,0.104,-0.032,525.0,72.85
2026-05-28T02:14:16.874264+00:00,1779934456874,delta,0.908,0.88,0.894,-0.028,0.12,0.092,0.106,-0.028,525.0,72.85
2026-05-28T02:14:16.874631+00:00,1779934456874,delta,0.908,0.88,0.894,-0.028,0.12,0.092,0.106,-0.028,394.48,72.85
2026-05-28T02:14:16.875075+00:00,1779934456875,delta,0.908,0.88,0.894,-0.028,0.12,0.092,0.106,-0.028,394.48,22.85
2026-05-28T02:14:16.875469+00:00,1779934456875,delta,0.908,0.88,0.894,-0.028,0.12,0.092,0.106,-0.028,394.48,175.0
2026-05-28T02:14:16.875836+00:00,1779934456875,delta,0.908,0.88,0.894,-0.028,0.12,0.092,0.106,-0.028,394.48,141.85
2026-05-28T02:14:16.876250+00:00,1779934456876,delta,0.908,0.88,0.894,-0.028,0.12,0.092,0.106,-0.028,394.48,141.85
2026-05-28T02:14:16.876614+00:00,1779934456876,delta,0.908,0.88,0.894,-0.028,0.12,0.092,0.106,-0.028,394.48,141.85
2026-05-28T02:14:16.896856+00:00,1779934456896,delta,0.908,0.88,0.894,-0.028,0.12,0.092,0.106,-0.028,394.48,50.0
2026-05-28T02:14:16.897496+00:00,1779934456897,delta,0.908,0.88,0.894,-0.028,0.12,0.092,0.106,-0.028,394.48,175.0
2026-05-28T02:14:16.898009+00:00,1779934456898,delta,0.908,0.88,0.894,-0.028,0.12,0.092,0.106,-0.028,394.48,175.0
2026-05-28T02:14:16.898406+00:00,1779934456898,delta,0.905,0.88,0.8925,-0.025,0.12,0.095,0.1075,-0.025,525.0,175.0
2026-05-28T02:14:16.899315+00:00,1779934456899,delta,0.905,0.88,0.8925,-0.025,0.12,0.095,0.1075,-0.025,525.0,175.0
2026-05-28T02:14:16.899724+00:00,1779934456899,delta,0.905,0.88,0.8925,-0.025,0.12,0.095,0.1075,-0.025,525.0,175.0
2026-05-28T02:14:16.924072+00:00,1779934456924,delta,0.905,0.88,0.8925,-0.025,0.12,0.095,0.1075,-0.025,525.0,175.0
2026-05-28T02:14:16.924854+00:00,1779934456924,delta,0.905,0.88,0.8925,-0.025,0.12,0.095,0.1075,-0.025,525.0,175.0
2026-05-28T02:14:16.925496+00:00,1779934456925,delta,0.905,0.88,0.8925,-0.025,0.12,0.095,0.1075,-0.025,525.0,175.0
2026-05-28T02:14:16.925973+00:00,1779934456925,delta,0.905,0.88,0.8925,-0.025,0.12,0.095,0.1075,-0.025,525.0,175.0
2026-05-28T02:14:16.952047+00:00,1779934456952,delta,0.905,0.88,0.8925,-0.025,0.12,0.095,0.1075,-0.025,525.0,175.0
2026-05-28T02:14:16.954411+00:00,1779934456954,delta,0.908,0.88,0.894,-0.028,0.12,0.092,0.106,-0.028,374.94,175.0
2026-05-28T02:14:16.955949+00:00,1779934456955,delta,0.908,0.88,0.894,-0.028,0.12,0.092,0.106,-0.028,374.94,175.0
2026-05-28T02:14:16.957038+00:00,1779934456957,delta,0.908,0.88,0.894,-0.028,0.12,0.092,0.106,-0.028,379.94,175.0
2026-05-28T02:14:16.957572+00:00,1779934456957,delta,0.908,0.88,0.894,-0.028,0.12,0.092,0.106,-0.028,379.94,175.0
2026-05-28T02:14:16.958176+00:00,1779934456958,delta,0.908,0.88,0.894,-0.028,0.12,0.092,0.106,-0.028,379.94,175.0
2026-05-28T02:14:16.958899+00:00,1779934456958,delta,0.908,0.88,0.894,-0.028,0.12,0.092,0.106,-0.028,379.94,175.0
2026-05-28T02:14:16.959586+00:00,1779934456959,delta,0.908,0.88,0.894,-0.028,0.12,0.092,0.106,-0.028,379.94,175.0
2026-05-28T02:14:16.960060+00:00,1779934456960,delta,0.908,0.88,0.894,-0.028,0.12,0.092,0.106,-0.028,379.94,175.0
2026-05-28T02:14:16.960474+00:00,1779934456960,delta,0.908,0.88,0.894,-0.028,0.12,0.092,0.106,-0.028,379.94,175.0
2026-05-28T02:14:16.960860+00:00,1779934456960,delta,0.908,0.88,0.894,-0.028,0.12,0.092,0.106,-0.028,379.94,175.0
2026-05-28T02:14:16.961281+00:00,1779934456961,delta,0.906,0.88,0.893,-0.026,0.12,0.094,0.107,-0.026,530.0,175.0
2026-05-28T02:14:16.961707+00:00,1779934456961,delta,0.906,0.88,0.893,-0.026,0.12,0.094,0.107,-0.026,530.0,175.0
2026-05-28T02:14:16.962115+00:00,1779934456962,delta,0.906,0.88,0.893,-0.026,0.12,0.094,0.107,-0.026,530.0,175.0
2026-05-28T02:14:16.984006+00:00,1779934456984,delta,0.906,0.88,0.893,-0.026,0.12,0.094,0.107,-0.026,530.0,175.0
2026-05-28T02:14:16.984924+00:00,1779934456984,delta,0.906,0.88,0.893,-0.026,0.12,0.094,0.107,-0.026,530.0,175.0
2026-05-28T02:14:16.985492+00:00,1779934456985,delta,0.906,0.88,0.893,-0.026,0.12,0.094,0.107,-0.026,530.0,196.66
2026-05-28T02:14:16.986274+00:00,1779934456986,delta,0.906,0.88,0.893,-0.026,0.12,0.094,0.107,-0.026,730.0,196.66
2026-05-28T02:14:16.987931+00:00,1779934456987,delta,0.906,0.88,0.893,-0.026,0.12,0.094,0.107,-0.026,730.0,196.66
2026-05-28T02:14:16.988825+00:00,1779934456988,delta,0.906,0.88,0.893,-0.026,0.12,0.094,0.107,-0.026,730.0,196.66
2026-05-28T02:14:16.989737+00:00,1779934456989,delta,0.906,0.88,0.893,-0.026,0.12,0.094,0.107,-0.026,730.0,196.66
2026-05-28T02:14:16.990651+00:00,1779934456990,delta,0.906,0.88,0.893,-0.026,0.12,0.094,0.107,-0.026,730.0,196.66
2026-05-28T02:14:16.992014+00:00,1779934456992,delta,0.906,0.88,0.893,-0.026,0.12,0.094,0.107,-0.026,730.0,196.66
2026-05-28T02:14:16.992718+00:00,1779934456992,delta,0.906,0.88,0.893,-0.026,0.12,0.094,0.107,-0.026,730.0,196.66
2026-05-28T02:14:17.013352+00:00,1779934457013,delta,0.906,0.88,0.893,-0.026,0.12,0.094,0.107,-0.026,730.0,196.66
2026-05-28T02:14:17.014356+00:00,1779934457014,delta,0.906,0.88,0.893,-0.026,0.12,0.094,0.107,-0.026,730.0,196.66
2026-05-28T02:14:17.015213+00:00,1779934457015,delta,0.906,0.88,0.893,-0.026,0.12,0.094,0.107,-0.026,730.0,196.66
2026-05-28T02:14:17.015977+00:00,1779934457015,delta,0.906,0.88,0.893,-0.026,0.12,0.094,0.107,-0.026,730.0,196.66
2026-05-28T02:14:17.038246+00:00,1779934457038,delta,0.906,0.88,0.893,-0.026,0.12,0.094,0.107,-0.026,730.0,196.66
2026-05-28T02:14:17.039390+00:00,1779934457039,delta,0.906,0.88,0.893,-0.026,0.12,0.094,0.107,-0.026,730.0,196.66
2026-05-28T02:14:17.040369+00:00,1779934457040,delta,0.906,0.88,0.893,-0.026,0.12,0.094,0.107,-0.026,730.0,196.66
2026-05-28T02:14:17.041022+00:00,1779934457041,delta,0.906,0.88,0.893,-0.026,0.12,0.094,0.107,-0.026,730.0,196.66
2026-05-28T02:14:17.041945+00:00,1779934457041,delta,0.906,0.88,0.893,-0.026,0.12,0.094,0.107,-0.026,730.0,196.66
2026-05-28T02:14:17.042579+00:00,1779934457042,delta,0.906,0.88,0.893,-0.026,0.12,0.094,0.107,-0.026,730.0,196.66
2026-05-28T02:14:17.043428+00:00,1779934457043,delta,0.906,0.88,0.893,-0.026,0.12,0.094,0.107,-0.026,730.0,196.66
2026-05-28T02:14:17.044112+00:00,1779934457044,delta,0.906,0.88,0.893,-0.026,0.12,0.094,0.107,-0.026,730.0,196.66
2026-05-28T02:14:17.044751+00:00,1779934457044,delta,0.906,0.88,0.893,-0.026,0.12,0.094,0.107,-0.026,755.0,196.66
2026-05-28T02:14:17.092111+00:00,1779934457092,delta,0.906,0.88,0.893,-0.026,0.12,0.094,0.107,-0.026,755.0,196.66
2026-05-28T02:14:17.092874+00:00,1779934457092,delta,0.906,0.88,0.893,-0.026,0.12,0.094,0.107,-0.026,755.0,196.66
2026-05-28T02:14:17.093519+00:00,1779934457093,delta,0.906,0.88,0.893,-0.026,0.12,0.094,0.107,-0.026,755.0,196.66
2026-05-28T02:14:17.094068+00:00,1779934457094,delta,0.907,0.88,0.8935,-0.027,0.12,0.093,0.1065,-0.027,630.0,196.66
2026-05-28T02:14:17.096249+00:00,1779934457096,delta,0.907,0.88,0.8935,-0.027,0.12,0.093,0.1065,-0.027,630.0,196.66
2026-05-28T02:14:17.096881+00:00,1779934457096,delta,0.907,0.88,0.8935,-0.027,0.12,0.093,0.1065,-0.027,630.0,196.66
2026-05-28T02:14:17.097449+00:00,1779934457097,delta,0.907,0.88,0.8935,-0.027,0.12,0.093,0.1065,-0.027,450.0,196.66
2026-05-28T02:14:17.098051+00:00,1779934457098,delta,0.907,0.88,0.8935,-0.027,0.12,0.093,0.1065,-0.027,250.0,196.66
2026-05-28T02:14:17.098669+00:00,1779934457098,delta,0.907,0.88,0.8935,-0.027,0.12,0.093,0.1065,-0.027,250.0,196.66
2026-05-28T02:14:17.099263+00:00,1779934457099,delta,0.907,0.88,0.8935,-0.027,0.12,0.093,0.1065,-0.027,250.0,196.66
2026-05-28T02:14:17.100036+00:00,1779934457100,delta,0.907,0.88,0.8935,-0.027,0.12,0.093,0.1065,-0.027,250.0,196.66
2026-05-28T02:14:17.106764+00:00,1779934457106,delta,0.907,0.88,0.8935,-0.027,0.12,0.093,0.1065,-0.027,250.0,196.66
2026-05-28T02:14:17.107843+00:00,1779934457107,delta,0.907,0.88,0.8935,-0.027,0.12,0.093,0.1065,-0.027,250.0,196.66
2026-05-28T02:14:17.108704+00:00,1779934457108,delta,0.907,0.88,0.8935,-0.027,0.12,0.093,0.1065,-0.027,250.0,196.66
2026-05-28T02:14:17.109288+00:00,1779934457109,delta,0.907,0.88,0.8935,-0.027,0.12,0.093,0.1065,-0.027,250.0,196.66
2026-05-28T02:14:17.109870+00:00,1779934457109,delta,0.91,0.88,0.895,-0.03,0.12,0.09,0.105,-0.03,76.0,196.66
2026-05-28T02:14:17.110425+00:00,1779934457110,delta,0.91,0.88,0.895,-0.03,0.12,0.09,0.105,-0.03,226.0,196.66
2026-05-28T02:14:17.128008+00:00,1779934457128,delta,0.91,0.88,0.895,-0.03,0.12,0.09,0.105,-0.03,251.0,196.66
2026-05-28T02:14:17.151132+00:00,1779934457151,delta,0.91,0.88,0.895,-0.03,0.12,0.09,0.105,-0.03,251.0,196.66
2026-05-28T02:14:17.151764+00:00,1779934457151,delta,0.91,0.88,0.895,-0.03,0.12,0.09,0.105,-0.03,251.0,196.66
2026-05-28T02:14:17.152342+00:00,1779934457152,delta,0.91,0.88,0.895,-0.03,0.12,0.09,0.105,-0.03,376.0,196.66
2026-05-28T02:14:17.153157+00:00,1779934457153,delta,0.91,0.88,0.895,-0.03,0.12,0.09,0.105,-0.03,376.0,196.66
2026-05-28T02:14:17.155089+00:00,1779934457155,delta,0.91,0.88,0.895,-0.03,0.12,0.09,0.105,-0.03,376.0,196.66
2026-05-28T02:14:17.156150+00:00,1779934457156,delta,0.91,0.88,0.895,-0.03,0.12,0.09,0.105,-0.03,376.0,50.0
2026-05-28T02:14:17.181091+00:00,1779934457181,delta,0.91,0.88,0.895,-0.03,0.12,0.09,0.105,-0.03,376.0,50.0
2026-05-28T02:14:17.181946+00:00,1779934457181,delta,0.91,0.88,0.895,-0.03,0.12,0.09,0.105,-0.03,376.0,50.0
2026-05-28T02:14:17.182450+00:00,1779934457182,delta,0.91,0.88,0.895,-0.03,0.12,0.09,0.105,-0.03,376.0,50.0
2026-05-28T02:14:17.182948+00:00,1779934457182,delta,0.91,0.88,0.895,-0.03,0.12,0.09,0.105,-0.03,376.0,50.0
2026-05-28T02:14:17.183422+00:00,1779934457183,delta,0.91,0.88,0.895,-0.03,0.12,0.09,0.105,-0.03,376.0,50.0
2026-05-28T02:14:17.183848+00:00,1779934457183,delta,0.91,0.88,0.895,-0.03,0.12,0.09,0.105,-0.03,376.0,50.0
2026-05-28T02:14:17.184287+00:00,1779934457184,delta,0.91,0.88,0.895,-0.03,0.12,0.09,0.105,-0.03,376.0,50.0
2026-05-28T02:14:17.184693+00:00,1779934457184,delta,0.91,0.88,0.895,-0.03,0.12,0.09,0.105,-0.03,376.0,50.0
2026-05-28T02:14:17.185138+00:00,1779934457185,delta,0.91,0.88,0.895,-0.03,0.12,0.09,0.105,-0.03,376.0,50.0
2026-05-28T02:14:17.185530+00:00,1779934457185,delta,0.91,0.88,0.895,-0.03,0.12,0.09,0.105,-0.03,376.0,50.0
2026-05-28T02:14:17.186062+00:00,1779934457186,delta,0.91,0.88,0.895,-0.03,0.12,0.09,0.105,-0.03,376.0,196.66
2026-05-28T02:14:17.187079+00:00,1779934457187,delta,0.91,0.88,0.895,-0.03,0.12,0.09,0.105,-0.03,376.0,246.66
2026-05-28T02:14:17.188360+00:00,1779934457188,delta,0.91,0.88,0.895,-0.03,0.12,0.09,0.105,-0.03,231.06,246.66
2026-05-28T02:14:17.189402+00:00,1779934457189,delta,0.91,0.88,0.895,-0.03,0.12,0.09,0.105,-0.03,231.06,225.0
2026-05-28T02:14:17.203534+00:00,1779934457203,delta,0.91,0.88,0.895,-0.03,0.12,0.09,0.105,-0.03,231.06,225.0
2026-05-28T02:14:17.205799+00:00,1779934457205,delta,0.91,0.88,0.895,-0.03,0.12,0.09,0.105,-0.03,231.06,225.0
2026-05-28T02:14:17.207258+00:00,1779934457207,delta,0.91,0.88,0.895,-0.03,0.12,0.09,0.105,-0.03,206.06,225.0
2026-05-28T02:14:17.208272+00:00,1779934457208,delta,0.91,0.88,0.895,-0.03,0.12,0.09,0.105,-0.03,206.06,203.26
2026-05-28T02:14:17.209018+00:00,1779934457209,delta,0.91,0.88,0.895,-0.03,0.12,0.09,0.105,-0.03,206.06,153.26
2026-05-28T02:14:17.209752+00:00,1779934457209,delta,0.91,0.88,0.895,-0.03,0.12,0.09,0.105,-0.03,206.06,153.26
2026-05-28T02:14:17.210304+00:00,1779934457210,delta,0.91,0.88,0.895,-0.03,0.12,0.09,0.105,-0.03,206.06,153.26
2026-05-28T02:14:17.210804+00:00,1779934457210,delta,0.91,0.88,0.895,-0.03,0.12,0.09,0.105,-0.03,206.06,153.26
2026-05-28T02:14:17.211256+00:00,1779934457211,delta,0.91,0.88,0.895,-0.03,0.12,0.09,0.105,-0.03,206.06,153.26
2026-05-28T02:14:17.211772+00:00,1779934457211,delta,0.91,0.88,0.895,-0.03,0.12,0.09,0.105,-0.03,206.06,153.26
2026-05-28T02:14:17.212214+00:00,1779934457212,delta,0.91,0.88,0.895,-0.03,0.12,0.09,0.105,-0.03,206.06,153.26
2026-05-28T02:14:17.212622+00:00,1779934457212,delta,0.91,0.88,0.895,-0.03,0.12,0.09,0.105,-0.03,206.06,153.26
2026-05-28T02:14:17.213067+00:00,1779934457213,delta,0.91,0.88,0.895,-0.03,0.12,0.09,0.105,-0.03,206.06,153.26
2026-05-28T02:14:17.258160+00:00,1779934457258,delta,0.91,0.88,0.895,-0.03,0.12,0.09,0.105,-0.03,406.06,153.26
2026-05-28T02:14:17.259012+00:00,1779934457259,delta,0.91,0.88,0.895,-0.03,0.12,0.09,0.105,-0.03,406.06,153.26
2026-05-28T02:14:17.259594+00:00,1779934457259,delta,0.91,0.88,0.895,-0.03,0.12,0.09,0.105,-0.03,406.06,153.26
2026-05-28T02:14:17.260120+00:00,1779934457260,delta,0.91,0.88,0.895,-0.03,0.12,0.09,0.105,-0.03,406.06,153.26
2026-05-28T02:14:17.260563+00:00,1779934457260,delta,0.91,0.88,0.895,-0.03,0.12,0.09,0.105,-0.03,406.06,153.26
2026-05-28T02:14:17.260999+00:00,1779934457260,delta,0.91,0.88,0.895,-0.03,0.12,0.09,0.105,-0.03,551.0,153.26
2026-05-28T02:14:17.286726+00:00,1779934457286,delta,0.91,0.88,0.895,-0.03,0.12,0.09,0.105,-0.03,551.0,148.26
2026-05-28T02:14:17.291704+00:00,1779934457291,delta,0.91,0.88,0.895,-0.03,0.12,0.09,0.105,-0.03,551.0,175.0
2026-05-28T02:14:17.292469+00:00,1779934457292,delta,0.91,0.88,0.895,-0.03,0.12,0.09,0.105,-0.03,551.0,175.0
2026-05-28T02:14:17.293072+00:00,1779934457293,delta,0.91,0.88,0.895,-0.03,0.12,0.09,0.105,-0.03,551.0,175.0
2026-05-28T02:14:17.293619+00:00,1779934457293,delta,0.91,0.88,0.895,-0.03,0.12,0.09,0.105,-0.03,551.0,141.85
2026-05-28T02:14:17.294178+00:00,1779934457294,delta,0.91,0.88,0.895,-0.03,0.12,0.09,0.105,-0.03,551.0,175.0
2026-05-28T02:14:17.294655+00:00,1779934457294,delta,0.91,0.88,0.895,-0.03,0.12,0.09,0.105,-0.03,551.0,630.0
2026-05-28T02:14:17.295092+00:00,1779934457295,delta,0.91,0.88,0.895,-0.03,0.12,0.09,0.105,-0.03,551.0,617.93
2026-05-28T02:14:17.295567+00:00,1779934457295,delta,0.91,0.88,0.895,-0.03,0.12,0.09,0.105,-0.03,551.0,617.93
2026-05-28T02:14:17.296014+00:00,1779934457296,delta,0.91,0.88,0.895,-0.03,0.12,0.09,0.105,-0.03,601.0,617.93
2026-05-28T02:14:17.296549+00:00,1779934457296,delta,0.91,0.88,0.895,-0.03,0.12,0.09,0.105,-0.03,601.0,21.66
2026-05-28T02:14:17.310538+00:00,1779934457310,delta,0.91,0.88,0.895,-0.03,0.12,0.09,0.105,-0.03,606.0,21.66
2026-05-28T02:14:17.311400+00:00,1779934457311,delta,0.91,0.88,0.895,-0.03,0.12,0.09,0.105,-0.03,606.0,21.66
2026-05-28T02:14:17.312274+00:00,1779934457312,delta,0.91,0.88,0.895,-0.03,0.12,0.09,0.105,-0.03,606.0,21.66
2026-05-28T02:14:17.312973+00:00,1779934457312,delta,0.91,0.88,0.895,-0.03,0.12,0.09,0.105,-0.03,606.0,21.66
2026-05-28T02:14:17.313668+00:00,1779934457313,delta,0.91,0.88,0.895,-0.03,0.12,0.09,0.105,-0.03,606.0,455.0
2026-05-28T02:14:17.340174+00:00,1779934457340,delta,0.91,0.88,0.895,-0.03,0.12,0.09,0.105,-0.03,606.0,455.0
2026-05-28T02:14:17.341238+00:00,1779934457341,delta,0.91,0.88,0.895,-0.03,0.12,0.09,0.105,-0.03,606.0,455.0
2026-05-28T02:14:17.341886+00:00,1779934457341,delta,0.91,0.88,0.895,-0.03,0.12,0.09,0.105,-0.03,606.0,455.0
2026-05-28T02:14:17.342472+00:00,1779934457342,delta,0.91,0.88,0.895,-0.03,0.12,0.09,0.105,-0.03,606.0,455.0
2026-05-28T02:14:17.343106+00:00,1779934457343,delta,0.91,0.88,0.895,-0.03,0.12,0.09,0.105,-0.03,606.0,455.0
2026-05-28T02:14:17.345548+00:00,1779934457345,delta,0.91,0.88,0.895,-0.03,0.12,0.09,0.105,-0.03,406.0,455.0
2026-05-28T02:14:17.346230+00:00,1779934457346,delta,0.91,0.88,0.895,-0.03,0.12,0.09,0.105,-0.03,581.0,455.0
2026-05-28T02:14:17.346782+00:00,1779934457346,delta,0.914,0.88,0.897,-0.034,0.12,0.086,0.103,-0.034,581.0,455.0
2026-05-28T02:14:17.347314+00:00,1779934457347,delta,0.914,0.88,0.897,-0.034,0.12,0.086,0.103,-0.034,581.0,455.0
2026-05-28T02:14:17.348013+00:00,1779934457348,delta,0.914,0.88,0.897,-0.034,0.12,0.086,0.103,-0.034,576.0,455.0
2026-05-28T02:14:17.348632+00:00,1779934457348,delta,0.914,0.88,0.897,-0.034,0.12,0.086,0.103,-0.034,576.0,455.0
2026-05-28T02:14:17.349125+00:00,1779934457349,delta,0.914,0.88,0.897,-0.034,0.12,0.086,0.103,-0.034,576.0,455.0
2026-05-28T02:14:17.349612+00:00,1779934457349,delta,0.914,0.88,0.897,-0.034,0.12,0.086,0.103,-0.034,576.0,455.0
2026-05-28T02:14:17.350089+00:00,1779934457350,delta,0.914,0.88,0.897,-0.034,0.12,0.086,0.103,-0.034,576.0,455.0
2026-05-28T02:14:17.350592+00:00,1779934457350,delta,0.929,0.88,0.9045,-0.049,0.12,0.071,0.0955,-0.049,525.0,455.0
2026-05-28T02:14:17.350984+00:00,1779934457350,delta,0.929,0.88,0.9045,-0.049,0.12,0.071,0.0955,-0.049,525.0,455.0
2026-05-28T02:14:17.351366+00:00,1779934457351,delta,0.929,0.88,0.9045,-0.049,0.12,0.071,0.0955,-0.049,525.0,455.0
2026-05-28T02:14:17.351746+00:00,1779934457351,delta,0.929,0.88,0.9045,-0.049,0.12,0.071,0.0955,-0.049,525.0,455.0
2026-05-28T02:14:17.352102+00:00,1779934457352,delta,0.929,0.88,0.9045,-0.049,0.12,0.071,0.0955,-0.049,525.0,455.0
2026-05-28T02:14:17.352529+00:00,1779934457352,delta,0.929,0.88,0.9045,-0.049,0.12,0.071,0.0955,-0.049,525.0,455.0
2026-05-28T02:14:17.354012+00:00,1779934457354,delta,0.929,0.88,0.9045,-0.049,0.12,0.071,0.0955,-0.049,525.0,455.0
2026-05-28T02:14:17.355238+00:00,1779934457355,delta,0.929,0.88,0.9045,-0.049,0.12,0.071,0.0955,-0.049,525.0,455.0
2026-05-28T02:14:17.355943+00:00,1779934457355,delta,0.929,0.88,0.9045,-0.049,0.12,0.071,0.0955,-0.049,525.0,455.0
2026-05-28T02:14:17.356571+00:00,1779934457356,delta,0.929,0.88,0.9045,-0.049,0.12,0.071,0.0955,-0.049,525.0,455.0
2026-05-28T02:14:17.357249+00:00,1779934457357,delta,0.929,0.88,0.9045,-0.049,0.12,0.071,0.0955,-0.049,525.0,455.0
2026-05-28T02:14:17.357919+00:00,1779934457357,delta,0.929,0.88,0.9045,-0.049,0.12,0.071,0.0955,-0.049,525.0,455.0
2026-05-28T02:14:17.369788+00:00,1779934457369,delta,0.929,0.88,0.9045,-0.049,0.12,0.071,0.0955,-0.049,525.0,455.0
2026-05-28T02:14:17.377148+00:00,1779934457377,delta,0.929,0.88,0.9045,-0.049,0.12,0.071,0.0955,-0.049,525.0,455.0
2026-05-28T02:14:17.377870+00:00,1779934457377,delta,0.929,0.88,0.9045,-0.049,0.12,0.071,0.0955,-0.049,525.0,455.0
2026-05-28T02:14:17.378349+00:00,1779934457378,delta,0.929,0.88,0.9045,-0.049,0.12,0.071,0.0955,-0.049,525.0,455.0
2026-05-28T02:14:17.378791+00:00,1779934457378,delta,0.929,0.88,0.9045,-0.049,0.12,0.071,0.0955,-0.049,525.0,455.0
2026-05-28T02:14:17.379344+00:00,1779934457379,delta,0.929,0.88,0.9045,-0.049,0.12,0.071,0.0955,-0.049,525.0,455.0
2026-05-28T02:14:17.380012+00:00,1779934457380,delta,0.929,0.88,0.9045,-0.049,0.12,0.071,0.0955,-0.049,525.0,455.0
2026-05-28T02:14:17.405828+00:00,1779934457405,delta,0.929,0.88,0.9045,-0.049,0.12,0.071,0.0955,-0.049,525.0,455.0
2026-05-28T02:14:17.406938+00:00,1779934457406,delta,0.929,0.88,0.9045,-0.049,0.12,0.071,0.0955,-0.049,525.0,455.0
2026-05-28T02:14:17.407975+00:00,1779934457407,delta,0.929,0.88,0.9045,-0.049,0.12,0.071,0.0955,-0.049,525.0,455.0
2026-05-28T02:14:17.408794+00:00,1779934457408,delta,0.929,0.88,0.9045,-0.049,0.12,0.071,0.0955,-0.049,525.0,505.0
2026-05-28T02:14:17.409557+00:00,1779934457409,delta,0.929,0.88,0.9045,-0.049,0.12,0.071,0.0955,-0.049,525.0,505.0
2026-05-28T02:14:17.410150+00:00,1779934457410,delta,0.929,0.88,0.9045,-0.049,0.12,0.071,0.0955,-0.049,525.0,505.0
2026-05-28T02:14:17.410719+00:00,1779934457410,delta,0.929,0.88,0.9045,-0.049,0.12,0.071,0.0955,-0.049,525.0,505.0
2026-05-28T02:14:17.411228+00:00,1779934457411,delta,0.929,0.88,0.9045,-0.049,0.12,0.071,0.0955,-0.049,525.0,387.3
2026-05-28T02:14:17.411730+00:00,1779934457411,delta,0.929,0.88,0.9045,-0.049,0.12,0.071,0.0955,-0.049,525.0,387.3
2026-05-28T02:14:17.412160+00:00,1779934457412,delta,0.929,0.88,0.9045,-0.049,0.12,0.071,0.0955,-0.049,525.0,387.3
2026-05-28T02:14:17.423160+00:00,1779934457423,delta,0.929,0.88,0.9045,-0.049,0.12,0.071,0.0955,-0.049,525.0,387.3
2026-05-28T02:14:17.424245+00:00,1779934457424,delta,0.929,0.88,0.9045,-0.049,0.12,0.071,0.0955,-0.049,525.0,387.3
2026-05-28T02:14:17.453768+00:00,1779934457453,delta,0.929,0.88,0.9045,-0.049,0.12,0.071,0.0955,-0.049,525.0,387.3
2026-05-28T02:14:17.455757+00:00,1779934457455,delta,0.929,0.88,0.9045,-0.049,0.12,0.071,0.0955,-0.049,525.0,387.3
2026-05-28T02:14:17.456742+00:00,1779934457456,delta,0.929,0.88,0.9045,-0.049,0.12,0.071,0.0955,-0.049,705.0,387.3
2026-05-28T02:14:17.457493+00:00,1779934457457,delta,0.929,0.88,0.9045,-0.049,0.12,0.071,0.0955,-0.049,705.0,387.3
2026-05-28T02:14:17.458251+00:00,1779934457458,delta,0.929,0.88,0.9045,-0.049,0.12,0.071,0.0955,-0.049,705.0,387.3
2026-05-28T02:14:17.458997+00:00,1779934457458,delta,0.929,0.88,0.9045,-0.049,0.12,0.071,0.0955,-0.049,732.89,387.3
2026-05-28T02:14:17.482337+00:00,1779934457482,delta,0.929,0.88,0.9045,-0.049,0.12,0.071,0.0955,-0.049,732.89,387.3
2026-05-28T02:14:17.482953+00:00,1779934457482,delta,0.929,0.88,0.9045,-0.049,0.12,0.071,0.0955,-0.049,732.89,387.3
2026-05-28T02:14:17.483493+00:00,1779934457483,delta,0.929,0.88,0.9045,-0.049,0.12,0.071,0.0955,-0.049,932.89,387.3
2026-05-28T02:14:17.508801+00:00,1779934457508,delta,0.929,0.88,0.9045,-0.049,0.12,0.071,0.0955,-0.049,932.89,387.3
2026-05-28T02:14:17.534490+00:00,1779934457534,delta,0.929,0.88,0.9045,-0.049,0.12,0.071,0.0955,-0.049,757.89,387.3
2026-05-28T02:14:17.535127+00:00,1779934457535,delta,0.927,0.88,0.9035,-0.047,0.12,0.073,0.0965,-0.047,905.0,387.3
2026-05-28T02:14:17.535670+00:00,1779934457535,delta,0.927,0.88,0.9035,-0.047,0.12,0.073,0.0965,-0.047,889.71,387.3
2026-05-28T02:14:17.558896+00:00,1779934457558,delta,0.927,0.88,0.9035,-0.047,0.12,0.073,0.0965,-0.047,856.03,387.3
2026-05-28T02:14:17.559735+00:00,1779934457559,delta,0.927,0.88,0.9035,-0.047,0.12,0.073,0.0965,-0.047,856.03,387.3
2026-05-28T02:14:17.588602+00:00,1779934457588,delta,0.927,0.88,0.9035,-0.047,0.12,0.073,0.0965,-0.047,856.03,337.3
2026-05-28T02:14:17.589560+00:00,1779934457589,delta,0.927,0.88,0.9035,-0.047,0.12,0.073,0.0965,-0.047,856.03,50.0
2026-05-28T02:14:17.590486+00:00,1779934457590,delta,0.927,0.88,0.9035,-0.047,0.12,0.073,0.0965,-0.047,856.03,50.0
2026-05-28T02:14:17.591097+00:00,1779934457591,delta,0.927,0.88,0.9035,-0.047,0.12,0.073,0.0965,-0.047,856.03,50.0
2026-05-28T02:14:17.615851+00:00,1779934457615,delta,0.927,0.88,0.9035,-0.047,0.12,0.073,0.0965,-0.047,883.98,50.0
2026-05-28T02:14:17.638543+00:00,1779934457638,delta,0.927,0.88,0.9035,-0.047,0.12,0.073,0.0965,-0.047,883.98,49.0
2026-05-28T02:14:17.639361+00:00,1779934457639,delta,0.927,0.88,0.9035,-0.047,0.12,0.073,0.0965,-0.047,883.98,49.0
2026-05-28T02:14:17.668634+00:00,1779934457668,delta,0.927,0.88,0.9035,-0.047,0.12,0.073,0.0965,-0.047,883.98,49.0
2026-05-28T02:14:17.669501+00:00,1779934457669,delta,0.927,0.88,0.9035,-0.047,0.12,0.073,0.0965,-0.047,883.98,49.0
2026-05-28T02:14:17.727000+00:00,1779934457727,delta,0.927,0.88,0.9035,-0.047,0.12,0.073,0.0965,-0.047,883.98,73.78
2026-05-28T02:14:17.781396+00:00,1779934457781,delta,0.927,0.88,0.9035,-0.047,0.12,0.073,0.0965,-0.047,883.98,24.78
2026-05-28T02:14:17.782072+00:00,1779934457782,delta,0.927,0.88,0.9035,-0.047,0.12,0.073,0.0965,-0.047,883.98,24.78
2026-05-28T02:14:17.833297+00:00,1779934457833,delta,0.927,0.88,0.9035,-0.047,0.12,0.073,0.0965,-0.047,883.98,337.3
2026-05-28T02:14:17.882430+00:00,1779934457882,delta,0.927,0.88,0.9035,-0.047,0.12,0.073,0.0965,-0.047,871.66,337.3
2026-05-28T02:14:17.884356+00:00,1779934457884,delta,0.927,0.88,0.9035,-0.047,0.12,0.073,0.0965,-0.047,871.66,337.3
2026-05-28T02:14:17.909080+00:00,1779934457909,delta,0.927,0.88,0.9035,-0.047,0.12,0.073,0.0965,-0.047,871.66,337.3
2026-05-28T02:14:17.909852+00:00,1779934457909,delta,0.927,0.88,0.9035,-0.047,0.12,0.073,0.0965,-0.047,871.66,50.0
2026-05-28T02:14:17.910378+00:00,1779934457910,delta,0.927,0.88,0.9035,-0.047,0.12,0.073,0.0965,-0.047,857.16,50.0
2026-05-28T02:14:17.915605+00:00,1779934457915,delta,0.927,0.88,0.9035,-0.047,0.12,0.073,0.0965,-0.047,757.95,50.0
2026-05-28T02:14:17.916354+00:00,1779934457916,delta,0.927,0.88,0.9035,-0.047,0.12,0.073,0.0965,-0.047,730.0,50.0
2026-05-28T02:14:17.916936+00:00,1779934457916,delta,0.927,0.88,0.9035,-0.047,0.12,0.073,0.0965,-0.047,723.1,50.0
2026-05-28T02:14:17.917464+00:00,1779934457917,delta,0.927,0.88,0.9035,-0.047,0.12,0.073,0.0965,-0.047,723.1,50.0
2026-05-28T02:14:17.917956+00:00,1779934457917,delta,0.927,0.88,0.9035,-0.047,0.12,0.073,0.0965,-0.047,723.1,50.0
2026-05-28T02:14:17.918452+00:00,1779934457918,delta,0.927,0.88,0.9035,-0.047,0.12,0.073,0.0965,-0.047,723.1,50.0
2026-05-28T02:14:17.939711+00:00,1779934457939,delta,0.927,0.88,0.9035,-0.047,0.12,0.073,0.0965,-0.047,723.1,50.0
2026-05-28T02:14:17.940698+00:00,1779934457940,delta,0.927,0.88,0.9035,-0.047,0.12,0.073,0.0965,-0.047,723.1,50.0
2026-05-28T02:14:17.941599+00:00,1779934457941,delta,0.927,0.88,0.9035,-0.047,0.12,0.073,0.0965,-0.047,723.1,50.0
2026-05-28T02:14:17.942333+00:00,1779934457942,delta,0.927,0.88,0.9035,-0.047,0.12,0.073,0.0965,-0.047,723.1,50.0
2026-05-28T02:14:17.974778+00:00,1779934457974,delta,0.927,0.88,0.9035,-0.047,0.12,0.073,0.0965,-0.047,723.1,50.0
2026-05-28T02:14:17.983469+00:00,1779934457983,delta,0.927,0.88,0.9035,-0.047,0.12,0.073,0.0965,-0.047,723.1,50.0
2026-05-28T02:14:17.984192+00:00,1779934457984,delta,0.927,0.88,0.9035,-0.047,0.12,0.073,0.0965,-0.047,723.1,39.36
2026-05-28T02:14:17.984717+00:00,1779934457984,delta,0.927,0.88,0.9035,-0.047,0.12,0.073,0.0965,-0.047,723.1,39.36
2026-05-28T02:14:17.985241+00:00,1779934457985,delta,0.927,0.88,0.9035,-0.047,0.12,0.073,0.0965,-0.047,723.1,39.36
2026-05-28T02:14:17.998940+00:00,1779934457998,delta,0.927,0.88,0.9035,-0.047,0.12,0.073,0.0965,-0.047,723.1,64.14
2026-05-28T02:14:17.999749+00:00,1779934457999,delta,0.927,0.88,0.9035,-0.047,0.12,0.073,0.0965,-0.047,723.1,64.14
2026-05-28T02:14:18.001036+00:00,1779934458001,delta,0.927,0.88,0.9035,-0.047,0.12,0.073,0.0965,-0.047,723.1,64.14
2026-05-28T02:14:18.034126+00:00,1779934458034,delta,0.927,0.88,0.9035,-0.047,0.12,0.073,0.0965,-0.047,749.69,64.14
2026-05-28T02:14:18.084064+00:00,1779934458084,delta,0.927,0.88,0.9035,-0.047,0.12,0.073,0.0965,-0.047,749.69,64.14
2026-05-28T02:14:18.084638+00:00,1779934458084,delta,0.927,0.88,0.9035,-0.047,0.12,0.073,0.0965,-0.047,749.69,64.14
2026-05-28T02:14:18.085177+00:00,1779934458085,delta,0.927,0.88,0.9035,-0.047,0.12,0.073,0.0965,-0.047,749.69,48.14
2026-05-28T02:14:18.085697+00:00,1779934458085,delta,0.927,0.88,0.9035,-0.047,0.12,0.073,0.0965,-0.047,749.69,48.14
2026-05-28T02:14:18.112926+00:00,1779934458112,delta,0.927,0.88,0.9035,-0.047,0.12,0.073,0.0965,-0.047,581.59,48.14
2026-05-28T02:14:18.113593+00:00,1779934458113,delta,0.927,0.88,0.9035,-0.047,0.12,0.073,0.0965,-0.047,401.59,48.14
2026-05-28T02:14:18.114077+00:00,1779934458114,delta,0.927,0.88,0.9035,-0.047,0.12,0.073,0.0965,-0.047,359.14,48.14
2026-05-28T02:14:18.114544+00:00,1779934458114,delta,0.927,0.88,0.9035,-0.047,0.12,0.073,0.0965,-0.047,359.14,43.14
2026-05-28T02:14:18.115121+00:00,1779934458115,delta,0.927,0.88,0.9035,-0.047,0.12,0.073,0.0965,-0.047,359.14,31.21
2026-05-28T02:14:18.115583+00:00,1779934458115,delta,0.927,0.88,0.9035,-0.047,0.12,0.073,0.0965,-0.047,359.14,31.21
2026-05-28T02:14:18.116015+00:00,1779934458116,delta,0.927,0.88,0.9035,-0.047,0.12,0.073,0.0965,-0.047,359.14,31.21
2026-05-28T02:14:18.138739+00:00,1779934458138,delta,0.927,0.88,0.9035,-0.047,0.12,0.073,0.0965,-0.047,359.14,31.21
2026-05-28T02:14:18.139683+00:00,1779934458139,delta,0.927,0.88,0.9035,-0.047,0.12,0.073,0.0965,-0.047,539.14,31.21
2026-05-28T02:14:18.140492+00:00,1779934458140,delta,0.927,0.88,0.9035,-0.047,0.12,0.073,0.0965,-0.047,539.14,31.21
2026-05-28T02:14:18.161188+00:00,1779934458161,delta,0.927,0.88,0.9035,-0.047,0.12,0.073,0.0965,-0.047,539.14,31.21
2026-05-28T02:14:18.163093+00:00,1779934458163,delta,0.927,0.88,0.9035,-0.047,0.12,0.073,0.0965,-0.047,539.14,31.21
2026-05-28T02:14:18.163975+00:00,1779934458163,delta,0.927,0.88,0.9035,-0.047,0.12,0.073,0.0965,-0.047,539.14,31.21
2026-05-28T02:14:18.164595+00:00,1779934458164,delta,0.927,0.88,0.9035,-0.047,0.12,0.073,0.0965,-0.047,539.14,31.21
2026-05-28T02:14:18.168204+00:00,1779934458168,delta,0.927,0.88,0.9035,-0.047,0.12,0.073,0.0965,-0.047,381.59,31.21
2026-05-28T02:14:18.168889+00:00,1779934458168,delta,0.927,0.88,0.9035,-0.047,0.12,0.073,0.0965,-0.047,355.0,31.21
2026-05-28T02:14:18.170111+00:00,1779934458170,delta,0.927,0.88,0.9035,-0.047,0.12,0.073,0.0965,-0.047,334.55,31.21
2026-05-28T02:14:18.191116+00:00,1779934458191,delta,0.927,0.88,0.9035,-0.047,0.12,0.073,0.0965,-0.047,175.0,31.21
2026-05-28T02:14:18.191985+00:00,1779934458191,delta,0.927,0.88,0.9035,-0.047,0.12,0.073,0.0965,-0.047,118.01,31.21
2026-05-28T02:14:18.192572+00:00,1779934458192,delta,0.927,0.88,0.9035,-0.047,0.12,0.073,0.0965,-0.047,118.01,31.21
2026-05-28T02:14:18.193066+00:00,1779934458193,delta,0.927,0.88,0.9035,-0.047,0.12,0.073,0.0965,-0.047,118.01,31.21
2026-05-28T02:14:18.193530+00:00,1779934458193,delta,0.927,0.88,0.9035,-0.047,0.12,0.073,0.0965,-0.047,118.01,31.21
2026-05-28T02:14:18.193960+00:00,1779934458193,delta,0.927,0.88,0.9035,-0.047,0.12,0.073,0.0965,-0.047,118.01,31.21
2026-05-28T02:14:18.194426+00:00,1779934458194,delta,0.927,0.88,0.9035,-0.047,0.12,0.073,0.0965,-0.047,118.01,31.21
2026-05-28T02:14:18.194937+00:00,1779934458194,delta,0.927,0.88,0.9035,-0.047,0.12,0.073,0.0965,-0.047,118.01,31.21
2026-05-28T02:14:18.195555+00:00,1779934458195,delta,0.927,0.88,0.9035,-0.047,0.12,0.073,0.0965,-0.047,118.01,31.21
2026-05-28T02:14:18.196242+00:00,1779934458196,delta,0.927,0.88,0.9035,-0.047,0.12,0.073,0.0965,-0.047,118.01,31.21
2026-05-28T02:14:18.196891+00:00,1779934458196,delta,0.927,0.88,0.9035,-0.047,0.12,0.073,0.0965,-0.047,318.01,31.21
2026-05-28T02:14:18.197612+00:00,1779934458197,delta,0.927,0.88,0.9035,-0.047,0.12,0.073,0.0965,-0.047,318.01,31.21
2026-05-28T02:14:18.250843+00:00,1779934458250,delta,0.927,0.88,0.9035,-0.047,0.12,0.073,0.0965,-0.047,318.01,31.21
2026-05-28T02:14:18.251547+00:00,1779934458251,delta,0.927,0.88,0.9035,-0.047,0.12,0.073,0.0965,-0.047,118.01,31.21
2026-05-28T02:14:18.252030+00:00,1779934458252,delta,0.927,0.88,0.9035,-0.047,0.12,0.073,0.0965,-0.047,144.6,31.21
2026-05-28T02:14:18.252549+00:00,1779934458252,delta,0.927,0.88,0.9035,-0.047,0.12,0.073,0.0965,-0.047,144.6,31.21
2026-05-28T02:14:18.253808+00:00,1779934458253,delta,0.927,0.88,0.9035,-0.047,0.12,0.073,0.0965,-0.047,144.6,31.21
2026-05-28T02:14:18.254735+00:00,1779934458254,delta,0.927,0.88,0.9035,-0.047,0.12,0.073,0.0965,-0.047,144.6,31.21
2026-05-28T02:14:18.255411+00:00,1779934458255,delta,0.927,0.88,0.9035,-0.047,0.12,0.073,0.0965,-0.047,206.59,31.21
2026-05-28T02:14:18.256106+00:00,1779934458256,delta,0.927,0.88,0.9035,-0.047,0.12,0.073,0.0965,-0.047,206.59,31.21
2026-05-28T02:14:18.257059+00:00,1779934458257,delta,0.927,0.88,0.9035,-0.047,0.12,0.073,0.0965,-0.047,206.59,31.21
2026-05-28T02:14:18.257639+00:00,1779934458257,delta,0.927,0.88,0.9035,-0.047,0.12,0.073,0.0965,-0.047,206.59,31.21
2026-05-28T02:14:18.258148+00:00,1779934458258,delta,0.927,0.88,0.9035,-0.047,0.12,0.073,0.0965,-0.047,206.59,31.21
2026-05-28T02:14:18.258648+00:00,1779934458258,delta,0.927,0.88,0.9035,-0.047,0.12,0.073,0.0965,-0.047,206.59,31.21
2026-05-28T02:14:18.259133+00:00,1779934458259,delta,0.927,0.88,0.9035,-0.047,0.12,0.073,0.0965,-0.047,206.59,31.21
2026-05-28T02:14:18.283449+00:00,1779934458283,delta,0.927,0.88,0.9035,-0.047,0.12,0.073,0.0965,-0.047,206.59,31.21
2026-05-28T02:14:18.284185+00:00,1779934458284,delta,0.927,0.88,0.9035,-0.047,0.12,0.073,0.0965,-0.047,206.59,31.21
2026-05-28T02:14:18.308682+00:00,1779934458308,delta,0.927,0.88,0.9035,-0.047,0.12,0.073,0.0965,-0.047,206.59,31.21
2026-05-28T02:14:18.309434+00:00,1779934458309,delta,0.927,0.88,0.9035,-0.047,0.12,0.073,0.0965,-0.047,206.59,31.21
2026-05-28T02:14:18.309899+00:00,1779934458309,delta,0.927,0.88,0.9035,-0.047,0.12,0.073,0.0965,-0.047,206.59,31.21
2026-05-28T02:14:18.310337+00:00,1779934458310,delta,0.927,0.88,0.9035,-0.047,0.12,0.073,0.0965,-0.047,144.6,31.21
2026-05-28T02:14:18.310764+00:00,1779934458310,delta,0.927,0.88,0.9035,-0.047,0.12,0.073,0.0965,-0.047,226.59,31.21
2026-05-28T02:14:18.311245+00:00,1779934458311,delta,0.927,0.88,0.9035,-0.047,0.12,0.073,0.0965,-0.047,226.59,31.21
2026-05-28T02:14:18.311692+00:00,1779934458311,delta,0.927,0.88,0.9035,-0.047,0.12,0.073,0.0965,-0.047,226.59,31.21
2026-05-28T02:14:18.312341+00:00,1779934458312,delta,0.927,0.88,0.9035,-0.047,0.12,0.073,0.0965,-0.047,226.59,31.21
2026-05-28T02:14:18.312949+00:00,1779934458312,delta,0.927,0.88,0.9035,-0.047,0.12,0.073,0.0965,-0.047,226.59,31.21
2026-05-28T02:14:18.313725+00:00,1779934458313,delta,0.927,0.88,0.9035,-0.047,0.12,0.073,0.0965,-0.047,226.59,31.21
2026-05-28T02:14:18.314398+00:00,1779934458314,delta,0.927,0.88,0.9035,-0.047,0.12,0.073,0.0965,-0.047,200.0,31.21
2026-05-28T02:14:18.314925+00:00,1779934458314,delta,0.927,0.88,0.9035,-0.047,0.12,0.073,0.0965,-0.047,200.0,31.21
2026-05-28T02:14:18.315324+00:00,1779934458315,delta,0.927,0.88,0.9035,-0.047,0.12,0.073,0.0965,-0.047,200.0,31.21
2026-05-28T02:14:18.315761+00:00,1779934458315,delta,0.927,0.88,0.9035,-0.047,0.12,0.073,0.0965,-0.047,200.0,31.21
2026-05-28T02:14:18.334067+00:00,1779934458334,delta,0.927,0.88,0.9035,-0.047,0.12,0.073,0.0965,-0.047,200.0,31.21
2026-05-28T02:14:18.334652+00:00,1779934458334,delta,0.927,0.88,0.9035,-0.047,0.12,0.073,0.0965,-0.047,200.0,31.21
2026-05-28T02:14:18.335249+00:00,1779934458335,delta,0.927,0.88,0.9035,-0.047,0.12,0.073,0.0965,-0.047,380.0,31.21
2026-05-28T02:14:18.335812+00:00,1779934458335,delta,0.927,0.88,0.9035,-0.047,0.12,0.073,0.0965,-0.047,380.0,31.21
2026-05-28T02:14:18.358626+00:00,1779934458358,delta,0.927,0.88,0.9035,-0.047,0.12,0.073,0.0965,-0.047,380.0,31.21
2026-05-28T02:14:18.359307+00:00,1779934458359,delta,0.927,0.88,0.9035,-0.047,0.12,0.073,0.0965,-0.047,380.0,31.21
2026-05-28T02:14:18.359819+00:00,1779934458359,delta,0.927,0.88,0.9035,-0.047,0.12,0.073,0.0965,-0.047,380.0,31.21
2026-05-28T02:14:18.360295+00:00,1779934458360,delta,0.927,0.88,0.9035,-0.047,0.12,0.073,0.0965,-0.047,380.0,31.21
2026-05-28T02:14:18.360815+00:00,1779934458360,delta,0.927,0.88,0.9035,-0.047,0.12,0.073,0.0965,-0.047,297.92,31.21
2026-05-28T02:14:18.361270+00:00,1779934458361,delta,0.927,0.88,0.9035,-0.047,0.12,0.073,0.0965,-0.047,180.0,31.21
2026-05-28T02:14:18.361707+00:00,1779934458361,delta,0.927,0.88,0.9035,-0.047,0.12,0.073,0.0965,-0.047,180.0,31.21
2026-05-28T02:14:18.385448+00:00,1779934458385,delta,0.927,0.88,0.9035,-0.047,0.12,0.073,0.0965,-0.047,118.01,31.21
2026-05-28T02:14:18.386220+00:00,1779934458386,delta,0.927,0.88,0.9035,-0.047,0.12,0.073,0.0965,-0.047,26.68,31.21
2026-05-28T02:14:18.388048+00:00,1779934458388,delta,0.927,0.88,0.9035,-0.047,0.12,0.073,0.0965,-0.047,26.68,31.21
2026-05-28T02:14:18.388722+00:00,1779934458388,delta,0.927,0.88,0.9035,-0.047,0.12,0.073,0.0965,-0.047,26.68,31.21
2026-05-28T02:14:18.389364+00:00,1779934458389,delta,0.927,0.88,0.9035,-0.047,0.12,0.073,0.0965,-0.047,118.01,31.21
2026-05-28T02:14:18.392106+00:00,1779934458392,delta,0.927,0.88,0.9035,-0.047,0.12,0.073,0.0965,-0.047,200.0,31.21
2026-05-28T02:14:18.402127+00:00,1779934458402,delta,0.927,0.88,0.9035,-0.047,0.12,0.073,0.0965,-0.047,200.0,31.21
2026-05-28T02:14:18.403186+00:00,1779934458403,delta,0.927,0.88,0.9035,-0.047,0.12,0.073,0.0965,-0.047,200.0,31.21
2026-05-28T02:14:18.428314+00:00,1779934458428,delta,0.927,0.88,0.9035,-0.047,0.12,0.073,0.0965,-0.047,380.0,31.21
2026-05-28T02:14:18.438447+00:00,1779934458438,delta,0.927,0.88,0.9035,-0.047,0.12,0.073,0.0965,-0.047,380.0,31.21
2026-05-28T02:14:18.439358+00:00,1779934458439,delta,0.927,0.88,0.9035,-0.047,0.12,0.073,0.0965,-0.047,406.68,31.21
2026-05-28T02:14:18.440146+00:00,1779934458440,delta,0.927,0.88,0.9035,-0.047,0.12,0.073,0.0965,-0.047,334.18,31.21
2026-05-28T02:14:18.456058+00:00,1779934458456,delta,0.927,0.88,0.9035,-0.047,0.12,0.073,0.0965,-0.047,334.18,31.21
2026-05-28T02:14:18.457161+00:00,1779934458457,delta,0.927,0.88,0.9035,-0.047,0.12,0.073,0.0965,-0.047,334.18,31.21
2026-05-28T02:14:18.457789+00:00,1779934458457,delta,0.927,0.88,0.9035,-0.047,0.12,0.073,0.0965,-0.047,334.18,31.21
2026-05-28T02:14:18.458425+00:00,1779934458458,delta,0.927,0.88,0.9035,-0.047,0.12,0.073,0.0965,-0.047,334.18,31.21
2026-05-28T02:14:18.459096+00:00,1779934458459,delta,0.927,0.88,0.9035,-0.047,0.12,0.073,0.0965,-0.047,334.18,31.21
2026-05-28T02:14:18.459613+00:00,1779934458459,delta,0.927,0.88,0.9035,-0.047,0.12,0.073,0.0965,-0.047,231.79,31.21
2026-05-28T02:14:18.460095+00:00,1779934458460,delta,0.927,0.88,0.9035,-0.047,0.12,0.073,0.0965,-0.047,231.79,31.21
2026-05-28T02:14:18.460535+00:00,1779934458460,delta,0.927,0.88,0.9035,-0.047,0.12,0.073,0.0965,-0.047,231.79,31.21
2026-05-28T02:14:18.478896+00:00,1779934458478,delta,0.927,0.88,0.9035,-0.047,0.12,0.073,0.0965,-0.047,206.68,31.21
2026-05-28T02:14:18.479557+00:00,1779934458479,delta,0.927,0.88,0.9035,-0.047,0.12,0.073,0.0965,-0.047,26.68,31.21
2026-05-28T02:14:18.480238+00:00,1779934458480,delta,0.927,0.88,0.9035,-0.047,0.12,0.073,0.0965,-0.047,26.68,31.21
2026-05-28T02:14:18.480804+00:00,1779934458480,delta,0.927,0.88,0.9035,-0.047,0.12,0.073,0.0965,-0.047,26.68,31.21
2026-05-28T02:14:18.481271+00:00,1779934458481,delta,0.927,0.88,0.9035,-0.047,0.12,0.073,0.0965,-0.047,26.68,31.21
2026-05-28T02:14:18.481769+00:00,1779934458481,delta,0.927,0.88,0.9035,-0.047,0.12,0.073,0.0965,-0.047,26.68,31.21
2026-05-28T02:14:18.482249+00:00,1779934458482,delta,0.927,0.88,0.9035,-0.047,0.12,0.073,0.0965,-0.047,26.68,31.21
2026-05-28T02:14:18.482749+00:00,1779934458482,delta,0.927,0.88,0.9035,-0.047,0.12,0.073,0.0965,-0.047,26.68,31.21
2026-05-28T02:14:18.483194+00:00,1779934458483,delta,0.927,0.88,0.9035,-0.047,0.12,0.073,0.0965,-0.047,26.68,31.21
2026-05-28T02:14:18.483646+00:00,1779934458483,delta,0.927,0.88,0.9035,-0.047,0.12,0.073,0.0965,-0.047,26.68,31.21
2026-05-28T02:14:18.484134+00:00,1779934458484,delta,0.927,0.88,0.9035,-0.047,0.12,0.073,0.0965,-0.047,26.68,31.21
2026-05-28T02:14:18.484570+00:00,1779934458484,delta,0.927,0.88,0.9035,-0.047,0.12,0.073,0.0965,-0.047,26.68,31.21
2026-05-28T02:14:18.485023+00:00,1779934458485,delta,0.927,0.88,0.9035,-0.047,0.12,0.073,0.0965,-0.047,26.68,31.21
2026-05-28T02:14:18.485501+00:00,1779934458485,delta,0.927,0.88,0.9035,-0.047,0.12,0.073,0.0965,-0.047,26.68,31.21
2026-05-28T02:14:18.486259+00:00,1779934458486,delta,0.927,0.88,0.9035,-0.047,0.12,0.073,0.0965,-0.047,26.68,31.21
2026-05-28T02:14:18.487590+00:00,1779934458487,delta,0.927,0.88,0.9035,-0.047,0.12,0.073,0.0965,-0.047,26.68,31.21
2026-05-28T02:14:18.488371+00:00,1779934458488,delta,0.927,0.88,0.9035,-0.047,0.12,0.073,0.0965,-0.047,26.68,31.21
2026-05-28T02:14:18.489196+00:00,1779934458489,delta,0.927,0.88,0.9035,-0.047,0.12,0.073,0.0965,-0.047,26.68,31.21
2026-05-28T02:14:18.490075+00:00,1779934458490,delta,0.927,0.88,0.9035,-0.047,0.12,0.073,0.0965,-0.047,26.68,31.21
2026-05-28T02:14:18.507114+00:00,1779934458507,delta,0.927,0.88,0.9035,-0.047,0.12,0.073,0.0965,-0.047,26.68,31.21
2026-05-28T02:14:18.508343+00:00,1779934458508,delta,0.927,0.88,0.9035,-0.047,0.12,0.073,0.0965,-0.047,26.68,31.21
2026-05-28T02:14:18.508952+00:00,1779934458508,delta,0.927,0.88,0.9035,-0.047,0.12,0.073,0.0965,-0.047,26.68,31.21
2026-05-28T02:14:18.509460+00:00,1779934458509,delta,0.927,0.88,0.9035,-0.047,0.12,0.073,0.0965,-0.047,26.68,31.21
2026-05-28T02:14:18.532921+00:00,1779934458532,delta,0.927,0.88,0.9035,-0.047,0.12,0.073,0.0965,-0.047,26.68,31.21
2026-05-28T02:14:18.533584+00:00,1779934458533,delta,0.927,0.88,0.9035,-0.047,0.12,0.073,0.0965,-0.047,26.68,31.21
2026-05-28T02:14:18.534234+00:00,1779934458534,delta,0.927,0.88,0.9035,-0.047,0.12,0.073,0.0965,-0.047,180.0,31.21
2026-05-28T02:14:18.534686+00:00,1779934458534,delta,0.927,0.88,0.9035,-0.047,0.12,0.073,0.0965,-0.047,180.0,31.21
2026-05-28T02:14:18.535192+00:00,1779934458535,delta,0.927,0.88,0.9035,-0.047,0.12,0.073,0.0965,-0.047,380.0,31.21
2026-05-28T02:14:18.535773+00:00,1779934458535,delta,0.927,0.88,0.9035,-0.047,0.12,0.073,0.0965,-0.047,380.0,31.21
2026-05-28T02:14:18.537080+00:00,1779934458537,delta,0.927,0.88,0.9035,-0.047,0.12,0.073,0.0965,-0.047,380.0,6.43
2026-05-28T02:14:18.538293+00:00,1779934458538,delta,0.927,0.88,0.9035,-0.047,0.12,0.073,0.0965,-0.047,380.0,6.43
2026-05-28T02:14:18.560734+00:00,1779934458560,delta,0.927,0.88,0.9035,-0.047,0.12,0.073,0.0965,-0.047,380.0,6.43
2026-05-28T02:14:18.561532+00:00,1779934458561,delta,0.927,0.88,0.9035,-0.047,0.12,0.073,0.0965,-0.047,380.0,6.43
2026-05-28T02:14:18.562127+00:00,1779934458562,delta,0.927,0.88,0.9035,-0.047,0.12,0.073,0.0965,-0.047,380.0,18.23
2026-05-28T02:14:18.562805+00:00,1779934458562,delta,0.927,0.88,0.9035,-0.047,0.12,0.073,0.0965,-0.047,380.0,18.23
2026-05-28T02:14:18.563328+00:00,1779934458563,delta,0.927,0.88,0.9035,-0.047,0.12,0.073,0.0965,-0.047,380.0,18.23
2026-05-28T02:14:18.563791+00:00,1779934458563,delta,0.927,0.88,0.9035,-0.047,0.12,0.073,0.0965,-0.047,380.0,18.23
2026-05-28T02:14:18.564200+00:00,1779934458564,delta,0.927,0.88,0.9035,-0.047,0.12,0.073,0.0965,-0.047,380.0,18.23
2026-05-28T02:14:18.564603+00:00,1779934458564,delta,0.927,0.88,0.9035,-0.047,0.12,0.073,0.0965,-0.047,380.0,18.23
2026-05-28T02:14:18.565001+00:00,1779934458565,delta,0.927,0.88,0.9035,-0.047,0.12,0.073,0.0965,-0.047,380.0,18.23
2026-05-28T02:14:18.565507+00:00,1779934458565,delta,0.927,0.88,0.9035,-0.047,0.12,0.073,0.0965,-0.047,380.0,18.23
2026-05-28T02:14:18.565963+00:00,1779934458565,delta,0.927,0.88,0.9035,-0.047,0.12,0.073,0.0965,-0.047,380.0,18.23
2026-05-28T02:14:18.566352+00:00,1779934458566,delta,0.927,0.88,0.9035,-0.047,0.12,0.073,0.0965,-0.047,380.0,18.23
2026-05-28T02:14:18.566767+00:00,1779934458566,delta,0.927,0.88,0.9035,-0.047,0.12,0.073,0.0965,-0.047,380.0,18.23
2026-05-28T02:14:18.567168+00:00,1779934458567,delta,0.927,0.88,0.9035,-0.047,0.12,0.073,0.0965,-0.047,380.0,18.23
2026-05-28T02:14:18.567510+00:00,1779934458567,delta,0.927,0.88,0.9035,-0.047,0.12,0.073,0.0965,-0.047,380.0,360.0
2026-05-28T02:14:18.567958+00:00,1779934458567,delta,0.927,0.88,0.9035,-0.047,0.12,0.073,0.0965,-0.047,380.0,326.23
2026-05-28T02:14:18.586989+00:00,1779934458586,delta,0.927,0.88,0.9035,-0.047,0.12,0.073,0.0965,-0.047,180.0,326.23
2026-05-28T02:14:18.588838+00:00,1779934458588,delta,0.927,0.88,0.9035,-0.047,0.12,0.073,0.0965,-0.047,50.0,326.23
2026-05-28T02:14:18.589729+00:00,1779934458589,delta,0.927,0.88,0.9035,-0.047,0.12,0.073,0.0965,-0.047,50.0,326.23
2026-05-28T02:14:18.590608+00:00,1779934458590,delta,0.927,0.88,0.9035,-0.047,0.12,0.073,0.0965,-0.047,50.0,326.23
2026-05-28T02:14:18.612801+00:00,1779934458612,delta,0.927,0.88,0.9035,-0.047,0.12,0.073,0.0965,-0.047,0.0,326.23
2026-05-28T02:14:18.613468+00:00,1779934458613,delta,0.927,0.88,0.9035,-0.047,0.12,0.073,0.0965,-0.047,0.0,326.23
2026-05-28T02:14:18.614031+00:00,1779934458614,delta,0.927,0.88,0.9035,-0.047,0.12,0.073,0.0965,-0.047,0.0,326.23
2026-05-28T02:14:18.614474+00:00,1779934458614,delta,0.927,0.88,0.9035,-0.047,0.12,0.073,0.0965,-0.047,0.0,326.23
2026-05-28T02:14:18.614878+00:00,1779934458614,delta,0.927,0.88,0.9035,-0.047,0.12,0.073,0.0965,-0.047,26.65,326.23
2026-05-28T02:14:18.615265+00:00,1779934458615,delta,0.927,0.88,0.9035,-0.047,0.12,0.073,0.0965,-0.047,26.65,326.23
2026-05-28T02:14:18.615627+00:00,1779934458615,delta,0.927,0.88,0.9035,-0.047,0.12,0.073,0.0965,-0.047,226.65,326.23
2026-05-28T02:14:18.616003+00:00,1779934458616,delta,0.927,0.88,0.9035,-0.047,0.12,0.073,0.0965,-0.047,406.65,326.23
2026-05-28T02:14:18.641617+00:00,1779934458641,delta,0.927,0.88,0.9035,-0.047,0.12,0.073,0.0965,-0.047,405.32,326.23
2026-05-28T02:14:18.642399+00:00,1779934458642,delta,0.927,0.88,0.9035,-0.047,0.12,0.073,0.0965,-0.047,380.0,326.23
2026-05-28T02:14:18.642961+00:00,1779934458642,delta,0.927,0.88,0.9035,-0.047,0.12,0.073,0.0965,-0.047,380.0,326.23
2026-05-28T02:14:18.643468+00:00,1779934458643,delta,0.927,0.88,0.9035,-0.047,0.12,0.073,0.0965,-0.047,380.0,326.23
2026-05-28T02:14:18.643927+00:00,1779934458643,delta,0.927,0.88,0.9035,-0.047,0.12,0.073,0.0965,-0.047,380.0,326.23
2026-05-28T02:14:18.663879+00:00,1779934458663,delta,0.927,0.88,0.9035,-0.047,0.12,0.073,0.0965,-0.047,380.0,326.23
2026-05-28T02:14:18.664506+00:00,1779934458664,delta,0.927,0.88,0.9035,-0.047,0.12,0.073,0.0965,-0.047,380.0,50.0
2026-05-28T02:14:18.665031+00:00,1779934458665,delta,0.927,0.88,0.9035,-0.047,0.12,0.073,0.0965,-0.047,380.0,326.23
2026-05-28T02:14:18.665514+00:00,1779934458665,delta,0.927,0.88,0.9035,-0.047,0.12,0.073,0.0965,-0.047,380.0,175.0
2026-05-28T02:14:18.666018+00:00,1779934458666,delta,0.927,0.88,0.9035,-0.047,0.12,0.073,0.0965,-0.047,380.0,50.23
2026-05-28T02:14:18.666467+00:00,1779934458666,delta,0.927,0.88,0.9035,-0.047,0.12,0.073,0.0965,-0.047,380.0,50.23
2026-05-28T02:14:18.666911+00:00,1779934458666,delta,0.927,0.88,0.9035,-0.047,0.12,0.073,0.0965,-0.047,380.0,50.23
2026-05-28T02:14:18.667322+00:00,1779934458667,delta,0.927,0.88,0.9035,-0.047,0.12,0.073,0.0965,-0.047,380.0,50.23
2026-05-28T02:14:18.667709+00:00,1779934458667,delta,0.927,0.88,0.9035,-0.047,0.12,0.073,0.0965,-0.047,380.0,50.23
2026-05-28T02:14:18.668134+00:00,1779934458668,delta,0.927,0.88,0.9035,-0.047,0.12,0.073,0.0965,-0.047,380.0,50.23
2026-05-28T02:14:18.668551+00:00,1779934458668,delta,0.927,0.88,0.9035,-0.047,0.12,0.073,0.0965,-0.047,380.0,50.23
2026-05-28T02:14:18.669093+00:00,1779934458669,delta,0.927,0.88,0.9035,-0.047,0.12,0.073,0.0965,-0.047,380.0,50.23
2026-05-28T02:14:18.671134+00:00,1779934458671,delta,0.927,0.88,0.9035,-0.047,0.12,0.073,0.0965,-0.047,200.0,50.23
2026-05-28T02:14:18.671789+00:00,1779934458671,delta,0.927,0.88,0.9035,-0.047,0.12,0.073,0.0965,-0.047,0.0,50.23
2026-05-28T02:14:18.672680+00:00,1779934458672,delta,0.927,0.88,0.9035,-0.047,0.12,0.073,0.0965,-0.047,0.0,68.73
2026-05-28T02:14:18.673522+00:00,1779934458673,delta,0.927,0.88,0.9035,-0.047,0.12,0.073,0.0965,-0.047,0.0,68.73
2026-05-28T02:14:18.674194+00:00,1779934458674,delta,0.927,0.88,0.9035,-0.047,0.12,0.073,0.0965,-0.047,26.65,68.73
2026-05-28T02:14:18.693118+00:00,1779934458693,delta,0.927,0.88,0.9035,-0.047,0.12,0.073,0.0965,-0.047,26.65,68.73
2026-05-28T02:14:18.693858+00:00,1779934458693,delta,0.927,0.88,0.9035,-0.047,0.12,0.073,0.0965,-0.047,26.65,68.73
2026-05-28T02:14:18.694472+00:00,1779934458694,delta,0.927,0.88,0.9035,-0.047,0.12,0.073,0.0965,-0.047,26.65,68.73
2026-05-28T02:14:18.695351+00:00,1779934458695,delta,0.927,0.88,0.9035,-0.047,0.12,0.073,0.0965,-0.047,26.65,68.73
2026-05-28T02:14:18.696030+00:00,1779934458696,delta,0.927,0.88,0.9035,-0.047,0.12,0.073,0.0965,-0.047,26.65,18.5
2026-05-28T02:14:18.696643+00:00,1779934458696,delta,0.927,0.88,0.9035,-0.047,0.12,0.073,0.0965,-0.047,26.65,18.5
2026-05-28T02:14:18.697140+00:00,1779934458697,delta,0.927,0.88,0.9035,-0.047,0.12,0.073,0.0965,-0.047,26.65,18.5
2026-05-28T02:14:18.697607+00:00,1779934458697,delta,0.927,0.88,0.9035,-0.047,0.12,0.073,0.0965,-0.047,201.65,18.5
2026-05-28T02:14:18.698005+00:00,1779934458698,delta,0.927,0.88,0.9035,-0.047,0.12,0.073,0.0965,-0.047,201.65,18.5
2026-05-28T02:14:18.698456+00:00,1779934458698,delta,0.927,0.88,0.9035,-0.047,0.12,0.073,0.0965,-0.047,201.65,18.5
2026-05-28T02:14:18.698885+00:00,1779934458698,delta,0.927,0.88,0.9035,-0.047,0.12,0.073,0.0965,-0.047,201.65,18.5
2026-05-28T02:14:18.699285+00:00,1779934458699,delta,0.927,0.88,0.9035,-0.047,0.12,0.073,0.0965,-0.047,201.65,18.5
2026-05-28T02:14:18.699779+00:00,1779934458699,delta,0.927,0.88,0.9035,-0.047,0.12,0.073,0.0965,-0.047,201.65,18.5
2026-05-28T02:14:18.700167+00:00,1779934458700,delta,0.927,0.88,0.9035,-0.047,0.12,0.073,0.0965,-0.047,201.65,18.5
2026-05-28T02:14:18.700618+00:00,1779934458700,delta,0.927,0.88,0.9035,-0.047,0.12,0.073,0.0965,-0.047,201.65,18.5
2026-05-28T02:14:18.701112+00:00,1779934458701,delta,0.927,0.88,0.9035,-0.047,0.12,0.073,0.0965,-0.047,201.65,18.5
2026-05-28T02:14:18.701567+00:00,1779934458701,delta,0.927,0.88,0.9035,-0.047,0.12,0.073,0.0965,-0.047,201.65,18.5
2026-05-28T02:14:18.701947+00:00,1779934458701,delta,0.927,0.88,0.9035,-0.047,0.12,0.073,0.0965,-0.047,201.65,18.5
2026-05-28T02:14:18.702691+00:00,1779934458702,delta,0.927,0.88,0.9035,-0.047,0.12,0.073,0.0965,-0.047,201.65,18.5
2026-05-28T02:14:18.704014+00:00,1779934458704,delta,0.927,0.88,0.9035,-0.047,0.12,0.073,0.0965,-0.047,201.65,18.5
2026-05-28T02:14:18.705022+00:00,1779934458705,delta,0.927,0.88,0.9035,-0.047,0.12,0.073,0.0965,-0.047,201.65,0.0
2026-05-28T02:14:18.726695+00:00,1779934458726,delta,0.927,0.88,0.9035,-0.047,0.12,0.073,0.0965,-0.047,201.65,0.0
2026-05-28T02:14:18.727363+00:00,1779934458727,delta,0.927,0.88,0.9035,-0.047,0.12,0.073,0.0965,-0.047,201.65,0.0
2026-05-28T02:14:18.727815+00:00,1779934458727,delta,0.927,0.88,0.9035,-0.047,0.12,0.073,0.0965,-0.047,201.65,0.0
2026-05-28T02:14:18.728310+00:00,1779934458728,delta,0.927,0.88,0.9035,-0.047,0.12,0.073,0.0965,-0.047,201.65,0.0
2026-05-28T02:14:18.728903+00:00,1779934458728,delta,0.927,0.88,0.9035,-0.047,0.12,0.073,0.0965,-0.047,201.65,0.0
2026-05-28T02:14:18.729577+00:00,1779934458729,delta,0.927,0.88,0.9035,-0.047,0.12,0.073,0.0965,-0.047,201.65,0.0
2026-05-28T02:14:18.730249+00:00,1779934458730,delta,0.927,0.88,0.9035,-0.047,0.12,0.073,0.0965,-0.047,201.65,0.0
2026-05-28T02:14:18.730856+00:00,1779934458730,delta,0.927,0.88,0.9035,-0.047,0.12,0.073,0.0965,-0.047,201.65,0.0
2026-05-28T02:14:18.731326+00:00,1779934458731,delta,0.927,0.88,0.9035,-0.047,0.12,0.073,0.0965,-0.047,251.65,0.0
2026-05-28T02:14:18.731794+00:00,1779934458731,delta,0.927,0.88,0.9035,-0.047,0.12,0.073,0.0965,-0.047,251.65,0.0
2026-05-28T02:14:18.732614+00:00,1779934458732,delta,0.927,0.88,0.9035,-0.047,0.12,0.073,0.0965,-0.047,251.65,0.0
2026-05-28T02:14:18.733236+00:00,1779934458733,delta,0.927,0.88,0.9035,-0.047,0.12,0.073,0.0965,-0.047,225.0,0.0
2026-05-28T02:14:18.755221+00:00,1779934458755,delta,0.927,0.88,0.9035,-0.047,0.12,0.073,0.0965,-0.047,225.0,0.0
2026-05-28T02:14:18.756365+00:00,1779934458756,delta,0.927,0.88,0.9035,-0.047,0.12,0.073,0.0965,-0.047,225.0,0.0
2026-05-28T02:14:18.757246+00:00,1779934458757,delta,0.927,0.88,0.9035,-0.047,0.12,0.073,0.0965,-0.047,225.0,0.0
2026-05-28T02:14:18.757868+00:00,1779934458757,delta,0.927,0.88,0.9035,-0.047,0.12,0.073,0.0965,-0.047,225.0,0.0
2026-05-28T02:14:18.758414+00:00,1779934458758,delta,0.927,0.88,0.9035,-0.047,0.12,0.073,0.0965,-0.047,225.0,0.0
2026-05-28T02:14:18.758939+00:00,1779934458758,delta,0.927,0.88,0.9035,-0.047,0.12,0.073,0.0965,-0.047,225.0,0.0
2026-05-28T02:14:18.759444+00:00,1779934458759,delta,0.927,0.88,0.9035,-0.047,0.12,0.073,0.0965,-0.047,225.0,18.5
2026-05-28T02:14:18.759907+00:00,1779934458759,delta,0.927,0.88,0.9035,-0.047,0.12,0.073,0.0965,-0.047,225.0,18.5
2026-05-28T02:14:18.760368+00:00,1779934458760,delta,0.927,0.88,0.9035,-0.047,0.12,0.073,0.0965,-0.047,225.0,18.5
2026-05-28T02:14:18.760770+00:00,1779934458760,delta,0.927,0.88,0.9035,-0.047,0.12,0.073,0.0965,-0.047,225.0,18.5
2026-05-28T02:14:18.761250+00:00,1779934458761,delta,0.927,0.88,0.9035,-0.047,0.12,0.073,0.0965,-0.047,225.0,0.0
2026-05-28T02:14:18.761745+00:00,1779934458761,delta,0.927,0.88,0.9035,-0.047,0.12,0.073,0.0965,-0.047,225.0,0.0
2026-05-28T02:14:18.762235+00:00,1779934458762,delta,0.927,0.88,0.9035,-0.047,0.12,0.073,0.0965,-0.047,225.0,0.0
2026-05-28T02:14:18.762747+00:00,1779934458762,delta,0.927,0.88,0.9035,-0.047,0.12,0.073,0.0965,-0.047,251.59,0.0
2026-05-28T02:14:18.763235+00:00,1779934458763,delta,0.927,0.88,0.9035,-0.047,0.12,0.073,0.0965,-0.047,251.59,0.0
2026-05-28T02:14:18.763795+00:00,1779934458763,delta,0.927,0.88,0.9035,-0.047,0.12,0.073,0.0965,-0.047,251.59,0.0
2026-05-28T02:14:18.788441+00:00,1779934458788,delta,0.927,0.88,0.9035,-0.047,0.12,0.073,0.0965,-0.047,251.59,0.0
2026-05-28T02:14:18.789639+00:00,1779934458789,delta,0.927,0.88,0.9035,-0.047,0.12,0.073,0.0965,-0.047,251.59,0.0
2026-05-28T02:14:18.790646+00:00,1779934458790,delta,0.927,0.88,0.9035,-0.047,0.12,0.073,0.0965,-0.047,1001.59,0.0
2026-05-28T02:14:18.791434+00:00,1779934458791,delta,0.927,0.88,0.9035,-0.047,0.12,0.073,0.0965,-0.047,1001.59,0.0
2026-05-28T02:14:18.792106+00:00,1779934458792,delta,0.927,0.88,0.9035,-0.047,0.12,0.073,0.0965,-0.047,1001.59,0.0
2026-05-28T02:14:18.792783+00:00,1779934458792,delta,0.927,0.88,0.9035,-0.047,0.12,0.073,0.0965,-0.047,1001.59,0.0
2026-05-28T02:14:18.793484+00:00,1779934458793,delta,0.927,0.88,0.9035,-0.047,0.12,0.073,0.0965,-0.047,1001.59,0.0
2026-05-28T02:14:18.794137+00:00,1779934458794,delta,0.927,0.88,0.9035,-0.047,0.12,0.073,0.0965,-0.047,1001.59,0.0
2026-05-28T02:14:18.794853+00:00,1779934458794,delta,0.927,0.88,0.9035,-0.047,0.12,0.073,0.0965,-0.047,1001.59,0.0
2026-05-28T02:14:18.795608+00:00,1779934458795,delta,0.927,0.88,0.9035,-0.047,0.12,0.073,0.0965,-0.047,1001.59,0.0
2026-05-28T02:14:18.796324+00:00,1779934458796,delta,0.927,0.88,0.9035,-0.047,0.12,0.073,0.0965,-0.047,1001.59,0.0
2026-05-28T02:14:18.797005+00:00,1779934458797,delta,0.927,0.88,0.9035,-0.047,0.12,0.073,0.0965,-0.047,1101.59,0.0
2026-05-28T02:14:18.797709+00:00,1779934458797,delta,0.927,0.88,0.9035,-0.047,0.12,0.073,0.0965,-0.047,1101.59,0.0
2026-05-28T02:14:18.798498+00:00,1779934458798,delta,0.927,0.88,0.9035,-0.047,0.12,0.073,0.0965,-0.047,1101.59,0.0
2026-05-28T02:14:18.799256+00:00,1779934458799,delta,0.927,0.88,0.9035,-0.047,0.12,0.073,0.0965,-0.047,1101.59,0.0
2026-05-28T02:14:18.799789+00:00,1779934458799,delta,0.927,0.88,0.9035,-0.047,0.12,0.073,0.0965,-0.047,1101.59,0.0
2026-05-28T02:14:18.800205+00:00,1779934458800,delta,0.927,0.88,0.9035,-0.047,0.12,0.073,0.0965,-0.047,1101.59,0.0
2026-05-28T02:14:18.800621+00:00,1779934458800,delta,0.927,0.88,0.9035,-0.047,0.12,0.073,0.0965,-0.047,1101.59,0.0
2026-05-28T02:14:18.801000+00:00,1779934458801,delta,0.927,0.88,0.9035,-0.047,0.12,0.073,0.0965,-0.047,1101.59,0.0
2026-05-28T02:14:18.801393+00:00,1779934458801,delta,0.927,0.88,0.9035,-0.047,0.12,0.073,0.0965,-0.047,1101.59,0.0
2026-05-28T02:14:18.811808+00:00,1779934458811,delta,0.927,0.88,0.9035,-0.047,0.12,0.073,0.0965,-0.047,1001.59,0.0
2026-05-28T02:14:18.812631+00:00,1779934458812,delta,0.927,0.88,0.9035,-0.047,0.12,0.073,0.0965,-0.047,1001.59,0.0
2026-05-28T02:14:18.813202+00:00,1779934458813,delta,0.927,0.88,0.9035,-0.047,0.12,0.073,0.0965,-0.047,1001.59,0.0
2026-05-28T02:14:18.817452+00:00,1779934458817,delta,0.927,0.88,0.9035,-0.047,0.12,0.073,0.0965,-0.047,1001.59,0.0
2026-05-28T02:14:18.818141+00:00,1779934458818,delta,0.928,0.88,0.904,-0.048,0.12,0.072,0.096,-0.048,975.0,0.0
2026-05-28T02:14:18.818857+00:00,1779934458818,delta,0.93,0.88,0.905,-0.05,0.12,0.07,0.095,-0.05,350.0,0.0
2026-05-28T02:14:18.820475+00:00,1779934458820,delta,0.93,0.88,0.905,-0.05,0.12,0.07,0.095,-0.05,350.0,0.0
2026-05-28T02:14:18.821686+00:00,1779934458821,delta,0.93,0.88,0.905,-0.05,0.12,0.07,0.095,-0.05,350.0,0.0
2026-05-28T02:14:18.822376+00:00,1779934458822,delta,0.93,0.88,0.905,-0.05,0.12,0.07,0.095,-0.05,350.0,0.0
2026-05-28T02:14:18.846493+00:00,1779934458846,delta,0.93,0.88,0.905,-0.05,0.12,0.07,0.095,-0.05,350.0,0.0
2026-05-28T02:14:18.847264+00:00,1779934458847,delta,0.93,0.88,0.905,-0.05,0.12,0.07,0.095,-0.05,350.0,0.0
2026-05-28T02:14:18.847766+00:00,1779934458847,delta,0.93,0.88,0.905,-0.05,0.12,0.07,0.095,-0.05,350.0,0.0
2026-05-28T02:14:18.848280+00:00,1779934458848,delta,0.93,0.88,0.905,-0.05,0.12,0.07,0.095,-0.05,350.0,0.0
2026-05-28T02:14:18.848949+00:00,1779934458848,delta,0.93,0.88,0.905,-0.05,0.12,0.07,0.095,-0.05,350.0,0.0
2026-05-28T02:14:18.849448+00:00,1779934458849,delta,0.93,0.88,0.905,-0.05,0.12,0.07,0.095,-0.05,350.0,0.0
2026-05-28T02:14:18.849917+00:00,1779934458849,delta,0.93,0.88,0.905,-0.05,0.12,0.07,0.095,-0.05,350.0,0.0
2026-05-28T02:14:18.850396+00:00,1779934458850,delta,0.93,0.88,0.905,-0.05,0.12,0.07,0.095,-0.05,350.0,0.0
2026-05-28T02:14:18.850886+00:00,1779934458850,delta,0.93,0.88,0.905,-0.05,0.12,0.07,0.095,-0.05,350.0,0.0
2026-05-28T02:14:18.851404+00:00,1779934458851,delta,0.93,0.88,0.905,-0.05,0.12,0.07,0.095,-0.05,530.0,0.0
2026-05-28T02:14:18.851881+00:00,1779934458851,delta,0.93,0.88,0.905,-0.05,0.12,0.07,0.095,-0.05,530.0,0.0
2026-05-28T02:14:18.852435+00:00,1779934458852,delta,0.93,0.88,0.905,-0.05,0.12,0.07,0.095,-0.05,530.0,0.0
2026-05-28T02:14:18.854352+00:00,1779934458854,delta,0.93,0.88,0.905,-0.05,0.12,0.07,0.095,-0.05,530.0,0.0
2026-05-28T02:14:18.854980+00:00,1779934458854,delta,0.93,0.88,0.905,-0.05,0.12,0.07,0.095,-0.05,530.0,0.0
2026-05-28T02:14:18.862075+00:00,1779934458862,delta,0.93,0.88,0.905,-0.05,0.12,0.07,0.095,-0.05,530.0,0.0
2026-05-28T02:14:18.862873+00:00,1779934458862,delta,0.93,0.88,0.905,-0.05,0.12,0.07,0.095,-0.05,530.0,0.0
2026-05-28T02:14:18.863506+00:00,1779934458863,delta,0.936,0.88,0.908,-0.056,0.12,0.064,0.092,-0.056,1600.0,0.0
2026-05-28T02:14:18.864191+00:00,1779934458864,delta,0.936,0.88,0.908,-0.056,0.12,0.064,0.092,-0.056,1600.0,0.0
2026-05-28T02:14:18.864910+00:00,1779934458864,delta,0.936,0.88,0.908,-0.056,0.12,0.064,0.092,-0.056,1600.0,0.0
2026-05-28T02:14:18.865382+00:00,1779934458865,delta,0.936,0.88,0.908,-0.056,0.12,0.064,0.092,-0.056,1457.0,0.0
2026-05-28T02:14:18.865871+00:00,1779934458865,delta,0.936,0.88,0.908,-0.056,0.12,0.064,0.092,-0.056,1457.0,0.0
2026-05-28T02:14:18.866294+00:00,1779934458866,delta,0.936,0.88,0.908,-0.056,0.12,0.064,0.092,-0.056,1447.0,0.0
2026-05-28T02:14:18.866714+00:00,1779934458866,delta,0.936,0.88,0.908,-0.056,0.12,0.064,0.092,-0.056,1447.0,0.0
2026-05-28T02:14:18.867137+00:00,1779934458867,delta,0.936,0.88,0.908,-0.056,0.12,0.064,0.092,-0.056,1447.0,0.0
2026-05-28T02:14:18.867517+00:00,1779934458867,delta,0.936,0.88,0.908,-0.056,0.12,0.064,0.092,-0.056,1447.0,0.0
2026-05-28T02:14:18.867884+00:00,1779934458867,delta,0.936,0.88,0.908,-0.056,0.12,0.064,0.092,-0.056,1447.0,0.0
2026-05-28T02:14:18.868279+00:00,1779934458868,delta,0.936,0.88,0.908,-0.056,0.12,0.064,0.092,-0.056,1447.0,0.0
2026-05-28T02:14:18.868663+00:00,1779934458868,delta,0.936,0.88,0.908,-0.056,0.12,0.064,0.092,-0.056,1447.0,0.0
2026-05-28T02:14:18.869286+00:00,1779934458869,delta,0.936,0.88,0.908,-0.056,0.12,0.064,0.092,-0.056,1447.0,0.0
2026-05-28T02:14:18.888368+00:00,1779934458888,delta,0.936,0.88,0.908,-0.056,0.12,0.064,0.092,-0.056,1447.0,0.0
2026-05-28T02:14:18.889529+00:00,1779934458889,delta,0.936,0.88,0.908,-0.056,0.12,0.064,0.092,-0.056,1474.86,0.0
2026-05-28T02:14:18.890442+00:00,1779934458890,delta,0.936,0.88,0.908,-0.056,0.12,0.064,0.092,-0.056,1474.86,0.0
2026-05-28T02:14:18.891108+00:00,1779934458891,delta,0.931,0.88,0.9055,-0.051,0.12,0.069,0.0945,-0.051,409.86,0.0
2026-05-28T02:14:18.891879+00:00,1779934458891,delta,0.931,0.88,0.9055,-0.051,0.12,0.069,0.0945,-0.051,409.86,0.0
2026-05-28T02:14:18.892445+00:00,1779934458892,delta,0.931,0.88,0.9055,-0.051,0.12,0.069,0.0945,-0.051,409.86,0.0
2026-05-28T02:14:18.915531+00:00,1779934458915,delta,0.931,0.88,0.9055,-0.051,0.12,0.069,0.0945,-0.051,409.86,0.0
2026-05-28T02:14:18.916119+00:00,1779934458916,delta,0.931,0.88,0.9055,-0.051,0.12,0.069,0.0945,-0.051,409.86,0.0
2026-05-28T02:14:18.916618+00:00,1779934458916,delta,0.932,0.88,0.906,-0.052,0.12,0.068,0.094,-0.052,434.86,0.0
2026-05-28T02:14:18.917011+00:00,1779934458917,delta,0.932,0.88,0.906,-0.052,0.12,0.068,0.094,-0.052,614.86,0.0
2026-05-28T02:14:18.917442+00:00,1779934458917,delta,0.932,0.88,0.906,-0.052,0.12,0.068,0.094,-0.052,587.0,0.0
2026-05-28T02:14:18.917836+00:00,1779934458917,delta,0.932,0.88,0.906,-0.052,0.12,0.068,0.094,-0.052,587.0,0.0
2026-05-28T02:14:18.918212+00:00,1779934458918,delta,0.932,0.88,0.906,-0.052,0.12,0.068,0.094,-0.052,587.0,0.0
2026-05-28T02:14:18.918564+00:00,1779934458918,delta,0.932,0.88,0.906,-0.052,0.12,0.068,0.094,-0.052,587.0,0.0
2026-05-28T02:14:18.918976+00:00,1779934458918,delta,0.932,0.88,0.906,-0.052,0.12,0.068,0.094,-0.052,587.0,0.0
2026-05-28T02:14:18.920502+00:00,1779934458920,delta,0.932,0.88,0.906,-0.052,0.12,0.068,0.094,-0.052,587.0,0.0
2026-05-28T02:14:18.921625+00:00,1779934458921,delta,0.932,0.88,0.906,-0.052,0.12,0.068,0.094,-0.052,587.0,0.0
2026-05-28T02:14:18.922415+00:00,1779934458922,delta,0.932,0.88,0.906,-0.052,0.12,0.068,0.094,-0.052,587.0,0.0
2026-05-28T02:14:18.923187+00:00,1779934458923,delta,0.932,0.88,0.906,-0.052,0.12,0.068,0.094,-0.052,587.0,0.0
2026-05-28T02:14:18.923968+00:00,1779934458923,delta,0.932,0.88,0.906,-0.052,0.12,0.068,0.094,-0.052,587.0,0.0
2026-05-28T02:14:18.944227+00:00,1779934458944,delta,0.932,0.88,0.906,-0.052,0.12,0.068,0.094,-0.052,587.0,0.0
2026-05-28T02:14:18.945152+00:00,1779934458945,delta,0.937,0.88,0.9085,-0.057,0.12,0.063,0.0915,-0.057,462.0,0.0
2026-05-28T02:14:18.946252+00:00,1779934458946,delta,0.937,0.88,0.9085,-0.057,0.12,0.063,0.0915,-0.057,1712.0,0.0
2026-05-28T02:14:18.949841+00:00,1779934458949,delta,0.937,0.88,0.9085,-0.057,0.12,0.063,0.0915,-0.057,1712.0,0.0
2026-05-28T02:14:18.950563+00:00,1779934458950,delta,0.94,0.88,0.91,-0.06,0.12,0.06,0.09,-0.06,1855.0,0.0
2026-05-28T02:14:18.951099+00:00,1779934458951,delta,0.94,0.88,0.91,-0.06,0.12,0.06,0.09,-0.06,1855.0,0.0
2026-05-28T02:14:18.951542+00:00,1779934458951,delta,0.94,0.88,0.91,-0.06,0.12,0.06,0.09,-0.06,1650.0,0.0
2026-05-28T02:14:18.951945+00:00,1779934458951,delta,0.94,0.88,0.91,-0.06,0.12,0.06,0.09,-0.06,1650.0,0.0
2026-05-28T02:14:18.952528+00:00,1779934458952,delta,0.94,0.88,0.91,-0.06,0.12,0.06,0.09,-0.06,1650.0,0.0
2026-05-28T02:14:18.954239+00:00,1779934458954,delta,0.94,0.88,0.91,-0.06,0.12,0.06,0.09,-0.06,1650.0,0.0
2026-05-28T02:14:18.955153+00:00,1779934458955,delta,0.94,0.88,0.91,-0.06,0.12,0.06,0.09,-0.06,1650.0,0.0
2026-05-28T02:14:18.956232+00:00,1779934458956,delta,0.94,0.88,0.91,-0.06,0.12,0.06,0.09,-0.06,1650.0,0.0
2026-05-28T02:14:18.957252+00:00,1779934458957,delta,0.943,0.88,0.9115,-0.063,0.12,0.057,0.0885,-0.063,525.0,0.0
2026-05-28T02:14:18.957905+00:00,1779934458957,delta,0.945,0.88,0.9125,-0.065,0.12,0.055,0.0875,-0.065,525.0,0.0
2026-05-28T02:14:18.958448+00:00,1779934458958,delta,0.947,0.88,0.9135,-0.067,0.12,0.053,0.0865,-0.067,525.0,0.0
2026-05-28T02:14:18.973036+00:00,1779934458973,delta,0.947,0.88,0.9135,-0.067,0.12,0.053,0.0865,-0.067,525.0,0.0
2026-05-28T02:14:18.974357+00:00,1779934458974,delta,0.947,0.88,0.9135,-0.067,0.12,0.053,0.0865,-0.067,525.0,0.0
2026-05-28T02:14:18.975124+00:00,1779934458975,delta,0.947,0.88,0.9135,-0.067,0.12,0.053,0.0865,-0.067,525.0,0.0
2026-05-28T02:14:18.975785+00:00,1779934458975,delta,0.947,0.88,0.9135,-0.067,0.12,0.053,0.0865,-0.067,525.0,0.0
2026-05-28T02:14:18.976507+00:00,1779934458976,delta,0.947,0.88,0.9135,-0.067,0.12,0.053,0.0865,-0.067,525.0,0.0
2026-05-28T02:14:18.977289+00:00,1779934458977,delta,0.947,0.88,0.9135,-0.067,0.12,0.053,0.0865,-0.067,525.0,0.0
2026-05-28T02:14:18.978123+00:00,1779934458978,delta,0.947,0.88,0.9135,-0.067,0.12,0.053,0.0865,-0.067,525.0,0.0
2026-05-28T02:14:18.978884+00:00,1779934458978,delta,0.947,0.88,0.9135,-0.067,0.12,0.053,0.0865,-0.067,525.0,0.0
2026-05-28T02:14:18.979645+00:00,1779934458979,delta,0.947,0.88,0.9135,-0.067,0.12,0.053,0.0865,-0.067,525.0,0.0
2026-05-28T02:14:18.980331+00:00,1779934458980,delta,0.947,0.88,0.9135,-0.067,0.12,0.053,0.0865,-0.067,525.0,0.0
2026-05-28T02:14:19.007269+00:00,1779934459007,delta,0.947,0.88,0.9135,-0.067,0.12,0.053,0.0865,-0.067,525.0,0.0
2026-05-28T02:14:19.008030+00:00,1779934459008,delta,0.947,0.88,0.9135,-0.067,0.12,0.053,0.0865,-0.067,525.0,0.0
2026-05-28T02:14:19.008626+00:00,1779934459008,delta,0.947,0.88,0.9135,-0.067,0.12,0.053,0.0865,-0.067,525.0,0.0
2026-05-28T02:14:19.009118+00:00,1779934459009,delta,0.947,0.88,0.9135,-0.067,0.12,0.053,0.0865,-0.067,525.0,0.0
2026-05-28T02:14:19.009764+00:00,1779934459009,delta,0.947,0.88,0.9135,-0.067,0.12,0.053,0.0865,-0.067,525.0,0.0
2026-05-28T02:14:19.010254+00:00,1779934459010,delta,0.947,0.88,0.9135,-0.067,0.12,0.053,0.0865,-0.067,525.0,0.0
2026-05-28T02:14:19.010769+00:00,1779934459010,delta,0.947,0.88,0.9135,-0.067,0.12,0.053,0.0865,-0.067,525.0,0.0
2026-05-28T02:14:19.011333+00:00,1779934459011,delta,0.947,0.88,0.9135,-0.067,0.12,0.053,0.0865,-0.067,525.0,0.0
2026-05-28T02:14:19.011812+00:00,1779934459011,delta,0.947,0.88,0.9135,-0.067,0.12,0.053,0.0865,-0.067,525.0,0.0
2026-05-28T02:14:19.012325+00:00,1779934459012,delta,0.947,0.88,0.9135,-0.067,0.12,0.053,0.0865,-0.067,525.0,0.0
2026-05-28T02:14:19.013017+00:00,1779934459013,delta,0.947,0.88,0.9135,-0.067,0.12,0.053,0.0865,-0.067,525.0,0.0
2026-05-28T02:14:19.013721+00:00,1779934459013,delta,0.947,0.88,0.9135,-0.067,0.12,0.053,0.0865,-0.067,525.0,0.0
2026-05-28T02:14:19.014371+00:00,1779934459014,delta,0.947,0.88,0.9135,-0.067,0.12,0.053,0.0865,-0.067,525.0,0.0
2026-05-28T02:14:19.014918+00:00,1779934459014,delta,0.947,0.88,0.9135,-0.067,0.12,0.053,0.0865,-0.067,525.0,0.0
2026-05-28T02:14:19.015378+00:00,1779934459015,delta,0.947,0.88,0.9135,-0.067,0.12,0.053,0.0865,-0.067,525.0,0.0
2026-05-28T02:14:19.015773+00:00,1779934459015,delta,0.948,0.88,0.914,-0.068,0.12,0.052,0.086,-0.068,369.0,0.0
2026-05-28T02:14:19.016247+00:00,1779934459016,delta,0.947,0.88,0.9135,-0.067,0.12,0.053,0.0865,-0.067,525.0,0.0
2026-05-28T02:14:19.016695+00:00,1779934459016,delta,0.947,0.88,0.9135,-0.067,0.12,0.053,0.0865,-0.067,488.25,0.0
2026-05-28T02:14:19.036229+00:00,1779934459036,delta,0.947,0.88,0.9135,-0.067,0.12,0.053,0.0865,-0.067,488.25,0.0
2026-05-28T02:14:19.038365+00:00,1779934459038,delta,0.947,0.88,0.9135,-0.067,0.12,0.053,0.0865,-0.067,488.25,0.0
2026-05-28T02:14:19.039316+00:00,1779934459039,delta,0.947,0.88,0.9135,-0.067,0.12,0.053,0.0865,-0.067,488.25,0.0
2026-05-28T02:14:19.040548+00:00,1779934459040,delta,0.947,0.88,0.9135,-0.067,0.12,0.053,0.0865,-0.067,488.25,0.0
2026-05-28T02:14:19.041199+00:00,1779934459041,delta,0.947,0.88,0.9135,-0.067,0.12,0.053,0.0865,-0.067,488.25,0.0
2026-05-28T02:14:19.041648+00:00,1779934459041,delta,0.947,0.88,0.9135,-0.067,0.12,0.053,0.0865,-0.067,488.25,0.0
2026-05-28T02:14:19.042200+00:00,1779934459042,delta,0.947,0.88,0.9135,-0.067,0.12,0.053,0.0865,-0.067,488.25,0.0
2026-05-28T02:14:19.042870+00:00,1779934459042,delta,0.945,0.88,0.9125,-0.065,0.12,0.055,0.0875,-0.065,525.0,0.0
2026-05-28T02:14:19.043416+00:00,1779934459043,delta,0.945,0.88,0.9125,-0.065,0.12,0.055,0.0875,-0.065,463.25,0.0
2026-05-28T02:14:19.044094+00:00,1779934459044,delta,0.948,0.88,0.914,-0.068,0.12,0.052,0.086,-0.068,468.25,0.0
2026-05-28T02:14:19.044587+00:00,1779934459044,delta,0.948,0.88,0.914,-0.068,0.12,0.052,0.086,-0.068,668.25,0.0
2026-05-28T02:14:19.061521+00:00,1779934459061,delta,0.948,0.88,0.914,-0.068,0.12,0.052,0.086,-0.068,668.25,0.0
2026-05-28T02:14:19.062325+00:00,1779934459062,delta,0.948,0.88,0.914,-0.068,0.12,0.052,0.086,-0.068,668.25,0.0
2026-05-28T02:14:19.063209+00:00,1779934459063,delta,0.948,0.88,0.914,-0.068,0.12,0.052,0.086,-0.068,668.25,0.0
2026-05-28T02:14:19.064739+00:00,1779934459064,delta,0.948,0.88,0.914,-0.068,0.12,0.052,0.086,-0.068,668.25,0.0
2026-05-28T02:14:19.065711+00:00,1779934459065,delta,0.948,0.88,0.914,-0.068,0.12,0.052,0.086,-0.068,668.25,0.0
2026-05-28T02:14:19.066230+00:00,1779934459066,delta,0.948,0.88,0.914,-0.068,0.12,0.052,0.086,-0.068,668.25,0.0
2026-05-28T02:14:19.066649+00:00,1779934459066,delta,0.948,0.88,0.914,-0.068,0.12,0.052,0.086,-0.068,668.25,0.0
2026-05-28T02:14:19.067030+00:00,1779934459067,delta,0.948,0.88,0.914,-0.068,0.12,0.052,0.086,-0.068,668.25,0.0
2026-05-28T02:14:19.071789+00:00,1779934459071,delta,0.948,0.88,0.914,-0.068,0.12,0.052,0.086,-0.068,668.25,0.0
2026-05-28T02:14:19.086648+00:00,1779934459086,delta,0.948,0.88,0.914,-0.068,0.12,0.052,0.086,-0.068,668.25,0.0
2026-05-28T02:14:19.088898+00:00,1779934459088,delta,0.948,0.88,0.914,-0.068,0.12,0.052,0.086,-0.068,525.15,0.0
2026-05-28T02:14:19.089695+00:00,1779934459089,delta,0.948,0.88,0.914,-0.068,0.12,0.052,0.086,-0.068,525.15,0.0
2026-05-28T02:14:19.090969+00:00,1779934459090,delta,0.948,0.88,0.914,-0.068,0.12,0.052,0.086,-0.068,325.15,0.0
2026-05-28T02:14:19.091601+00:00,1779934459091,delta,0.946,0.88,0.913,-0.066,0.12,0.054,0.087,-0.066,320.15,0.0
2026-05-28T02:14:19.092209+00:00,1779934459092,delta,0.946,0.88,0.913,-0.066,0.12,0.054,0.087,-0.066,320.15,0.0
2026-05-28T02:14:19.092719+00:00,1779934459092,delta,0.946,0.88,0.913,-0.066,0.12,0.054,0.087,-0.066,320.15,0.0
2026-05-28T02:14:19.093202+00:00,1779934459093,delta,0.946,0.88,0.913,-0.066,0.12,0.054,0.087,-0.066,320.15,0.0
2026-05-28T02:14:19.093668+00:00,1779934459093,delta,0.946,0.88,0.913,-0.066,0.12,0.054,0.087,-0.066,320.15,0.0
2026-05-28T02:14:19.094172+00:00,1779934459094,delta,0.946,0.88,0.913,-0.066,0.12,0.054,0.087,-0.066,320.15,0.0
2026-05-28T02:14:19.094654+00:00,1779934459094,delta,0.946,0.88,0.913,-0.066,0.12,0.054,0.087,-0.066,320.15,0.0
2026-05-28T02:14:19.095066+00:00,1779934459095,delta,0.946,0.88,0.913,-0.066,0.12,0.054,0.087,-0.066,320.15,0.0
2026-05-28T02:14:19.095463+00:00,1779934459095,delta,0.946,0.88,0.913,-0.066,0.12,0.054,0.087,-0.066,320.15,0.0
2026-05-28T02:14:19.095884+00:00,1779934459095,delta,0.946,0.88,0.913,-0.066,0.12,0.054,0.087,-0.066,320.15,0.0
2026-05-28T02:14:19.096301+00:00,1779934459096,delta,0.946,0.88,0.913,-0.066,0.12,0.054,0.087,-0.066,320.15,0.0
2026-05-28T02:14:19.096776+00:00,1779934459096,delta,0.946,0.88,0.913,-0.066,0.12,0.054,0.087,-0.066,320.15,0.0
2026-05-28T02:14:19.097256+00:00,1779934459097,delta,0.946,0.88,0.913,-0.066,0.12,0.054,0.087,-0.066,320.15,0.0
2026-05-28T02:14:19.121252+00:00,1779934459121,delta,0.946,0.88,0.913,-0.066,0.12,0.054,0.087,-0.066,320.15,0.0
2026-05-28T02:14:19.122373+00:00,1779934459122,delta,0.945,0.88,0.9125,-0.065,0.12,0.055,0.0875,-0.065,463.25,0.0
2026-05-28T02:14:19.123496+00:00,1779934459123,delta,0.946,0.88,0.913,-0.066,0.12,0.054,0.087,-0.066,488.25,0.0
2026-05-28T02:14:19.124419+00:00,1779934459124,delta,0.946,0.88,0.913,-0.066,0.12,0.054,0.087,-0.066,668.25,0.0
2026-05-28T02:14:19.141625+00:00,1779934459141,delta,0.946,0.88,0.913,-0.066,0.12,0.054,0.087,-0.066,668.25,0.0
2026-05-28T02:14:19.142625+00:00,1779934459142,delta,0.946,0.88,0.913,-0.066,0.12,0.054,0.087,-0.066,668.25,0.0
2026-05-28T02:14:19.143238+00:00,1779934459143,delta,0.946,0.88,0.913,-0.066,0.12,0.054,0.087,-0.066,700.18,0.0
2026-05-28T02:14:19.146294+00:00,1779934459146,delta,0.946,0.88,0.913,-0.066,0.12,0.054,0.087,-0.066,700.18,0.0
2026-05-28T02:14:19.168744+00:00,1779934459168,delta,0.946,0.88,0.913,-0.066,0.12,0.054,0.087,-0.066,700.18,0.0
2026-05-28T02:14:19.170752+00:00,1779934459170,delta,0.946,0.88,0.913,-0.066,0.12,0.054,0.087,-0.066,500.18,0.0
2026-05-28T02:14:19.171781+00:00,1779934459171,delta,0.945,0.88,0.9125,-0.065,0.12,0.055,0.0875,-0.065,495.18,0.0
2026-05-28T02:14:19.172635+00:00,1779934459172,delta,0.945,0.88,0.9125,-0.065,0.12,0.055,0.0875,-0.065,495.18,0.0
2026-05-28T02:14:19.173689+00:00,1779934459173,delta,0.945,0.88,0.9125,-0.065,0.12,0.055,0.0875,-0.065,495.18,0.0
2026-05-28T02:14:19.174400+00:00,1779934459174,delta,0.945,0.88,0.9125,-0.065,0.12,0.055,0.0875,-0.065,463.25,0.0
2026-05-28T02:14:19.174999+00:00,1779934459174,delta,0.945,0.88,0.9125,-0.065,0.12,0.055,0.0875,-0.065,463.25,0.0
2026-05-28T02:14:19.175490+00:00,1779934459175,delta,0.945,0.88,0.9125,-0.065,0.12,0.055,0.0875,-0.065,463.25,0.0
2026-05-28T02:14:19.176093+00:00,1779934459176,delta,0.945,0.88,0.9125,-0.065,0.12,0.055,0.0875,-0.065,463.25,0.0
2026-05-28T02:14:19.176554+00:00,1779934459176,delta,0.945,0.88,0.9125,-0.065,0.12,0.055,0.0875,-0.065,463.25,0.0
2026-05-28T02:14:19.177011+00:00,1779934459177,delta,0.945,0.88,0.9125,-0.065,0.12,0.055,0.0875,-0.065,463.25,0.0
2026-05-28T02:14:19.195622+00:00,1779934459195,delta,0.945,0.88,0.9125,-0.065,0.12,0.055,0.0875,-0.065,463.25,0.0
2026-05-28T02:14:19.196284+00:00,1779934459196,delta,0.945,0.88,0.9125,-0.065,0.12,0.055,0.0875,-0.065,463.25,0.0
2026-05-28T02:14:19.196800+00:00,1779934459196,delta,0.945,0.88,0.9125,-0.065,0.12,0.055,0.0875,-0.065,463.25,0.0
2026-05-28T02:14:19.197326+00:00,1779934459197,delta,0.945,0.88,0.9125,-0.065,0.12,0.055,0.0875,-0.065,463.25,0.0
2026-05-28T02:14:19.197780+00:00,1779934459197,delta,0.945,0.88,0.9125,-0.065,0.12,0.055,0.0875,-0.065,463.25,0.0
2026-05-28T02:14:19.198207+00:00,1779934459198,delta,0.945,0.88,0.9125,-0.065,0.12,0.055,0.0875,-0.065,563.25,0.0
2026-05-28T02:14:19.198643+00:00,1779934459198,delta,0.945,0.88,0.9125,-0.065,0.12,0.055,0.0875,-0.065,563.25,0.0
2026-05-28T02:14:19.199042+00:00,1779934459199,delta,0.945,0.88,0.9125,-0.065,0.12,0.055,0.0875,-0.065,563.25,0.0
2026-05-28T02:14:19.199786+00:00,1779934459199,delta,0.945,0.88,0.9125,-0.065,0.12,0.055,0.0875,-0.065,563.25,0.0
2026-05-28T02:14:19.200229+00:00,1779934459200,delta,0.945,0.88,0.9125,-0.065,0.12,0.055,0.0875,-0.065,563.25,0.0
2026-05-28T02:14:19.221725+00:00,1779934459221,delta,0.946,0.88,0.913,-0.066,0.12,0.054,0.087,-0.066,488.25,0.0
2026-05-28T02:14:19.222740+00:00,1779934459222,delta,0.946,0.88,0.913,-0.066,0.12,0.054,0.087,-0.066,668.25,0.0
2026-05-28T02:14:19.224066+00:00,1779934459224,delta,0.946,0.88,0.913,-0.066,0.12,0.054,0.087,-0.066,668.25,0.0
2026-05-28T02:14:19.224703+00:00,1779934459224,delta,0.946,0.88,0.913,-0.066,0.12,0.054,0.087,-0.066,668.25,0.0
2026-05-28T02:14:19.225426+00:00,1779934459225,delta,0.946,0.88,0.913,-0.066,0.12,0.054,0.087,-0.066,668.25,0.0
2026-05-28T02:14:19.226030+00:00,1779934459226,delta,0.946,0.88,0.913,-0.066,0.12,0.054,0.087,-0.066,700.18,0.0
2026-05-28T02:14:19.253399+00:00,1779934459253,delta,0.946,0.88,0.913,-0.066,0.12,0.054,0.087,-0.066,700.18,0.0
2026-05-28T02:14:19.255167+00:00,1779934459255,delta,0.946,0.88,0.913,-0.066,0.12,0.054,0.087,-0.066,700.18,0.0
2026-05-28T02:14:19.256039+00:00,1779934459256,delta,0.946,0.88,0.913,-0.066,0.12,0.054,0.087,-0.066,700.18,0.0
2026-05-28T02:14:19.257257+00:00,1779934459257,delta,0.946,0.88,0.913,-0.066,0.12,0.054,0.087,-0.066,700.18,0.0
2026-05-28T02:14:19.277361+00:00,1779934459277,delta,0.946,0.88,0.913,-0.066,0.12,0.054,0.087,-0.066,680.18,0.0
2026-05-28T02:14:19.278443+00:00,1779934459278,delta,0.946,0.88,0.913,-0.066,0.12,0.054,0.087,-0.066,648.25,0.0
2026-05-28T02:14:19.279124+00:00,1779934459279,delta,0.946,0.88,0.913,-0.066,0.12,0.054,0.087,-0.066,648.25,0.0
2026-05-28T02:14:19.279741+00:00,1779934459279,delta,0.946,0.88,0.913,-0.066,0.12,0.054,0.087,-0.066,648.25,0.0
2026-05-28T02:14:19.280218+00:00,1779934459280,delta,0.946,0.88,0.913,-0.066,0.12,0.054,0.087,-0.066,648.25,0.0
2026-05-28T02:14:19.280665+00:00,1779934459280,delta,0.947,0.88,0.9135,-0.067,0.12,0.053,0.0865,-0.067,523.25,0.0
2026-05-28T02:14:19.307759+00:00,1779934459307,delta,0.947,0.88,0.9135,-0.067,0.12,0.053,0.0865,-0.067,555.15,0.0
2026-05-28T02:14:19.308784+00:00,1779934459308,delta,0.947,0.88,0.9135,-0.067,0.12,0.053,0.0865,-0.067,555.15,0.0
2026-05-28T02:14:19.309624+00:00,1779934459309,delta,0.947,0.88,0.9135,-0.067,0.12,0.053,0.0865,-0.067,555.15,0.0
2026-05-28T02:14:19.310364+00:00,1779934459310,delta,0.947,0.88,0.9135,-0.067,0.12,0.053,0.0865,-0.067,555.15,0.0
2026-05-28T02:14:19.310985+00:00,1779934459310,delta,0.947,0.88,0.9135,-0.067,0.12,0.053,0.0865,-0.067,555.15,0.0
2026-05-28T02:14:19.311585+00:00,1779934459311,delta,0.947,0.88,0.9135,-0.067,0.12,0.053,0.0865,-0.067,555.15,0.0
2026-05-28T02:14:19.312180+00:00,1779934459312,delta,0.947,0.88,0.9135,-0.067,0.12,0.053,0.0865,-0.067,555.15,0.0
2026-05-28T02:14:19.312730+00:00,1779934459312,delta,0.947,0.88,0.9135,-0.067,0.12,0.053,0.0865,-0.067,555.15,0.0
2026-05-28T02:14:19.338351+00:00,1779934459338,delta,0.947,0.88,0.9135,-0.067,0.12,0.053,0.0865,-0.067,375.15,0.0
2026-05-28T02:14:19.339310+00:00,1779934459339,delta,0.947,0.88,0.9135,-0.067,0.12,0.053,0.0865,-0.067,195.15,0.0
2026-05-28T02:14:19.340288+00:00,1779934459340,delta,0.947,0.88,0.9135,-0.067,0.12,0.053,0.0865,-0.067,338.25,0.0
2026-05-28T02:14:19.340875+00:00,1779934459340,delta,0.947,0.88,0.9135,-0.067,0.12,0.053,0.0865,-0.067,338.25,0.0
2026-05-28T02:14:19.341393+00:00,1779934459341,delta,0.947,0.88,0.9135,-0.067,0.12,0.053,0.0865,-0.067,338.25,0.0
2026-05-28T02:14:19.341921+00:00,1779934459341,delta,0.947,0.88,0.9135,-0.067,0.12,0.053,0.0865,-0.067,338.25,0.0
2026-05-28T02:14:19.342458+00:00,1779934459342,delta,0.947,0.88,0.9135,-0.067,0.12,0.053,0.0865,-0.067,338.25,0.0
2026-05-28T02:14:19.342960+00:00,1779934459342,delta,0.947,0.88,0.9135,-0.067,0.12,0.053,0.0865,-0.067,338.25,0.0
2026-05-28T02:14:19.343458+00:00,1779934459343,delta,0.947,0.88,0.9135,-0.067,0.12,0.053,0.0865,-0.067,338.25,0.0
2026-05-28T02:14:19.343925+00:00,1779934459343,delta,0.947,0.88,0.9135,-0.067,0.12,0.053,0.0865,-0.067,338.25,0.0
2026-05-28T02:14:19.344359+00:00,1779934459344,delta,0.947,0.88,0.9135,-0.067,0.12,0.053,0.0865,-0.067,338.25,0.0
2026-05-28T02:14:19.365109+00:00,1779934459365,delta,0.945,0.88,0.9125,-0.065,0.12,0.055,0.0875,-0.065,563.25,0.0
2026-05-28T02:14:19.365792+00:00,1779934459365,delta,0.945,0.88,0.9125,-0.065,0.12,0.055,0.0875,-0.065,563.25,0.0
2026-05-28T02:14:19.366447+00:00,1779934459366,delta,0.945,0.88,0.9125,-0.065,0.12,0.055,0.0875,-0.065,563.25,0.0
2026-05-28T02:14:19.367030+00:00,1779934459367,delta,0.945,0.88,0.9125,-0.065,0.12,0.055,0.0875,-0.065,563.25,0.0
2026-05-28T02:14:19.367597+00:00,1779934459367,delta,0.947,0.88,0.9135,-0.067,0.12,0.053,0.0865,-0.067,320.11,0.0
2026-05-28T02:14:19.368053+00:00,1779934459368,delta,0.948,0.88,0.914,-0.068,0.12,0.052,0.086,-0.068,345.11,0.0
2026-05-28T02:14:19.368500+00:00,1779934459368,delta,0.948,0.88,0.914,-0.068,0.12,0.052,0.086,-0.068,525.11,0.0
2026-05-28T02:14:19.393960+00:00,1779934459393,delta,0.948,0.88,0.914,-0.068,0.12,0.052,0.086,-0.068,525.11,0.0
2026-05-28T02:14:19.394599+00:00,1779934459394,delta,0.948,0.88,0.914,-0.068,0.12,0.052,0.086,-0.068,525.11,0.0
2026-05-28T02:14:19.395156+00:00,1779934459395,delta,0.948,0.88,0.914,-0.068,0.12,0.052,0.086,-0.068,525.11,0.0
2026-05-28T02:14:19.395580+00:00,1779934459395,delta,0.948,0.88,0.914,-0.068,0.12,0.052,0.086,-0.068,525.11,0.0
2026-05-28T02:14:19.423233+00:00,1779934459423,delta,0.948,0.88,0.914,-0.068,0.12,0.052,0.086,-0.068,525.11,0.0
2026-05-28T02:14:19.424057+00:00,1779934459424,delta,0.948,0.88,0.914,-0.068,0.12,0.052,0.086,-0.068,525.11,0.0
2026-05-28T02:14:19.424872+00:00,1779934459424,delta,0.948,0.88,0.914,-0.068,0.12,0.052,0.086,-0.068,668.25,0.0
2026-05-28T02:14:19.425480+00:00,1779934459425,delta,0.948,0.88,0.914,-0.068,0.12,0.052,0.086,-0.068,668.25,0.0
2026-05-28T02:14:19.426022+00:00,1779934459426,delta,0.948,0.88,0.914,-0.068,0.12,0.052,0.086,-0.068,668.25,0.0
2026-05-28T02:14:19.426510+00:00,1779934459426,delta,0.948,0.88,0.914,-0.068,0.12,0.052,0.086,-0.068,668.25,0.0
2026-05-28T02:14:19.427171+00:00,1779934459427,delta,0.948,0.88,0.914,-0.068,0.12,0.052,0.086,-0.068,668.25,0.0
2026-05-28T02:14:19.427908+00:00,1779934459427,delta,0.948,0.88,0.914,-0.068,0.12,0.052,0.086,-0.068,668.25,0.0
2026-05-28T02:14:19.428572+00:00,1779934459428,delta,0.948,0.88,0.914,-0.068,0.12,0.052,0.086,-0.068,700.08,0.0
2026-05-28T02:14:19.429259+00:00,1779934459429,delta,0.948,0.88,0.914,-0.068,0.12,0.052,0.086,-0.068,700.08,0.0
2026-05-28T02:14:19.429936+00:00,1779934459429,delta,0.948,0.88,0.914,-0.068,0.12,0.052,0.086,-0.068,700.08,0.0
2026-05-28T02:14:19.451907+00:00,1779934459451,delta,0.948,0.88,0.914,-0.068,0.12,0.052,0.086,-0.068,700.08,0.0
2026-05-28T02:14:19.453361+00:00,1779934459453,delta,0.948,0.88,0.914,-0.068,0.12,0.052,0.086,-0.068,700.08,0.0
2026-05-28T02:14:19.454919+00:00,1779934459454,delta,0.948,0.88,0.914,-0.068,0.12,0.052,0.086,-0.068,700.08,0.0
2026-05-28T02:14:19.455839+00:00,1779934459455,delta,0.948,0.88,0.914,-0.068,0.12,0.052,0.086,-0.068,700.08,0.0
2026-05-28T02:14:19.456684+00:00,1779934459456,delta,0.948,0.88,0.914,-0.068,0.12,0.052,0.086,-0.068,700.08,0.0
2026-05-28T02:14:19.457855+00:00,1779934459457,delta,0.948,0.88,0.914,-0.068,0.12,0.052,0.086,-0.068,700.08,0.0
2026-05-28T02:14:19.458454+00:00,1779934459458,delta,0.948,0.88,0.914,-0.068,0.12,0.052,0.086,-0.068,700.08,0.0
2026-05-28T02:14:19.481309+00:00,1779934459481,delta,0.948,0.88,0.914,-0.068,0.12,0.052,0.086,-0.068,520.08,0.0
2026-05-28T02:14:19.481903+00:00,1779934459481,delta,0.948,0.88,0.914,-0.068,0.12,0.052,0.086,-0.068,320.08,0.0
2026-05-28T02:14:19.482468+00:00,1779934459482,delta,0.948,0.88,0.914,-0.068,0.12,0.052,0.086,-0.068,320.08,0.0
2026-05-28T02:14:19.482904+00:00,1779934459482,delta,0.948,0.88,0.914,-0.068,0.12,0.052,0.086,-0.068,320.08,0.0
2026-05-28T02:14:19.483306+00:00,1779934459483,delta,0.948,0.88,0.914,-0.068,0.12,0.052,0.086,-0.068,320.08,0.0
2026-05-28T02:14:19.483708+00:00,1779934459483,delta,0.948,0.88,0.914,-0.068,0.12,0.052,0.086,-0.068,320.08,0.0
2026-05-28T02:14:19.484069+00:00,1779934459484,delta,0.948,0.88,0.914,-0.068,0.12,0.052,0.086,-0.068,370.08,0.0
2026-05-28T02:14:19.484428+00:00,1779934459484,delta,0.948,0.88,0.914,-0.068,0.12,0.052,0.086,-0.068,370.08,0.0
2026-05-28T02:14:19.484760+00:00,1779934459484,delta,0.948,0.88,0.914,-0.068,0.12,0.052,0.086,-0.068,370.08,0.0
2026-05-28T02:14:19.490700+00:00,1779934459490,delta,0.948,0.88,0.914,-0.068,0.12,0.052,0.086,-0.068,370.08,0.0
2026-05-28T02:14:19.491402+00:00,1779934459491,delta,0.948,0.88,0.914,-0.068,0.12,0.052,0.086,-0.068,370.08,0.0
2026-05-28T02:14:19.491944+00:00,1779934459491,delta,0.948,0.88,0.914,-0.068,0.12,0.052,0.086,-0.068,370.08,0.0
2026-05-28T02:14:19.492378+00:00,1779934459492,delta,0.948,0.88,0.914,-0.068,0.12,0.052,0.086,-0.068,370.08,0.0
2026-05-28T02:14:19.513414+00:00,1779934459513,delta,0.949,0.88,0.9145,-0.069,0.12,0.051,0.0855,-0.069,395.08,0.0
2026-05-28T02:14:19.514125+00:00,1779934459514,delta,0.949,0.88,0.9145,-0.069,0.12,0.051,0.0855,-0.069,575.08,0.0
2026-05-28T02:14:19.545475+00:00,1779934459545,delta,0.949,0.88,0.9145,-0.069,0.12,0.051,0.0855,-0.069,575.08,0.0
2026-05-28T02:14:19.546236+00:00,1779934459546,delta,0.949,0.88,0.9145,-0.069,0.12,0.051,0.0855,-0.069,575.08,0.0
2026-05-28T02:14:19.546736+00:00,1779934459546,delta,0.949,0.88,0.9145,-0.069,0.12,0.051,0.0855,-0.069,525.08,0.0
2026-05-28T02:14:19.547284+00:00,1779934459547,delta,0.949,0.88,0.9145,-0.069,0.12,0.051,0.0855,-0.069,525.08,0.0
2026-05-28T02:14:19.547763+00:00,1779934459547,delta,0.949,0.88,0.9145,-0.069,0.12,0.051,0.0855,-0.069,668.25,0.0
2026-05-28T02:14:19.548221+00:00,1779934459548,delta,0.949,0.88,0.9145,-0.069,0.12,0.051,0.0855,-0.069,668.25,0.0
2026-05-28T02:14:19.548660+00:00,1779934459548,delta,0.949,0.88,0.9145,-0.069,0.12,0.051,0.0855,-0.069,668.25,0.0
2026-05-28T02:14:19.549070+00:00,1779934459549,delta,0.949,0.88,0.9145,-0.069,0.12,0.051,0.0855,-0.069,668.25,0.0
2026-05-28T02:14:19.568284+00:00,1779934459568,delta,0.949,0.88,0.9145,-0.069,0.12,0.051,0.0855,-0.069,668.25,0.0
2026-05-28T02:14:19.574354+00:00,1779934459574,delta,0.949,0.88,0.9145,-0.069,0.12,0.051,0.0855,-0.069,668.25,0.0
2026-05-28T02:14:19.575063+00:00,1779934459575,delta,0.949,0.88,0.9145,-0.069,0.12,0.051,0.0855,-0.069,668.25,0.0
2026-05-28T02:14:19.575679+00:00,1779934459575,delta,0.949,0.88,0.9145,-0.069,0.12,0.051,0.0855,-0.069,668.25,0.0
2026-05-28T02:14:19.576176+00:00,1779934459576,delta,0.949,0.88,0.9145,-0.069,0.12,0.051,0.0855,-0.069,668.25,0.0
2026-05-28T02:14:19.576706+00:00,1779934459576,delta,0.949,0.88,0.9145,-0.069,0.12,0.051,0.0855,-0.069,679.25,0.0
2026-05-28T02:14:19.593256+00:00,1779934459593,delta,0.949,0.88,0.9145,-0.069,0.12,0.051,0.0855,-0.069,711.05,0.0
2026-05-28T02:14:19.594002+00:00,1779934459594,delta,0.949,0.88,0.9145,-0.069,0.12,0.051,0.0855,-0.069,511.05,0.0
2026-05-28T02:14:19.594453+00:00,1779934459594,delta,0.949,0.88,0.9145,-0.069,0.12,0.051,0.0855,-0.069,331.05,0.0
2026-05-28T02:14:19.594924+00:00,1779934459594,delta,0.949,0.88,0.9145,-0.069,0.12,0.051,0.0855,-0.069,331.05,0.0
2026-05-28T02:14:19.595341+00:00,1779934459595,delta,0.949,0.88,0.9145,-0.069,0.12,0.051,0.0855,-0.069,331.05,0.0
2026-05-28T02:14:19.595747+00:00,1779934459595,delta,0.949,0.88,0.9145,-0.069,0.12,0.051,0.0855,-0.069,331.05,0.0
2026-05-28T02:14:19.596144+00:00,1779934459596,delta,0.949,0.88,0.9145,-0.069,0.12,0.051,0.0855,-0.069,331.05,0.0
2026-05-28T02:14:19.596720+00:00,1779934459596,delta,0.949,0.88,0.9145,-0.069,0.12,0.051,0.0855,-0.069,331.05,0.0
2026-05-28T02:14:19.620757+00:00,1779934459620,delta,0.949,0.88,0.9145,-0.069,0.12,0.051,0.0855,-0.069,320.73,0.0
2026-05-28T02:14:19.622172+00:00,1779934459622,delta,0.949,0.88,0.9145,-0.069,0.12,0.051,0.0855,-0.069,320.73,0.0
2026-05-28T02:14:19.622904+00:00,1779934459622,delta,0.949,0.88,0.9145,-0.069,0.12,0.051,0.0855,-0.069,320.73,0.0
2026-05-28T02:14:19.623514+00:00,1779934459623,delta,0.949,0.88,0.9145,-0.069,0.12,0.051,0.0855,-0.069,320.73,0.0
2026-05-28T02:14:19.623974+00:00,1779934459623,delta,0.949,0.88,0.9145,-0.069,0.12,0.051,0.0855,-0.069,320.73,0.0
2026-05-28T02:14:19.624405+00:00,1779934459624,delta,0.949,0.88,0.9145,-0.069,0.12,0.051,0.0855,-0.069,320.73,0.0
2026-05-28T02:14:19.624828+00:00,1779934459624,delta,0.949,0.88,0.9145,-0.069,0.12,0.051,0.0855,-0.069,320.73,0.0
2026-05-28T02:14:19.649359+00:00,1779934459649,delta,0.949,0.88,0.9145,-0.069,0.12,0.051,0.0855,-0.069,345.73,0.0
2026-05-28T02:14:19.650160+00:00,1779934459650,delta,0.949,0.88,0.9145,-0.069,0.12,0.051,0.0855,-0.069,345.73,0.0
2026-05-28T02:14:19.650716+00:00,1779934459650,delta,0.949,0.88,0.9145,-0.069,0.12,0.051,0.0855,-0.069,345.73,0.0
2026-05-28T02:14:19.651170+00:00,1779934459651,delta,0.949,0.88,0.9145,-0.069,0.12,0.051,0.0855,-0.069,345.73,0.0
2026-05-28T02:14:19.651589+00:00,1779934459651,delta,0.949,0.88,0.9145,-0.069,0.12,0.051,0.0855,-0.069,525.73,0.0
2026-05-28T02:14:19.652073+00:00,1779934459652,delta,0.949,0.88,0.9145,-0.069,0.12,0.051,0.0855,-0.069,525.73,0.0
2026-05-28T02:14:19.652892+00:00,1779934459652,delta,0.949,0.88,0.9145,-0.069,0.12,0.051,0.0855,-0.069,525.73,0.0
2026-05-28T02:14:19.653666+00:00,1779934459653,delta,0.949,0.88,0.9145,-0.069,0.12,0.051,0.0855,-0.069,525.73,0.0
2026-05-28T02:14:19.654260+00:00,1779934459654,delta,0.949,0.88,0.9145,-0.069,0.12,0.051,0.0855,-0.069,525.73,0.0
2026-05-28T02:14:19.654866+00:00,1779934459654,delta,0.949,0.88,0.9145,-0.069,0.12,0.051,0.0855,-0.069,504.25,0.0
2026-05-28T02:14:19.678109+00:00,1779934459678,delta,0.949,0.88,0.9145,-0.069,0.12,0.051,0.0855,-0.069,504.25,0.0
2026-05-28T02:14:19.678807+00:00,1779934459678,delta,0.949,0.88,0.9145,-0.069,0.12,0.051,0.0855,-0.069,504.25,0.0
2026-05-28T02:14:19.681299+00:00,1779934459681,delta,0.949,0.88,0.9145,-0.069,0.12,0.051,0.0855,-0.069,304.25,0.0
2026-05-28T02:14:19.681960+00:00,1779934459681,delta,0.949,0.88,0.9145,-0.069,0.12,0.051,0.0855,-0.069,299.25,0.0
2026-05-28T02:14:19.682667+00:00,1779934459682,delta,0.949,0.88,0.9145,-0.069,0.12,0.051,0.0855,-0.069,299.25,0.0
2026-05-28T02:14:19.704178+00:00,1779934459704,delta,0.949,0.88,0.9145,-0.069,0.12,0.051,0.0855,-0.069,299.25,0.0
2026-05-28T02:14:19.704957+00:00,1779934459704,delta,0.949,0.88,0.9145,-0.069,0.12,0.051,0.0855,-0.069,174.25,0.0
2026-05-28T02:14:19.710004+00:00,1779934459710,delta,0.949,0.88,0.9145,-0.069,0.12,0.051,0.0855,-0.069,174.25,0.0
2026-05-28T02:14:19.731933+00:00,1779934459731,delta,0.949,0.88,0.9145,-0.069,0.12,0.051,0.0855,-0.069,206.15,0.0
2026-05-28T02:14:19.732667+00:00,1779934459732,delta,0.949,0.88,0.9145,-0.069,0.12,0.051,0.0855,-0.069,406.15,0.0
2026-05-28T02:14:19.733289+00:00,1779934459733,delta,0.949,0.88,0.9145,-0.069,0.12,0.051,0.0855,-0.069,586.15,0.0
2026-05-28T02:14:19.733744+00:00,1779934459733,delta,0.949,0.88,0.9145,-0.069,0.12,0.051,0.0855,-0.069,586.15,0.0
2026-05-28T02:14:19.734162+00:00,1779934459734,delta,0.949,0.88,0.9145,-0.069,0.12,0.051,0.0855,-0.069,586.15,0.0
2026-05-28T02:14:19.734574+00:00,1779934459734,delta,0.949,0.88,0.9145,-0.069,0.12,0.051,0.0855,-0.069,586.15,0.0
2026-05-28T02:14:19.734955+00:00,1779934459734,delta,0.949,0.88,0.9145,-0.069,0.12,0.051,0.0855,-0.069,586.15,0.0
2026-05-28T02:14:19.735718+00:00,1779934459735,delta,0.949,0.88,0.9145,-0.069,0.12,0.051,0.0855,-0.069,618.08,0.0
2026-05-28T02:14:19.737259+00:00,1779934459737,delta,0.949,0.88,0.9145,-0.069,0.12,0.051,0.0855,-0.069,568.08,0.0
2026-05-28T02:14:19.737928+00:00,1779934459737,delta,0.949,0.88,0.9145,-0.069,0.12,0.051,0.0855,-0.069,568.08,0.0
2026-05-28T02:14:19.758793+00:00,1779934459758,delta,0.949,0.88,0.9145,-0.069,0.12,0.051,0.0855,-0.069,536.15,0.0
2026-05-28T02:14:19.759585+00:00,1779934459759,delta,0.949,0.88,0.9145,-0.069,0.12,0.051,0.0855,-0.069,336.15,0.0
2026-05-28T02:14:19.760195+00:00,1779934459760,delta,0.949,0.88,0.9145,-0.069,0.12,0.051,0.0855,-0.069,156.15,0.0
2026-05-28T02:14:19.760636+00:00,1779934459760,delta,0.949,0.88,0.9145,-0.069,0.12,0.051,0.0855,-0.069,156.15,0.0
2026-05-28T02:14:19.761063+00:00,1779934459761,delta,0.949,0.88,0.9145,-0.069,0.12,0.051,0.0855,-0.069,156.15,0.0
2026-05-28T02:14:19.787210+00:00,1779934459787,delta,0.949,0.88,0.9145,-0.069,0.12,0.051,0.0855,-0.069,299.25,0.0
2026-05-28T02:14:19.788313+00:00,1779934459788,delta,0.949,0.88,0.9145,-0.069,0.12,0.051,0.0855,-0.069,186.0,0.0
2026-05-28T02:14:19.789097+00:00,1779934459789,delta,0.949,0.88,0.9145,-0.069,0.12,0.051,0.0855,-0.069,450.0,0.0
2026-05-28T02:14:19.789726+00:00,1779934459789,delta,0.949,0.88,0.9145,-0.069,0.12,0.051,0.0855,-0.069,450.0,0.0
2026-05-28T02:14:19.790336+00:00,1779934459790,delta,0.949,0.88,0.9145,-0.069,0.12,0.051,0.0855,-0.069,275.0,0.0
2026-05-28T02:14:19.790861+00:00,1779934459790,delta,0.949,0.88,0.9145,-0.069,0.12,0.051,0.0855,-0.069,550.0,0.0
2026-05-28T02:14:19.791430+00:00,1779934459791,delta,0.949,0.88,0.9145,-0.069,0.12,0.051,0.0855,-0.069,550.0,0.0
2026-05-28T02:14:19.791869+00:00,1779934459791,delta,0.949,0.88,0.9145,-0.069,0.12,0.051,0.0855,-0.069,375.0,0.0
2026-05-28T02:14:19.792467+00:00,1779934459792,delta,0.949,0.88,0.9145,-0.069,0.12,0.051,0.0855,-0.069,475.0,0.0
2026-05-28T02:14:19.793068+00:00,1779934459793,delta,0.949,0.88,0.9145,-0.069,0.12,0.051,0.0855,-0.069,1100.0,0.0
2026-05-28T02:14:19.793563+00:00,1779934459793,delta,0.949,0.88,0.9145,-0.069,0.12,0.051,0.0855,-0.069,1780.0,0.0
2026-05-28T02:14:19.794019+00:00,1779934459794,delta,0.949,0.88,0.9145,-0.069,0.12,0.051,0.0855,-0.069,1155.0,0.0
2026-05-28T02:14:19.794465+00:00,1779934459794,delta,0.949,0.88,0.9145,-0.069,0.12,0.051,0.0855,-0.069,980.0,0.0
2026-05-28T02:14:19.795065+00:00,1779934459795,delta,0.949,0.88,0.9145,-0.069,0.12,0.051,0.0855,-0.069,525.0,0.0
2026-05-28T02:14:19.795651+00:00,1779934459795,delta,0.949,0.88,0.9145,-0.069,0.12,0.051,0.0855,-0.069,350.0,0.0
2026-05-28T02:14:19.796394+00:00,1779934459796,delta,0.949,0.88,0.9145,-0.069,0.12,0.051,0.0855,-0.069,175.0,0.0
2026-05-28T02:14:19.797005+00:00,1779934459797,delta,0.949,0.88,0.9145,-0.069,0.12,0.051,0.0855,-0.069,0.0,0.0
2026-05-28T02:14:19.797527+00:00,1779934459797,delta,0.949,0.88,0.9145,-0.069,0.12,0.051,0.0855,-0.069,0.0,0.0
2026-05-28T02:14:19.798099+00:00,1779934459798,delta,0.949,0.88,0.9145,-0.069,0.12,0.051,0.0855,-0.069,0.0,0.0
2026-05-28T02:14:19.798633+00:00,1779934459798,delta,0.949,0.88,0.9145,-0.069,0.12,0.051,0.0855,-0.069,0.0,0.0
2026-05-28T02:14:19.799094+00:00,1779934459799,delta,0.949,0.88,0.9145,-0.069,0.12,0.051,0.0855,-0.069,0.0,0.0
2026-05-28T02:14:19.799509+00:00,1779934459799,delta,0.949,0.88,0.9145,-0.069,0.12,0.051,0.0855,-0.069,0.0,0.0
2026-05-28T02:14:19.799933+00:00,1779934459799,delta,0.949,0.88,0.9145,-0.069,0.12,0.051,0.0855,-0.069,0.0,0.0
2026-05-28T02:14:19.800374+00:00,1779934459800,delta,0.949,0.88,0.9145,-0.069,0.12,0.051,0.0855,-0.069,0.0,0.0
2026-05-28T02:14:19.812202+00:00,1779934459812,delta,0.949,0.88,0.9145,-0.069,0.12,0.051,0.0855,-0.069,200.0,0.0
2026-05-28T02:14:19.812995+00:00,1779934459812,delta,0.949,0.88,0.9145,-0.069,0.12,0.051,0.0855,-0.069,380.0,0.0
2026-05-28T02:14:19.813518+00:00,1779934459813,delta,0.949,0.88,0.9145,-0.069,0.12,0.051,0.0855,-0.069,380.0,0.0
2026-05-28T02:14:19.814001+00:00,1779934459814,delta,0.949,0.88,0.9145,-0.069,0.12,0.051,0.0855,-0.069,380.0,0.0
2026-05-28T02:14:19.814390+00:00,1779934459814,delta,0.949,0.88,0.9145,-0.069,0.12,0.051,0.0855,-0.069,380.0,0.0
2026-05-28T02:14:19.814776+00:00,1779934459814,delta,0.949,0.88,0.9145,-0.069,0.12,0.051,0.0855,-0.069,380.0,0.0
2026-05-28T02:14:19.815124+00:00,1779934459815,delta,0.949,0.88,0.9145,-0.069,0.12,0.051,0.0855,-0.069,380.0,0.0
2026-05-28T02:14:19.819069+00:00,1779934459819,delta,0.949,0.88,0.9145,-0.069,0.12,0.051,0.0855,-0.069,380.0,0.0
2026-05-28T02:14:19.821247+00:00,1779934459821,delta,0.949,0.88,0.9145,-0.069,0.12,0.051,0.0855,-0.069,380.0,0.0
2026-05-28T02:14:19.822168+00:00,1779934459822,delta,0.949,0.88,0.9145,-0.069,0.12,0.051,0.0855,-0.069,380.0,0.0
2026-05-28T02:14:19.822767+00:00,1779934459822,delta,0.949,0.88,0.9145,-0.069,0.12,0.051,0.0855,-0.069,380.0,0.0
2026-05-28T02:14:19.823266+00:00,1779934459823,delta,0.949,0.88,0.9145,-0.069,0.12,0.051,0.0855,-0.069,380.0,0.0
2026-05-28T02:14:19.823729+00:00,1779934459823,delta,0.949,0.88,0.9145,-0.069,0.12,0.051,0.0855,-0.069,180.0,0.0
2026-05-28T02:14:19.824203+00:00,1779934459824,delta,0.949,0.88,0.9145,-0.069,0.12,0.051,0.0855,-0.069,0.0,0.0
2026-05-28T02:14:19.824676+00:00,1779934459824,delta,0.949,0.88,0.9145,-0.069,0.12,0.051,0.0855,-0.069,800.0,0.0
2026-05-28T02:14:19.825120+00:00,1779934459825,delta,0.949,0.88,0.9145,-0.069,0.12,0.051,0.0855,-0.069,800.0,0.0
2026-05-28T02:14:19.825620+00:00,1779934459825,delta,0.949,0.88,0.9145,-0.069,0.12,0.051,0.0855,-0.069,800.0,0.0
2026-05-28T02:14:19.826177+00:00,1779934459826,delta,0.949,0.88,0.9145,-0.069,0.12,0.051,0.0855,-0.069,800.0,0.0
2026-05-28T02:14:19.826635+00:00,1779934459826,delta,0.949,0.88,0.9145,-0.069,0.12,0.051,0.0855,-0.069,800.0,0.0
2026-05-28T02:14:19.827128+00:00,1779934459827,delta,0.949,0.88,0.9145,-0.069,0.12,0.051,0.0855,-0.069,800.0,0.0
2026-05-28T02:14:19.827531+00:00,1779934459827,delta,0.949,0.88,0.9145,-0.069,0.12,0.051,0.0855,-0.069,800.0,0.0
2026-05-28T02:14:19.827958+00:00,1779934459827,delta,0.949,0.88,0.9145,-0.069,0.12,0.051,0.0855,-0.069,800.0,0.0
2026-05-28T02:14:19.828382+00:00,1779934459828,delta,0.949,0.88,0.9145,-0.069,0.12,0.051,0.0855,-0.069,800.0,0.0
2026-05-28T02:14:19.828845+00:00,1779934459828,delta,0.949,0.88,0.9145,-0.069,0.12,0.051,0.0855,-0.069,800.0,0.0
2026-05-28T02:14:19.829316+00:00,1779934459829,delta,0.949,0.88,0.9145,-0.069,0.12,0.051,0.0855,-0.069,800.0,0.0
2026-05-28T02:14:19.842500+00:00,1779934459842,delta,0.949,0.88,0.9145,-0.069,0.12,0.051,0.0855,-0.069,800.0,0.0
2026-05-28T02:14:19.843248+00:00,1779934459843,delta,0.949,0.88,0.9145,-0.069,0.12,0.051,0.0855,-0.069,800.0,0.0
2026-05-28T02:14:19.843894+00:00,1779934459843,delta,0.949,0.88,0.9145,-0.069,0.12,0.051,0.0855,-0.069,800.0,0.0
2026-05-28T02:14:19.844482+00:00,1779934459844,delta,0.949,0.88,0.9145,-0.069,0.12,0.051,0.0855,-0.069,800.0,0.0
2026-05-28T02:14:19.844952+00:00,1779934459844,delta,0.949,0.88,0.9145,-0.069,0.12,0.051,0.0855,-0.069,800.0,0.0
2026-05-28T02:14:19.845411+00:00,1779934459845,delta,0.949,0.88,0.9145,-0.069,0.12,0.051,0.0855,-0.069,800.0,0.0
2026-05-28T02:14:19.845806+00:00,1779934459845,delta,0.949,0.88,0.9145,-0.069,0.12,0.051,0.0855,-0.069,800.0,0.0
2026-05-28T02:14:19.846244+00:00,1779934459846,delta,0.949,0.88,0.9145,-0.069,0.12,0.051,0.0855,-0.069,800.0,0.0
2026-05-28T02:14:19.846713+00:00,1779934459846,delta,0.949,0.88,0.9145,-0.069,0.12,0.051,0.0855,-0.069,800.0,0.0
2026-05-28T02:14:19.847198+00:00,1779934459847,delta,0.949,0.88,0.9145,-0.069,0.12,0.051,0.0855,-0.069,800.0,0.0
2026-05-28T02:14:19.847637+00:00,1779934459847,delta,0.949,0.88,0.9145,-0.069,0.12,0.051,0.0855,-0.069,800.0,0.0
2026-05-28T02:14:19.848094+00:00,1779934459848,delta,0.949,0.88,0.9145,-0.069,0.12,0.051,0.0855,-0.069,800.0,0.0
2026-05-28T02:14:19.848513+00:00,1779934459848,delta,0.949,0.88,0.9145,-0.069,0.12,0.051,0.0855,-0.069,800.0,0.0
2026-05-28T02:14:19.849013+00:00,1779934459849,delta,0.949,0.88,0.9145,-0.069,0.12,0.051,0.0855,-0.069,800.0,0.0
2026-05-28T02:14:19.871865+00:00,1779934459871,delta,0.949,0.88,0.9145,-0.069,0.12,0.051,0.0855,-0.069,0.0,0.0
2026-05-28T02:14:19.872578+00:00,1779934459872,delta,0.949,0.88,0.9145,-0.069,0.12,0.051,0.0855,-0.069,0.0,0.0
2026-05-28T02:14:19.873091+00:00,1779934459873,delta,0.949,0.88,0.9145,-0.069,0.12,0.051,0.0855,-0.069,0.0,0.0
2026-05-28T02:14:19.873587+00:00,1779934459873,delta,0.949,0.88,0.9145,-0.069,0.12,0.051,0.0855,-0.069,0.0,0.0
2026-05-28T02:14:19.874067+00:00,1779934459874,delta,0.949,0.88,0.9145,-0.069,0.12,0.051,0.0855,-0.069,0.0,0.0
2026-05-28T02:14:19.874519+00:00,1779934459874,delta,0.949,0.88,0.9145,-0.069,0.12,0.051,0.0855,-0.069,0.0,0.0
2026-05-28T02:14:19.875057+00:00,1779934459875,delta,0.949,0.88,0.9145,-0.069,0.12,0.051,0.0855,-0.069,50.0,0.0
2026-05-28T02:14:19.875689+00:00,1779934459875,delta,0.949,0.88,0.9145,-0.069,0.12,0.051,0.0855,-0.069,50.0,0.0
2026-05-28T02:14:19.876135+00:00,1779934459876,delta,0.949,0.88,0.9145,-0.069,0.12,0.051,0.0855,-0.069,50.0,0.0
2026-05-28T02:14:19.876606+00:00,1779934459876,delta,0.949,0.88,0.9145,-0.069,0.12,0.051,0.0855,-0.069,50.0,0.0
2026-05-28T02:14:19.877028+00:00,1779934459877,delta,0.949,0.88,0.9145,-0.069,0.12,0.051,0.0855,-0.069,50.0,0.0
2026-05-28T02:14:19.877469+00:00,1779934459877,delta,0.949,0.88,0.9145,-0.069,0.12,0.051,0.0855,-0.069,50.0,0.0
2026-05-28T02:14:19.877847+00:00,1779934459877,delta,0.949,0.88,0.9145,-0.069,0.12,0.051,0.0855,-0.069,0.0,0.0
2026-05-28T02:14:19.878303+00:00,1779934459878,delta,0.949,0.88,0.9145,-0.069,0.12,0.051,0.0855,-0.069,0.0,0.0
2026-05-28T02:14:19.878836+00:00,1779934459878,delta,0.949,0.88,0.9145,-0.069,0.12,0.051,0.0855,-0.069,0.0,0.0
2026-05-28T02:14:19.896705+00:00,1779934459896,delta,0.949,0.88,0.9145,-0.069,0.12,0.051,0.0855,-0.069,0.0,0.0
2026-05-28T02:14:19.897359+00:00,1779934459897,delta,0.949,0.88,0.9145,-0.069,0.12,0.051,0.0855,-0.069,0.0,0.0
2026-05-28T02:14:19.897982+00:00,1779934459897,delta,0.949,0.88,0.9145,-0.069,0.12,0.051,0.0855,-0.069,0.0,0.0
2026-05-28T02:14:19.904158+00:00,1779934459904,delta,0.949,0.88,0.9145,-0.069,0.12,0.051,0.0855,-0.069,0.0,0.0
2026-05-28T02:14:19.905224+00:00,1779934459905,delta,0.949,0.88,0.9145,-0.069,0.12,0.051,0.0855,-0.069,0.0,0.0
2026-05-28T02:14:19.905788+00:00,1779934459905,delta,0.949,0.88,0.9145,-0.069,0.12,0.051,0.0855,-0.069,0.0,0.0
2026-05-28T02:14:19.906352+00:00,1779934459906,delta,0.949,0.88,0.9145,-0.069,0.12,0.051,0.0855,-0.069,0.0,0.0
2026-05-28T02:14:19.906850+00:00,1779934459906,delta,0.949,0.88,0.9145,-0.069,0.12,0.051,0.0855,-0.069,0.0,0.0
2026-05-28T02:14:19.907292+00:00,1779934459907,delta,0.949,0.88,0.9145,-0.069,0.12,0.051,0.0855,-0.069,0.0,0.0
2026-05-28T02:14:19.907704+00:00,1779934459907,delta,0.949,0.88,0.9145,-0.069,0.12,0.051,0.0855,-0.069,0.0,175.0
2026-05-28T02:14:19.908135+00:00,1779934459908,delta,0.949,0.88,0.9145,-0.069,0.12,0.051,0.0855,-0.069,0.0,175.0
2026-05-28T02:14:19.908592+00:00,1779934459908,delta,0.949,0.88,0.9145,-0.069,0.12,0.051,0.0855,-0.069,0.0,175.0
2026-05-28T02:14:19.909002+00:00,1779934459909,delta,0.949,0.88,0.9145,-0.069,0.12,0.051,0.0855,-0.069,0.0,175.0
2026-05-28T02:14:19.909438+00:00,1779934459909,delta,0.949,0.88,0.9145,-0.069,0.12,0.051,0.0855,-0.069,0.0,175.0
2026-05-28T02:14:19.909867+00:00,1779934459909,delta,0.949,0.88,0.9145,-0.069,0.12,0.051,0.0855,-0.069,0.0,175.0
2026-05-28T02:14:19.910259+00:00,1779934459910,delta,0.949,0.88,0.9145,-0.069,0.12,0.051,0.0855,-0.069,0.0,175.0
2026-05-28T02:14:19.910668+00:00,1779934459910,delta,0.949,0.88,0.9145,-0.069,0.12,0.051,0.0855,-0.069,0.0,175.0
2026-05-28T02:14:19.911169+00:00,1779934459911,delta,0.949,0.88,0.9145,-0.069,0.12,0.051,0.0855,-0.069,0.0,175.0
2026-05-28T02:14:19.911602+00:00,1779934459911,delta,0.949,0.88,0.9145,-0.069,0.12,0.051,0.0855,-0.069,0.0,175.0
2026-05-28T02:14:19.912066+00:00,1779934459912,delta,0.949,0.88,0.9145,-0.069,0.12,0.051,0.0855,-0.069,0.0,175.0
2026-05-28T02:14:19.924102+00:00,1779934459924,delta,0.949,0.88,0.9145,-0.069,0.12,0.051,0.0855,-0.069,0.0,175.0
2026-05-28T02:14:19.924794+00:00,1779934459924,delta,0.949,0.88,0.9145,-0.069,0.12,0.051,0.0855,-0.069,0.0,175.0
2026-05-28T02:14:19.925290+00:00,1779934459925,delta,0.949,0.88,0.9145,-0.069,0.12,0.051,0.0855,-0.069,0.0,175.0
2026-05-28T02:14:19.929787+00:00,1779934459929,delta,0.949,0.88,0.9145,-0.069,0.12,0.051,0.0855,-0.069,0.0,175.0
2026-05-28T02:14:19.930481+00:00,1779934459930,delta,0.949,0.88,0.9145,-0.069,0.12,0.051,0.0855,-0.069,0.0,175.0
2026-05-28T02:14:19.931130+00:00,1779934459931,delta,0.949,0.88,0.9145,-0.069,0.12,0.051,0.0855,-0.069,0.0,175.0
2026-05-28T02:14:19.931646+00:00,1779934459931,delta,0.949,0.88,0.9145,-0.069,0.12,0.051,0.0855,-0.069,0.0,175.0
2026-05-28T02:14:19.932094+00:00,1779934459932,delta,0.949,0.88,0.9145,-0.069,0.12,0.051,0.0855,-0.069,0.0,175.0
2026-05-28T02:14:19.932522+00:00,1779934459932,delta,0.949,0.88,0.9145,-0.069,0.12,0.051,0.0855,-0.069,0.0,175.0
2026-05-28T02:14:19.932946+00:00,1779934459932,delta,0.949,0.88,0.9145,-0.069,0.12,0.051,0.0855,-0.069,0.0,172.0
2026-05-28T02:14:19.933417+00:00,1779934459933,delta,0.949,0.88,0.9145,-0.069,0.12,0.051,0.0855,-0.069,0.0,172.0
2026-05-28T02:14:19.933821+00:00,1779934459933,delta,0.949,0.88,0.9145,-0.069,0.12,0.051,0.0855,-0.069,0.0,172.0
2026-05-28T02:14:19.934272+00:00,1779934459934,delta,0.949,0.88,0.9145,-0.069,0.12,0.051,0.0855,-0.069,0.0,172.0
2026-05-28T02:14:19.934756+00:00,1779934459934,delta,0.949,0.88,0.9145,-0.069,0.12,0.051,0.0855,-0.069,0.0,172.0
2026-05-28T02:14:19.935232+00:00,1779934459935,delta,0.949,0.88,0.9145,-0.069,0.12,0.051,0.0855,-0.069,0.0,172.0
2026-05-28T02:14:19.935674+00:00,1779934459935,delta,0.949,0.88,0.9145,-0.069,0.12,0.051,0.0855,-0.069,0.0,172.0
2026-05-28T02:14:19.936611+00:00,1779934459936,delta,0.949,0.88,0.9145,-0.069,0.12,0.051,0.0855,-0.069,0.0,172.0
2026-05-28T02:14:19.937619+00:00,1779934459937,delta,0.949,0.88,0.9145,-0.069,0.12,0.051,0.0855,-0.069,0.0,17.0
2026-05-28T02:14:19.949503+00:00,1779934459949,delta,0.949,0.88,0.9145,-0.069,0.12,0.051,0.0855,-0.069,0.0,17.0
2026-05-28T02:14:19.950259+00:00,1779934459950,delta,0.949,0.88,0.9145,-0.069,0.12,0.051,0.0855,-0.069,0.0,175.0
2026-05-28T02:14:19.950921+00:00,1779934459950,delta,0.949,0.88,0.9145,-0.069,0.12,0.051,0.0855,-0.069,0.0,175.0
2026-05-28T02:14:19.951465+00:00,1779934459951,delta,0.949,0.88,0.9145,-0.069,0.12,0.051,0.0855,-0.069,0.0,175.0
2026-05-28T02:14:19.952137+00:00,1779934459952,delta,0.949,0.88,0.9145,-0.069,0.12,0.051,0.0855,-0.069,0.0,0.0
2026-05-28T02:14:19.953405+00:00,1779934459953,delta,0.949,0.88,0.9145,-0.069,0.12,0.051,0.0855,-0.069,0.0,0.0
2026-05-28T02:14:19.954214+00:00,1779934459954,delta,0.949,0.88,0.9145,-0.069,0.12,0.051,0.0855,-0.069,0.0,0.0
2026-05-28T02:14:19.954854+00:00,1779934459954,delta,0.949,0.88,0.9145,-0.069,0.12,0.051,0.0855,-0.069,0.0,0.0
2026-05-28T02:14:19.955394+00:00,1779934459955,delta,0.949,0.88,0.9145,-0.069,0.12,0.051,0.0855,-0.069,0.0,0.0
2026-05-28T02:14:19.955884+00:00,1779934459955,delta,0.949,0.88,0.9145,-0.069,0.12,0.051,0.0855,-0.069,0.0,0.0
2026-05-28T02:14:19.956406+00:00,1779934459956,delta,0.949,0.88,0.9145,-0.069,0.12,0.051,0.0855,-0.069,0.0,0.0
2026-05-28T02:14:19.956913+00:00,1779934459956,delta,0.949,0.88,0.9145,-0.069,0.12,0.051,0.0855,-0.069,0.0,0.0
2026-05-28T02:14:19.957355+00:00,1779934459957,delta,0.949,0.88,0.9145,-0.069,0.12,0.051,0.0855,-0.069,0.0,0.0
2026-05-28T02:14:19.957892+00:00,1779934459957,delta,0.949,0.88,0.9145,-0.069,0.12,0.051,0.0855,-0.069,0.0,0.0
2026-05-28T02:14:19.958341+00:00,1779934459958,delta,0.949,0.88,0.9145,-0.069,0.12,0.051,0.0855,-0.069,0.0,0.0
2026-05-28T02:14:19.958790+00:00,1779934459958,delta,0.949,0.88,0.9145,-0.069,0.12,0.051,0.0855,-0.069,0.0,0.0
2026-05-28T02:14:19.959238+00:00,1779934459959,delta,0.949,0.88,0.9145,-0.069,0.12,0.051,0.0855,-0.069,0.0,0.0
2026-05-28T02:14:19.959670+00:00,1779934459959,delta,0.949,0.88,0.9145,-0.069,0.12,0.051,0.0855,-0.069,0.0,0.0
2026-05-28T02:14:19.960190+00:00,1779934459960,delta,0.949,0.88,0.9145,-0.069,0.12,0.051,0.0855,-0.069,0.0,0.0
2026-05-28T02:14:19.960824+00:00,1779934459960,delta,0.949,0.88,0.9145,-0.069,0.12,0.051,0.0855,-0.069,0.0,0.0
2026-05-28T02:14:19.961403+00:00,1779934459961,delta,0.949,0.88,0.9145,-0.069,0.12,0.051,0.0855,-0.069,0.0,0.0
2026-05-28T02:14:19.961870+00:00,1779934459961,delta,0.949,0.88,0.9145,-0.069,0.12,0.051,0.0855,-0.069,0.0,0.0
2026-05-28T02:14:19.962327+00:00,1779934459962,delta,0.949,0.88,0.9145,-0.069,0.12,0.051,0.0855,-0.069,0.0,0.0
2026-05-28T02:14:19.973832+00:00,1779934459973,delta,0.949,0.88,0.9145,-0.069,0.12,0.051,0.0855,-0.069,0.0,0.0
2026-05-28T02:14:19.974485+00:00,1779934459974,delta,0.949,0.88,0.9145,-0.069,0.12,0.051,0.0855,-0.069,0.0,0.0
2026-05-28T02:14:19.975097+00:00,1779934459975,delta,0.949,0.88,0.9145,-0.069,0.12,0.051,0.0855,-0.069,0.0,0.0
2026-05-28T02:14:19.975587+00:00,1779934459975,delta,0.949,0.88,0.9145,-0.069,0.12,0.051,0.0855,-0.069,0.0,0.0
2026-05-28T02:14:19.976024+00:00,1779934459976,delta,0.949,0.88,0.9145,-0.069,0.12,0.051,0.0855,-0.069,0.0,0.0
2026-05-28T02:14:19.976443+00:00,1779934459976,delta,0.949,0.88,0.9145,-0.069,0.12,0.051,0.0855,-0.069,0.0,0.0
2026-05-28T02:14:19.976865+00:00,1779934459976,delta,0.949,0.88,0.9145,-0.069,0.12,0.051,0.0855,-0.069,0.0,0.0
2026-05-28T02:14:19.977636+00:00,1779934459977,delta,0.949,0.88,0.9145,-0.069,0.12,0.051,0.0855,-0.069,0.0,0.0
2026-05-28T02:14:19.978130+00:00,1779934459978,delta,0.949,0.88,0.9145,-0.069,0.12,0.051,0.0855,-0.069,0.0,0.0
2026-05-28T02:14:19.978618+00:00,1779934459978,delta,0.949,0.88,0.9145,-0.069,0.12,0.051,0.0855,-0.069,0.0,0.0
2026-05-28T02:14:19.979058+00:00,1779934459979,delta,0.949,0.88,0.9145,-0.069,0.12,0.051,0.0855,-0.069,0.0,0.0
2026-05-28T02:14:19.979624+00:00,1779934459979,delta,0.949,0.88,0.9145,-0.069,0.12,0.051,0.0855,-0.069,0.0,0.0
2026-05-28T02:14:19.980096+00:00,1779934459980,delta,0.949,0.88,0.9145,-0.069,0.12,0.051,0.0855,-0.069,0.0,0.0
2026-05-28T02:14:19.980651+00:00,1779934459980,delta,0.949,0.88,0.9145,-0.069,0.12,0.051,0.0855,-0.069,0.0,0.0
2026-05-28T02:14:19.981093+00:00,1779934459981,delta,0.949,0.88,0.9145,-0.069,0.12,0.051,0.0855,-0.069,175.0,0.0
2026-05-28T02:14:19.981504+00:00,1779934459981,delta,0.949,0.88,0.9145,-0.069,0.12,0.051,0.0855,-0.069,175.0,0.0
2026-05-28T02:14:19.981941+00:00,1779934459981,delta,0.949,0.88,0.9145,-0.069,0.12,0.051,0.0855,-0.069,175.0,0.0
2026-05-28T02:14:19.982420+00:00,1779934459982,delta,0.949,0.88,0.9145,-0.069,0.12,0.051,0.0855,-0.069,175.0,0.0
2026-05-28T02:14:19.983008+00:00,1779934459983,delta,0.949,0.88,0.9145,-0.069,0.12,0.051,0.0855,-0.069,175.0,0.0
2026-05-28T02:14:19.983490+00:00,1779934459983,delta,0.949,0.88,0.9145,-0.069,0.12,0.051,0.0855,-0.069,175.0,0.0
2026-05-28T02:14:19.983931+00:00,1779934459983,delta,0.949,0.88,0.9145,-0.069,0.12,0.051,0.0855,-0.069,175.0,0.0
2026-05-28T02:14:19.984480+00:00,1779934459984,delta,0.949,0.88,0.9145,-0.069,0.12,0.051,0.0855,-0.069,350.0,0.0
2026-05-28T02:14:19.985225+00:00,1779934459985,delta,0.949,0.88,0.9145,-0.069,0.12,0.051,0.0855,-0.069,350.0,0.0
2026-05-28T02:14:19.986218+00:00,1779934459986,delta,0.949,0.88,0.9145,-0.069,0.12,0.051,0.0855,-0.069,350.0,0.0
2026-05-28T02:14:19.987660+00:00,1779934459987,delta,0.949,0.88,0.9145,-0.069,0.12,0.051,0.0855,-0.069,350.0,0.0
2026-05-28T02:14:19.988347+00:00,1779934459988,delta,0.949,0.88,0.9145,-0.069,0.12,0.051,0.0855,-0.069,350.0,0.0
2026-05-28T02:14:19.988816+00:00,1779934459988,delta,0.949,0.88,0.9145,-0.069,0.12,0.051,0.0855,-0.069,350.0,0.0
2026-05-28T02:14:20.006327+00:00,1779934460006,delta,0.949,0.88,0.9145,-0.069,0.12,0.051,0.0855,-0.069,350.0,0.0
2026-05-28T02:14:20.007210+00:00,1779934460007,delta,0.949,0.88,0.9145,-0.069,0.12,0.051,0.0855,-0.069,350.0,0.0
2026-05-28T02:14:20.007885+00:00,1779934460007,delta,0.949,0.88,0.9145,-0.069,0.12,0.051,0.0855,-0.069,350.0,0.0
2026-05-28T02:14:20.008532+00:00,1779934460008,delta,0.949,0.88,0.9145,-0.069,0.12,0.051,0.0855,-0.069,350.0,0.0
2026-05-28T02:14:20.009525+00:00,1779934460009,delta,0.949,0.88,0.9145,-0.069,0.12,0.051,0.0855,-0.069,350.0,0.0
2026-05-28T02:14:20.010146+00:00,1779934460010,delta,0.949,0.88,0.9145,-0.069,0.12,0.051,0.0855,-0.069,350.0,0.0
2026-05-28T02:14:20.010846+00:00,1779934460010,delta,0.949,0.88,0.9145,-0.069,0.12,0.051,0.0855,-0.069,350.0,0.0
2026-05-28T02:14:20.011493+00:00,1779934460011,delta,0.949,0.88,0.9145,-0.069,0.12,0.051,0.0855,-0.069,350.0,0.0
2026-05-28T02:14:20.012136+00:00,1779934460012,delta,0.949,0.88,0.9145,-0.069,0.12,0.051,0.0855,-0.069,350.0,0.0
2026-05-28T02:14:20.012782+00:00,1779934460012,delta,0.949,0.88,0.9145,-0.069,0.12,0.051,0.0855,-0.069,350.0,0.0
2026-05-28T02:14:20.013363+00:00,1779934460013,delta,0.949,0.88,0.9145,-0.069,0.12,0.051,0.0855,-0.069,350.0,0.0
2026-05-28T02:14:20.013938+00:00,1779934460013,delta,0.949,0.88,0.9145,-0.069,0.12,0.051,0.0855,-0.069,350.0,0.0
2026-05-28T02:14:20.014537+00:00,1779934460014,delta,0.949,0.88,0.9145,-0.069,0.12,0.051,0.0855,-0.069,350.0,0.0
2026-05-28T02:14:20.026345+00:00,1779934460026,delta,0.949,0.88,0.9145,-0.069,0.12,0.051,0.0855,-0.069,350.0,0.0
2026-05-28T02:14:20.027010+00:00,1779934460027,delta,0.949,0.88,0.9145,-0.069,0.12,0.051,0.0855,-0.069,350.0,0.0
2026-05-28T02:14:20.027543+00:00,1779934460027,delta,0.949,0.88,0.9145,-0.069,0.12,0.051,0.0855,-0.069,350.0,0.0
2026-05-28T02:14:20.028077+00:00,1779934460028,delta,0.949,0.88,0.9145,-0.069,0.12,0.051,0.0855,-0.069,350.0,0.0
2026-05-28T02:14:20.028661+00:00,1779934460028,delta,0.949,0.88,0.9145,-0.069,0.12,0.051,0.0855,-0.069,350.0,0.0
2026-05-28T02:14:20.029340+00:00,1779934460029,delta,0.949,0.88,0.9145,-0.069,0.12,0.051,0.0855,-0.069,254.17,0.0
2026-05-28T02:14:20.029943+00:00,1779934460029,delta,0.949,0.88,0.9145,-0.069,0.12,0.051,0.0855,-0.069,254.17,0.0
2026-05-28T02:14:20.030460+00:00,1779934460030,delta,0.949,0.88,0.9145,-0.069,0.12,0.051,0.0855,-0.069,254.17,0.0
2026-05-28T02:14:20.030898+00:00,1779934460030,delta,0.949,0.88,0.9145,-0.069,0.12,0.051,0.0855,-0.069,254.17,0.0
2026-05-28T02:14:20.031466+00:00,1779934460031,delta,0.949,0.88,0.9145,-0.069,0.12,0.051,0.0855,-0.069,254.17,0.0
2026-05-28T02:14:20.031976+00:00,1779934460031,delta,0.949,0.88,0.9145,-0.069,0.12,0.051,0.0855,-0.069,254.17,0.0
2026-05-28T02:14:20.032516+00:00,1779934460032,delta,0.949,0.88,0.9145,-0.069,0.12,0.051,0.0855,-0.069,254.17,0.0
2026-05-28T02:14:20.056808+00:00,1779934460056,delta,0.949,0.88,0.9145,-0.069,0.12,0.051,0.0855,-0.069,249.17,0.0
2026-05-28T02:14:20.058020+00:00,1779934460058,delta,0.949,0.88,0.9145,-0.069,0.12,0.051,0.0855,-0.069,249.17,0.0
2026-05-28T02:14:20.058635+00:00,1779934460058,delta,0.949,0.88,0.9145,-0.069,0.12,0.051,0.0855,-0.069,249.17,0.0
2026-05-28T02:14:20.059154+00:00,1779934460059,delta,0.949,0.88,0.9145,-0.069,0.12,0.051,0.0855,-0.069,249.17,0.0
2026-05-28T02:14:20.059611+00:00,1779934460059,delta,0.949,0.88,0.9145,-0.069,0.12,0.051,0.0855,-0.069,249.17,0.0
2026-05-28T02:14:20.060152+00:00,1779934460060,delta,0.949,0.88,0.9145,-0.069,0.12,0.051,0.0855,-0.069,254.17,0.0
2026-05-28T02:14:20.060679+00:00,1779934460060,delta,0.949,0.88,0.9145,-0.069,0.12,0.051,0.0855,-0.069,454.17,0.0
2026-05-28T02:14:20.061198+00:00,1779934460061,delta,0.949,0.88,0.9145,-0.069,0.12,0.051,0.0855,-0.069,454.17,0.0
2026-05-28T02:14:20.082224+00:00,1779934460082,delta,0.949,0.88,0.9145,-0.069,0.12,0.051,0.0855,-0.069,454.17,0.0
2026-05-28T02:14:20.082950+00:00,1779934460082,delta,0.949,0.88,0.9145,-0.069,0.12,0.051,0.0855,-0.069,454.17,0.0
2026-05-28T02:14:20.083530+00:00,1779934460083,delta,0.949,0.88,0.9145,-0.069,0.12,0.051,0.0855,-0.069,504.17,0.0
2026-05-28T02:14:20.084099+00:00,1779934460084,delta,0.949,0.88,0.9145,-0.069,0.12,0.051,0.0855,-0.069,555.0,0.0
2026-05-28T02:14:20.084599+00:00,1779934460084,delta,0.949,0.88,0.9145,-0.069,0.12,0.051,0.0855,-0.069,350.0,0.0
2026-05-28T02:14:20.085032+00:00,1779934460085,delta,0.949,0.88,0.9145,-0.069,0.12,0.051,0.0855,-0.069,350.0,0.0
2026-05-28T02:14:20.085515+00:00,1779934460085,delta,0.949,0.88,0.9145,-0.069,0.12,0.051,0.0855,-0.069,350.0,0.0
2026-05-28T02:14:20.086416+00:00,1779934460086,delta,0.949,0.88,0.9145,-0.069,0.12,0.051,0.0855,-0.069,350.0,0.0
2026-05-28T02:14:20.087489+00:00,1779934460087,delta,0.949,0.88,0.9145,-0.069,0.12,0.051,0.0855,-0.069,350.0,0.0
2026-05-28T02:14:20.116127+00:00,1779934460116,delta,0.949,0.88,0.9145,-0.069,0.12,0.051,0.0855,-0.069,350.0,0.0
2026-05-28T02:14:20.116888+00:00,1779934460116,delta,0.949,0.88,0.9145,-0.069,0.12,0.051,0.0855,-0.069,350.0,0.0
2026-05-28T02:14:20.117475+00:00,1779934460117,delta,0.949,0.88,0.9145,-0.069,0.12,0.051,0.0855,-0.069,350.0,0.0
2026-05-28T02:14:20.118059+00:00,1779934460118,delta,0.949,0.88,0.9145,-0.069,0.12,0.051,0.0855,-0.069,350.0,0.0
2026-05-28T02:14:20.118542+00:00,1779934460118,delta,0.949,0.88,0.9145,-0.069,0.12,0.051,0.0855,-0.069,350.0,0.0
2026-05-28T02:14:20.119416+00:00,1779934460119,delta,0.949,0.88,0.9145,-0.069,0.12,0.051,0.0855,-0.069,350.0,0.0
2026-05-28T02:14:20.144607+00:00,1779934460144,delta,0.949,0.88,0.9145,-0.069,0.12,0.051,0.0855,-0.069,350.0,0.0
2026-05-28T02:14:20.145378+00:00,1779934460145,delta,0.949,0.88,0.9145,-0.069,0.12,0.051,0.0855,-0.069,350.0,0.0
2026-05-28T02:14:20.146068+00:00,1779934460146,delta,0.949,0.88,0.9145,-0.069,0.12,0.051,0.0855,-0.069,350.0,0.0
2026-05-28T02:14:20.146497+00:00,1779934460146,delta,0.949,0.88,0.9145,-0.069,0.12,0.051,0.0855,-0.069,350.0,0.0
2026-05-28T02:14:20.146878+00:00,1779934460146,delta,0.949,0.88,0.9145,-0.069,0.12,0.051,0.0855,-0.069,350.0,0.0
2026-05-28T02:14:20.147287+00:00,1779934460147,delta,0.949,0.88,0.9145,-0.069,0.12,0.051,0.0855,-0.069,350.0,0.0
2026-05-28T02:14:20.147699+00:00,1779934460147,delta,0.949,0.88,0.9145,-0.069,0.12,0.051,0.0855,-0.069,350.0,0.0
2026-05-28T02:14:20.148121+00:00,1779934460148,delta,0.949,0.88,0.9145,-0.069,0.12,0.051,0.0855,-0.069,350.0,0.0
2026-05-28T02:14:20.148542+00:00,1779934460148,delta,0.949,0.88,0.9145,-0.069,0.12,0.051,0.0855,-0.069,350.0,0.0
2026-05-28T02:14:20.148951+00:00,1779934460148,delta,0.949,0.88,0.9145,-0.069,0.12,0.051,0.0855,-0.069,350.0,0.0
2026-05-28T02:14:20.149308+00:00,1779934460149,delta,0.949,0.88,0.9145,-0.069,0.12,0.051,0.0855,-0.069,350.0,0.0
2026-05-28T02:14:20.170963+00:00,1779934460170,delta,0.949,0.88,0.9145,-0.069,0.12,0.051,0.0855,-0.069,345.0,0.0
2026-05-28T02:14:20.171828+00:00,1779934460171,delta,0.949,0.88,0.9145,-0.069,0.12,0.051,0.0855,-0.069,345.0,0.0
2026-05-28T02:14:20.172414+00:00,1779934460172,delta,0.949,0.88,0.9145,-0.069,0.12,0.051,0.0855,-0.069,376.93,0.0
2026-05-28T02:14:20.175192+00:00,1779934460175,delta,0.949,0.88,0.9145,-0.069,0.12,0.051,0.0855,-0.069,376.93,0.0
2026-05-28T02:14:20.175798+00:00,1779934460175,delta,0.949,0.88,0.9145,-0.069,0.12,0.051,0.0855,-0.069,376.93,0.0
2026-05-28T02:14:20.176351+00:00,1779934460176,delta,0.949,0.88,0.9145,-0.069,0.12,0.051,0.0855,-0.069,381.93,0.0
2026-05-28T02:14:20.176819+00:00,1779934460176,delta,0.949,0.88,0.9145,-0.069,0.12,0.051,0.0855,-0.069,381.93,0.0
2026-05-28T02:14:20.177187+00:00,1779934460177,delta,0.949,0.88,0.9145,-0.069,0.12,0.051,0.0855,-0.069,581.93,0.0
2026-05-28T02:14:20.177559+00:00,1779934460177,delta,0.949,0.88,0.9145,-0.069,0.12,0.051,0.0855,-0.069,581.93,0.0
2026-05-28T02:14:20.177983+00:00,1779934460177,delta,0.949,0.88,0.9145,-0.069,0.12,0.051,0.0855,-0.069,581.93,0.0
2026-05-28T02:14:20.195799+00:00,1779934460195,delta,0.949,0.88,0.9145,-0.069,0.12,0.051,0.0855,-0.069,581.93,0.0
2026-05-28T02:14:20.196584+00:00,1779934460196,delta,0.949,0.88,0.9145,-0.069,0.12,0.051,0.0855,-0.069,581.93,0.0
2026-05-28T02:14:20.197163+00:00,1779934460197,delta,0.949,0.88,0.9145,-0.069,0.12,0.051,0.0855,-0.069,519.37,0.0
2026-05-28T02:14:20.197603+00:00,1779934460197,delta,0.949,0.88,0.9145,-0.069,0.12,0.051,0.0855,-0.069,519.37,0.0
2026-05-28T02:14:20.198116+00:00,1779934460198,delta,0.949,0.88,0.9145,-0.069,0.12,0.051,0.0855,-0.069,519.37,0.0
2026-05-28T02:14:20.220722+00:00,1779934460220,delta,0.949,0.88,0.9145,-0.069,0.12,0.051,0.0855,-0.069,401.93,0.0
2026-05-28T02:14:20.221677+00:00,1779934460221,delta,0.949,0.88,0.9145,-0.069,0.12,0.051,0.0855,-0.069,369.37,0.0
2026-05-28T02:14:20.223427+00:00,1779934460223,delta,0.949,0.88,0.9145,-0.069,0.12,0.051,0.0855,-0.069,369.37,0.0
2026-05-28T02:14:20.224212+00:00,1779934460224,delta,0.949,0.88,0.9145,-0.069,0.12,0.051,0.0855,-0.069,369.37,0.0
2026-05-28T02:14:20.224784+00:00,1779934460224,delta,0.949,0.88,0.9145,-0.069,0.12,0.051,0.0855,-0.069,337.44,0.0
2026-05-28T02:14:20.225301+00:00,1779934460225,delta,0.949,0.88,0.9145,-0.069,0.12,0.051,0.0855,-0.069,337.44,0.0
2026-05-28T02:14:20.228213+00:00,1779934460228,delta,0.949,0.88,0.9145,-0.069,0.12,0.051,0.0855,-0.069,337.44,0.0
2026-05-28T02:14:20.228761+00:00,1779934460228,delta,0.949,0.88,0.9145,-0.069,0.12,0.051,0.0855,-0.069,337.44,0.0
2026-05-28T02:14:20.250087+00:00,1779934460250,delta,0.949,0.88,0.9145,-0.069,0.12,0.051,0.0855,-0.069,337.44,0.0
2026-05-28T02:14:20.250817+00:00,1779934460250,delta,0.949,0.88,0.9145,-0.069,0.12,0.051,0.0855,-0.069,337.44,0.0
2026-05-28T02:14:20.251294+00:00,1779934460251,delta,0.949,0.88,0.9145,-0.069,0.12,0.051,0.0855,-0.069,337.44,0.0
2026-05-28T02:14:20.251806+00:00,1779934460251,delta,0.949,0.88,0.9145,-0.069,0.12,0.051,0.0855,-0.069,337.44,0.0
2026-05-28T02:14:20.252316+00:00,1779934460252,delta,0.949,0.88,0.9145,-0.069,0.12,0.051,0.0855,-0.069,337.44,0.0
2026-05-28T02:14:20.253218+00:00,1779934460253,delta,0.949,0.88,0.9145,-0.069,0.12,0.051,0.0855,-0.069,337.44,0.0
2026-05-28T02:14:20.254013+00:00,1779934460254,delta,0.949,0.88,0.9145,-0.069,0.12,0.051,0.0855,-0.069,337.44,0.0
2026-05-28T02:14:20.254614+00:00,1779934460254,delta,0.949,0.88,0.9145,-0.069,0.12,0.051,0.0855,-0.069,337.44,0.0
2026-05-28T02:14:20.255027+00:00,1779934460255,delta,0.949,0.88,0.9145,-0.069,0.12,0.051,0.0855,-0.069,337.44,0.0
2026-05-28T02:14:20.255475+00:00,1779934460255,delta,0.949,0.88,0.9145,-0.069,0.12,0.051,0.0855,-0.069,337.44,0.0
2026-05-28T02:14:20.255846+00:00,1779934460255,delta,0.949,0.88,0.9145,-0.069,0.12,0.051,0.0855,-0.069,337.44,0.0
2026-05-28T02:14:20.256236+00:00,1779934460256,delta,0.949,0.88,0.9145,-0.069,0.12,0.051,0.0855,-0.069,387.44,0.0
2026-05-28T02:14:20.256611+00:00,1779934460256,delta,0.949,0.88,0.9145,-0.069,0.12,0.051,0.0855,-0.069,387.44,0.0
2026-05-28T02:14:20.276207+00:00,1779934460276,delta,0.949,0.88,0.9145,-0.069,0.12,0.051,0.0855,-0.069,382.44,0.0
2026-05-28T02:14:20.276903+00:00,1779934460276,delta,0.949,0.88,0.9145,-0.069,0.12,0.051,0.0855,-0.069,414.34,0.0
2026-05-28T02:14:20.277583+00:00,1779934460277,delta,0.949,0.88,0.9145,-0.069,0.12,0.051,0.0855,-0.069,414.34,0.0
2026-05-28T02:14:20.278047+00:00,1779934460278,delta,0.949,0.88,0.9145,-0.069,0.12,0.051,0.0855,-0.069,594.34,0.0
2026-05-28T02:14:20.278518+00:00,1779934460278,delta,0.949,0.88,0.9145,-0.069,0.12,0.051,0.0855,-0.069,594.34,0.0
2026-05-28T02:14:20.278924+00:00,1779934460278,delta,0.949,0.88,0.9145,-0.069,0.12,0.051,0.0855,-0.069,594.34,0.0
2026-05-28T02:14:20.279413+00:00,1779934460279,delta,0.949,0.88,0.9145,-0.069,0.12,0.051,0.0855,-0.069,594.34,0.0
2026-05-28T02:14:20.279806+00:00,1779934460279,delta,0.949,0.88,0.9145,-0.069,0.12,0.051,0.0855,-0.069,594.34,0.0
2026-05-28T02:14:20.280508+00:00,1779934460280,delta,0.949,0.88,0.9145,-0.069,0.12,0.051,0.0855,-0.069,594.34,0.0
2026-05-28T02:14:20.281033+00:00,1779934460281,delta,0.949,0.88,0.9145,-0.069,0.12,0.051,0.0855,-0.069,527.51,0.0
2026-05-28T02:14:20.281471+00:00,1779934460281,delta,0.95,0.88,0.915,-0.07,0.12,0.05,0.085,-0.07,532.51,0.0
2026-05-28T02:14:20.281875+00:00,1779934460281,delta,0.95,0.88,0.915,-0.07,0.12,0.05,0.085,-0.07,350.0,0.0
2026-05-28T02:14:20.282281+00:00,1779934460282,delta,0.95,0.88,0.915,-0.07,0.12,0.05,0.085,-0.07,350.0,0.0
2026-05-28T02:14:20.282667+00:00,1779934460282,delta,0.95,0.88,0.915,-0.07,0.12,0.05,0.085,-0.07,350.0,0.0
2026-05-28T02:14:20.283083+00:00,1779934460283,delta,0.95,0.88,0.915,-0.07,0.12,0.05,0.085,-0.07,339.43,0.0
2026-05-28T02:14:20.311129+00:00,1779934460311,delta,0.95,0.88,0.915,-0.07,0.12,0.05,0.085,-0.07,339.43,0.0
2026-05-28T02:14:20.311903+00:00,1779934460311,delta,0.95,0.88,0.915,-0.07,0.12,0.05,0.085,-0.07,439.43,0.0
2026-05-28T02:14:20.312430+00:00,1779934460312,delta,0.95,0.88,0.915,-0.07,0.12,0.05,0.085,-0.07,439.43,0.0
2026-05-28T02:14:20.312824+00:00,1779934460312,delta,0.95,0.88,0.915,-0.07,0.12,0.05,0.085,-0.07,439.43,0.0
2026-05-28T02:14:20.313265+00:00,1779934460313,delta,0.95,0.88,0.915,-0.07,0.12,0.05,0.085,-0.07,439.43,0.0
2026-05-28T02:14:20.313646+00:00,1779934460313,delta,0.95,0.88,0.915,-0.07,0.12,0.05,0.085,-0.07,439.43,0.0
2026-05-28T02:14:20.314041+00:00,1779934460314,delta,0.95,0.88,0.915,-0.07,0.12,0.05,0.085,-0.07,439.43,0.0
2026-05-28T02:14:20.314429+00:00,1779934460314,delta,0.95,0.88,0.915,-0.07,0.12,0.05,0.085,-0.07,422.53,0.0
2026-05-28T02:14:20.314867+00:00,1779934460314,delta,0.95,0.88,0.915,-0.07,0.12,0.05,0.085,-0.07,422.53,0.0
2026-05-28T02:14:20.315255+00:00,1779934460315,delta,0.95,0.88,0.915,-0.07,0.12,0.05,0.085,-0.07,422.53,0.0
2026-05-28T02:14:20.315665+00:00,1779934460315,delta,0.95,0.88,0.915,-0.07,0.12,0.05,0.085,-0.07,422.53,0.0
2026-05-28T02:14:20.316152+00:00,1779934460316,delta,0.95,0.88,0.915,-0.07,0.12,0.05,0.085,-0.07,422.53,0.0
2026-05-28T02:14:20.330575+00:00,1779934460330,delta,0.95,0.88,0.915,-0.07,0.12,0.05,0.085,-0.07,422.53,0.0
2026-05-28T02:14:20.331204+00:00,1779934460331,delta,0.95,0.88,0.915,-0.07,0.12,0.05,0.085,-0.07,454.29,0.0
2026-05-28T02:14:20.331872+00:00,1779934460331,delta,0.95,0.88,0.915,-0.07,0.12,0.05,0.085,-0.07,454.29,0.0
2026-05-28T02:14:20.332375+00:00,1779934460332,delta,0.95,0.88,0.915,-0.07,0.12,0.05,0.085,-0.07,454.29,0.0
2026-05-28T02:14:20.332940+00:00,1779934460332,delta,0.95,0.88,0.915,-0.07,0.12,0.05,0.085,-0.07,449.29,0.0
2026-05-28T02:14:20.333463+00:00,1779934460333,delta,0.95,0.88,0.915,-0.07,0.12,0.05,0.085,-0.07,449.29,0.0
2026-05-28T02:14:20.333939+00:00,1779934460333,delta,0.95,0.88,0.915,-0.07,0.12,0.05,0.085,-0.07,449.29,0.0
2026-05-28T02:14:20.334348+00:00,1779934460334,delta,0.95,0.88,0.915,-0.07,0.12,0.05,0.085,-0.07,449.29,0.0
2026-05-28T02:14:20.357426+00:00,1779934460357,delta,0.951,0.88,0.9155,-0.071,0.12,0.049,0.0845,-0.071,474.29,0.0
2026-05-28T02:14:20.358092+00:00,1779934460358,delta,0.951,0.88,0.9155,-0.071,0.12,0.049,0.0845,-0.071,654.29,0.0
2026-05-28T02:14:20.358694+00:00,1779934460358,delta,0.951,0.88,0.9155,-0.071,0.12,0.049,0.0845,-0.071,654.29,0.0
2026-05-28T02:14:20.359155+00:00,1779934460359,delta,0.951,0.88,0.9155,-0.071,0.12,0.049,0.0845,-0.071,654.29,0.0
2026-05-28T02:14:20.359561+00:00,1779934460359,delta,0.951,0.88,0.9155,-0.071,0.12,0.049,0.0845,-0.071,654.29,0.0
2026-05-28T02:14:20.359941+00:00,1779934460359,delta,0.951,0.88,0.9155,-0.071,0.12,0.049,0.0845,-0.071,654.29,0.0
2026-05-28T02:14:20.360303+00:00,1779934460360,delta,0.951,0.88,0.9155,-0.071,0.12,0.049,0.0845,-0.071,654.29,0.0
2026-05-28T02:14:20.360780+00:00,1779934460360,delta,0.951,0.88,0.9155,-0.071,0.12,0.049,0.0845,-0.071,594.35,0.0
2026-05-28T02:14:20.361195+00:00,1779934460361,delta,0.951,0.88,0.9155,-0.071,0.12,0.049,0.0845,-0.071,589.35,0.0
2026-05-28T02:14:20.361581+00:00,1779934460361,delta,0.951,0.88,0.9155,-0.071,0.12,0.049,0.0845,-0.071,454.29,0.0
2026-05-28T02:14:20.361953+00:00,1779934460361,delta,0.95,0.88,0.915,-0.07,0.12,0.05,0.085,-0.07,449.29,0.0
2026-05-28T02:14:20.362328+00:00,1779934460362,delta,0.95,0.88,0.915,-0.07,0.12,0.05,0.085,-0.07,306.76,0.0
2026-05-28T02:14:20.362689+00:00,1779934460362,delta,0.949,0.88,0.9145,-0.069,0.12,0.051,0.0855,-0.069,275.0,0.0
2026-05-28T02:14:20.363069+00:00,1779934460363,delta,0.949,0.88,0.9145,-0.069,0.12,0.051,0.0855,-0.069,175.0,0.0
2026-05-28T02:14:20.363409+00:00,1779934460363,delta,0.949,0.88,0.9145,-0.069,0.12,0.051,0.0855,-0.069,170.0,0.0
2026-05-28T02:14:20.363758+00:00,1779934460363,delta,0.949,0.88,0.9145,-0.069,0.12,0.051,0.0855,-0.069,175.0,0.0
2026-05-28T02:14:20.364128+00:00,1779934460364,delta,0.949,0.88,0.9145,-0.069,0.12,0.051,0.0855,-0.069,175.0,0.0
2026-05-28T02:14:20.364569+00:00,1779934460364,delta,0.949,0.88,0.9145,-0.069,0.12,0.051,0.0855,-0.069,805.0,0.0
2026-05-28T02:14:20.365024+00:00,1779934460365,delta,0.949,0.88,0.9145,-0.069,0.12,0.051,0.0855,-0.069,572.28,0.0
2026-05-28T02:14:20.384396+00:00,1779934460384,delta,0.949,0.88,0.9145,-0.069,0.12,0.051,0.0855,-0.069,572.28,0.0
2026-05-28T02:14:20.385127+00:00,1779934460385,delta,0.949,0.88,0.9145,-0.069,0.12,0.051,0.0855,-0.069,572.28,0.0
2026-05-28T02:14:20.385644+00:00,1779934460385,delta,0.949,0.88,0.9145,-0.069,0.12,0.051,0.0855,-0.069,572.28,0.0
2026-05-28T02:14:20.386647+00:00,1779934460386,delta,0.949,0.88,0.9145,-0.069,0.12,0.051,0.0855,-0.069,572.28,0.0
2026-05-28T02:14:20.387342+00:00,1779934460387,delta,0.949,0.88,0.9145,-0.069,0.12,0.051,0.0855,-0.069,572.28,0.0
2026-05-28T02:14:20.387878+00:00,1779934460387,delta,0.949,0.88,0.9145,-0.069,0.12,0.051,0.0855,-0.069,572.28,0.0
2026-05-28T02:14:20.413474+00:00,1779934460413,delta,0.949,0.88,0.9145,-0.069,0.12,0.051,0.0855,-0.069,572.28,0.0
2026-05-28T02:14:20.414153+00:00,1779934460414,delta,0.949,0.88,0.9145,-0.069,0.12,0.051,0.0855,-0.069,572.28,0.0
2026-05-28T02:14:20.414964+00:00,1779934460414,delta,0.949,0.88,0.9145,-0.069,0.12,0.051,0.0855,-0.069,572.28,0.0
2026-05-28T02:14:20.415644+00:00,1779934460415,delta,0.949,0.88,0.9145,-0.069,0.12,0.051,0.0855,-0.069,572.28,0.0
2026-05-28T02:14:20.416292+00:00,1779934460416,delta,0.949,0.88,0.9145,-0.069,0.12,0.051,0.0855,-0.069,572.28,0.0
2026-05-28T02:14:20.416774+00:00,1779934460416,delta,0.949,0.88,0.9145,-0.069,0.12,0.051,0.0855,-0.069,572.28,0.0
2026-05-28T02:14:20.417220+00:00,1779934460417,delta,0.949,0.88,0.9145,-0.069,0.12,0.051,0.0855,-0.069,572.28,0.0
2026-05-28T02:14:20.417639+00:00,1779934460417,delta,0.949,0.88,0.9145,-0.069,0.12,0.051,0.0855,-0.069,572.28,0.0
2026-05-28T02:14:20.418012+00:00,1779934460418,delta,0.949,0.88,0.9145,-0.069,0.12,0.051,0.0855,-0.069,572.28,0.0
2026-05-28T02:14:20.418443+00:00,1779934460418,delta,0.949,0.88,0.9145,-0.069,0.12,0.051,0.0855,-0.069,572.28,0.0
2026-05-28T02:14:20.418908+00:00,1779934460418,delta,0.949,0.88,0.9145,-0.069,0.12,0.051,0.0855,-0.069,572.28,0.0
2026-05-28T02:14:20.419581+00:00,1779934460419,delta,0.949,0.88,0.9145,-0.069,0.12,0.051,0.0855,-0.069,572.28,0.0
2026-05-28T02:14:20.420737+00:00,1779934460420,delta,0.949,0.88,0.9145,-0.069,0.12,0.051,0.0855,-0.069,572.28,0.0
2026-05-28T02:14:20.421440+00:00,1779934460421,delta,0.949,0.88,0.9145,-0.069,0.12,0.051,0.0855,-0.069,556.33,0.0
2026-05-28T02:14:20.422025+00:00,1779934460422,delta,0.949,0.88,0.9145,-0.069,0.12,0.051,0.0855,-0.069,556.33,0.0
2026-05-28T02:14:20.422576+00:00,1779934460422,delta,0.949,0.88,0.9145,-0.069,0.12,0.051,0.0855,-0.069,556.33,0.0
2026-05-28T02:14:20.423049+00:00,1779934460423,delta,0.949,0.88,0.9145,-0.069,0.12,0.051,0.0855,-0.069,556.33,0.0
2026-05-28T02:14:20.423525+00:00,1779934460423,delta,0.949,0.88,0.9145,-0.069,0.12,0.051,0.0855,-0.069,585.14,0.0
2026-05-28T02:14:20.438008+00:00,1779934460438,delta,0.949,0.88,0.9145,-0.069,0.12,0.051,0.0855,-0.069,585.14,0.0
2026-05-28T02:14:20.438854+00:00,1779934460438,delta,0.949,0.88,0.9145,-0.069,0.12,0.051,0.0855,-0.069,585.14,0.0
2026-05-28T02:14:20.439592+00:00,1779934460439,delta,0.949,0.88,0.9145,-0.069,0.12,0.051,0.0855,-0.069,585.14,0.0
2026-05-28T02:14:20.440184+00:00,1779934460440,delta,0.949,0.88,0.9145,-0.069,0.12,0.051,0.0855,-0.069,585.14,0.0
2026-05-28T02:14:20.440803+00:00,1779934460440,delta,0.949,0.88,0.9145,-0.069,0.12,0.051,0.0855,-0.069,585.14,0.0
2026-05-28T02:14:20.441349+00:00,1779934460441,delta,0.949,0.88,0.9145,-0.069,0.12,0.051,0.0855,-0.069,585.14,0.0
2026-05-28T02:14:20.464579+00:00,1779934460464,delta,0.949,0.88,0.9145,-0.069,0.12,0.051,0.0855,-0.069,585.14,0.0
2026-05-28T02:14:20.465285+00:00,1779934460465,delta,0.949,0.88,0.9145,-0.069,0.12,0.051,0.0855,-0.069,585.14,0.0
2026-05-28T02:14:20.465837+00:00,1779934460465,delta,0.949,0.88,0.9145,-0.069,0.12,0.051,0.0855,-0.069,580.14,0.0
2026-05-28T02:14:20.468111+00:00,1779934460468,delta,0.949,0.88,0.9145,-0.069,0.12,0.051,0.0855,-0.069,580.14,0.0
2026-05-28T02:14:20.468933+00:00,1779934460468,delta,0.949,0.88,0.9145,-0.069,0.12,0.051,0.0855,-0.069,580.14,0.0
2026-05-28T02:14:20.490602+00:00,1779934460490,delta,0.949,0.88,0.9145,-0.069,0.12,0.051,0.0855,-0.069,580.14,0.0
2026-05-28T02:14:20.493618+00:00,1779934460493,delta,0.949,0.88,0.9145,-0.069,0.12,0.051,0.0855,-0.069,630.14,0.0
2026-05-28T02:14:20.520617+00:00,1779934460520,delta,0.949,0.88,0.9145,-0.069,0.12,0.051,0.0855,-0.069,630.14,0.0
2026-05-28T02:14:20.521449+00:00,1779934460521,delta,0.949,0.88,0.9145,-0.069,0.12,0.051,0.0855,-0.069,630.14,0.0
2026-05-28T02:14:20.522013+00:00,1779934460522,delta,0.949,0.88,0.9145,-0.069,0.12,0.051,0.0855,-0.069,630.14,0.0
2026-05-28T02:14:20.522554+00:00,1779934460522,delta,0.949,0.88,0.9145,-0.069,0.12,0.051,0.0855,-0.069,630.14,0.0
2026-05-28T02:14:20.543968+00:00,1779934460543,delta,0.949,0.88,0.9145,-0.069,0.12,0.051,0.0855,-0.069,630.14,0.0
2026-05-28T02:14:20.545600+00:00,1779934460545,delta,0.949,0.88,0.9145,-0.069,0.12,0.051,0.0855,-0.069,810.14,0.0
2026-05-28T02:14:20.546206+00:00,1779934460546,delta,0.949,0.88,0.9145,-0.069,0.12,0.051,0.0855,-0.069,1010.14,0.0
2026-05-28T02:14:20.546729+00:00,1779934460546,delta,0.949,0.88,0.9145,-0.069,0.12,0.051,0.0855,-0.069,1128.14,0.0
2026-05-28T02:14:20.570990+00:00,1779934460570,delta,0.949,0.88,0.9145,-0.069,0.12,0.051,0.0855,-0.069,1128.14,0.0
2026-05-28T02:14:20.571848+00:00,1779934460571,delta,0.949,0.88,0.9145,-0.069,0.12,0.051,0.0855,-0.069,1123.14,0.0
2026-05-28T02:14:20.572425+00:00,1779934460572,delta,0.949,0.88,0.9145,-0.069,0.12,0.051,0.0855,-0.069,1123.14,0.0
2026-05-28T02:14:20.572846+00:00,1779934460572,delta,0.949,0.88,0.9145,-0.069,0.12,0.051,0.0855,-0.069,1123.14,0.0
2026-05-28T02:14:20.604039+00:00,1779934460604,delta,0.949,0.88,0.9145,-0.069,0.12,0.051,0.0855,-0.069,1323.14,0.0
2026-05-28T02:14:20.605181+00:00,1779934460605,delta,0.949,0.88,0.9145,-0.069,0.12,0.051,0.0855,-0.069,1323.14,0.0
2026-05-28T02:14:20.606090+00:00,1779934460606,delta,0.949,0.88,0.9145,-0.069,0.12,0.051,0.0855,-0.069,1322.14,0.0
2026-05-28T02:14:20.606887+00:00,1779934460606,delta,0.949,0.88,0.9145,-0.069,0.12,0.051,0.0855,-0.069,1322.14,0.0
2026-05-28T02:14:20.624236+00:00,1779934460624,delta,0.949,0.88,0.9145,-0.069,0.12,0.051,0.0855,-0.069,1322.14,0.0
2026-05-28T02:14:20.625100+00:00,1779934460625,delta,0.949,0.88,0.9145,-0.069,0.12,0.051,0.0855,-0.069,1322.14,0.0
2026-05-28T02:14:20.625682+00:00,1779934460625,delta,0.949,0.88,0.9145,-0.069,0.12,0.051,0.0855,-0.069,1322.14,0.0
2026-05-28T02:14:20.689417+00:00,1779934460689,delta,0.949,0.88,0.9145,-0.069,0.12,0.051,0.0855,-0.069,1322.14,0.0
2026-05-28T02:14:20.690769+00:00,1779934460690,delta,0.949,0.88,0.9145,-0.069,0.12,0.051,0.0855,-0.069,1317.14,0.0
2026-05-28T02:14:20.691475+00:00,1779934460691,delta,0.949,0.88,0.9145,-0.069,0.12,0.051,0.0855,-0.069,1317.14,0.0
2026-05-28T02:14:20.704108+00:00,1779934460704,delta,0.949,0.88,0.9145,-0.069,0.12,0.051,0.0855,-0.069,1311.57,0.0
2026-05-28T02:14:20.705208+00:00,1779934460705,delta,0.949,0.88,0.9145,-0.069,0.12,0.051,0.0855,-0.069,1311.57,0.0
2026-05-28T02:14:20.705962+00:00,1779934460705,delta,0.949,0.88,0.9145,-0.069,0.12,0.051,0.0855,-0.069,1311.57,0.0
2026-05-28T02:14:20.731561+00:00,1779934460731,delta,0.949,0.88,0.9145,-0.069,0.12,0.051,0.0855,-0.069,1311.57,0.0
2026-05-28T02:14:20.733370+00:00,1779934460733,delta,0.949,0.88,0.9145,-0.069,0.12,0.051,0.0855,-0.069,1311.57,0.0
2026-05-28T02:14:20.756971+00:00,1779934460756,delta,0.949,0.88,0.9145,-0.069,0.12,0.051,0.0855,-0.069,1311.57,0.0
2026-05-28T02:14:20.758114+00:00,1779934460758,delta,0.949,0.88,0.9145,-0.069,0.12,0.051,0.0855,-0.069,1306.57,0.0
2026-05-28T02:14:20.787645+00:00,1779934460787,delta,0.949,0.88,0.9145,-0.069,0.12,0.051,0.0855,-0.069,1306.57,0.0
2026-05-28T02:14:20.788367+00:00,1779934460788,delta,0.949,0.88,0.9145,-0.069,0.12,0.051,0.0855,-0.069,1305.57,0.0
2026-05-28T02:14:20.796150+00:00,1779934460796,delta,0.949,0.88,0.9145,-0.069,0.12,0.051,0.0855,-0.069,1281.83,0.0
2026-05-28T02:14:20.822734+00:00,1779934460822,delta,0.949,0.88,0.9145,-0.069,0.12,0.051,0.0855,-0.069,1281.83,0.0
2026-05-28T02:14:20.823428+00:00,1779934460823,delta,0.949,0.88,0.9145,-0.069,0.12,0.051,0.0855,-0.069,1281.83,0.0
2026-05-28T02:14:20.850080+00:00,1779934460850,delta,0.949,0.88,0.9145,-0.069,0.12,0.051,0.0855,-0.069,1281.83,0.0
2026-05-28T02:14:20.850956+00:00,1779934460850,delta,0.949,0.88,0.9145,-0.069,0.12,0.051,0.0855,-0.069,1281.83,0.0
2026-05-28T02:14:20.851513+00:00,1779934460851,delta,0.949,0.88,0.9145,-0.069,0.12,0.051,0.0855,-0.069,1281.83,0.0
2026-05-28T02:14:20.852070+00:00,1779934460852,delta,0.949,0.88,0.9145,-0.069,0.12,0.051,0.0855,-0.069,1281.83,0.0
2026-05-28T02:14:20.853444+00:00,1779934460853,delta,0.949,0.88,0.9145,-0.069,0.12,0.051,0.0855,-0.069,1281.83,0.0
2026-05-28T02:14:20.854097+00:00,1779934460854,delta,0.949,0.88,0.9145,-0.069,0.12,0.051,0.0855,-0.069,1281.83,0.0
2026-05-28T02:14:21.001621+00:00,1779934461001,delta,0.949,0.88,0.9145,-0.069,0.12,0.051,0.0855,-0.069,1276.83,0.0
2026-05-28T02:14:21.004284+00:00,1779934461004,delta,0.949,0.88,0.9145,-0.069,0.12,0.051,0.0855,-0.069,1276.83,0.0
2026-05-28T02:14:21.005113+00:00,1779934461005,delta,0.949,0.88,0.9145,-0.069,0.12,0.051,0.0855,-0.069,1276.83,0.0
2026-05-28T02:14:21.005753+00:00,1779934461005,delta,0.949,0.88,0.9145,-0.069,0.12,0.051,0.0855,-0.069,1276.83,0.0
2026-05-28T02:14:21.006353+00:00,1779934461006,delta,0.949,0.88,0.9145,-0.069,0.12,0.051,0.0855,-0.069,1276.83,0.0
2026-05-28T02:14:21.006814+00:00,1779934461006,delta,0.949,0.88,0.9145,-0.069,0.12,0.051,0.0855,-0.069,1276.83,0.0
2026-05-28T02:14:21.007316+00:00,1779934461007,delta,0.949,0.88,0.9145,-0.069,0.12,0.051,0.0855,-0.069,1269.84,0.0
2026-05-28T02:14:21.007769+00:00,1779934461007,delta,0.949,0.88,0.9145,-0.069,0.12,0.051,0.0855,-0.069,1269.84,0.0
2026-05-28T02:14:21.008193+00:00,1779934461008,delta,0.949,0.88,0.9145,-0.069,0.12,0.051,0.0855,-0.069,1246.23,0.0
2026-05-28T02:14:21.008632+00:00,1779934461008,delta,0.949,0.88,0.9145,-0.069,0.12,0.051,0.0855,-0.069,1246.23,0.0
2026-05-28T02:14:21.009040+00:00,1779934461009,delta,0.949,0.88,0.9145,-0.069,0.12,0.051,0.0855,-0.069,1246.23,0.0
2026-05-28T02:14:21.009488+00:00,1779934461009,delta,0.949,0.88,0.9145,-0.069,0.12,0.051,0.0855,-0.069,1246.23,0.0
2026-05-28T02:14:21.009897+00:00,1779934461009,delta,0.949,0.88,0.9145,-0.069,0.12,0.051,0.0855,-0.069,1246.23,0.0
2026-05-28T02:14:21.010350+00:00,1779934461010,delta,0.949,0.88,0.9145,-0.069,0.12,0.051,0.0855,-0.069,1246.23,0.0
2026-05-28T02:14:21.010879+00:00,1779934461010,delta,0.949,0.88,0.9145,-0.069,0.12,0.051,0.0855,-0.069,1246.23,0.0
2026-05-28T02:14:21.011316+00:00,1779934461011,delta,0.949,0.88,0.9145,-0.069,0.12,0.051,0.0855,-0.069,1246.23,0.0
2026-05-28T02:14:21.022791+00:00,1779934461022,delta,0.949,0.88,0.9145,-0.069,0.12,0.051,0.0855,-0.069,1246.23,0.0
2026-05-28T02:14:21.023401+00:00,1779934461023,delta,0.949,0.88,0.9145,-0.069,0.12,0.051,0.0855,-0.069,1246.23,0.0
2026-05-28T02:14:21.023903+00:00,1779934461023,delta,0.949,0.88,0.9145,-0.069,0.12,0.051,0.0855,-0.069,1241.23,0.0
2026-05-28T02:14:21.024443+00:00,1779934461024,delta,0.949,0.88,0.9145,-0.069,0.12,0.051,0.0855,-0.069,1191.23,0.0
2026-05-28T02:14:21.024865+00:00,1779934461024,delta,0.949,0.88,0.9145,-0.069,0.12,0.051,0.0855,-0.069,50.0,0.0
2026-05-28T02:14:21.025484+00:00,1779934461025,delta,0.949,0.88,0.9145,-0.069,0.12,0.051,0.0855,-0.069,50.0,0.0
2026-05-28T02:14:21.026021+00:00,1779934461026,delta,0.949,0.88,0.9145,-0.069,0.12,0.051,0.0855,-0.069,50.0,0.0
2026-05-28T02:14:21.026575+00:00,1779934461026,delta,0.949,0.88,0.9145,-0.069,0.12,0.051,0.0855,-0.069,50.0,0.0
2026-05-28T02:14:21.027065+00:00,1779934461027,delta,0.949,0.88,0.9145,-0.069,0.12,0.051,0.0855,-0.069,50.0,0.0
2026-05-28T02:14:21.027507+00:00,1779934461027,delta,0.949,0.88,0.9145,-0.069,0.12,0.051,0.0855,-0.069,50.0,0.0
2026-05-28T02:14:21.027972+00:00,1779934461027,delta,0.949,0.88,0.9145,-0.069,0.12,0.051,0.0855,-0.069,50.0,0.0
2026-05-28T02:14:21.028514+00:00,1779934461028,delta,0.949,0.88,0.9145,-0.069,0.12,0.051,0.0855,-0.069,230.0,0.0
2026-05-28T02:14:21.029027+00:00,1779934461029,delta,0.949,0.88,0.9145,-0.069,0.12,0.051,0.0855,-0.069,430.0,0.0
2026-05-28T02:14:21.039905+00:00,1779934461039,delta,0.949,0.88,0.9145,-0.069,0.12,0.051,0.0855,-0.069,430.0,0.0
2026-05-28T02:14:21.040833+00:00,1779934461040,delta,0.949,0.88,0.9145,-0.069,0.12,0.051,0.0855,-0.069,13.0,0.0
2026-05-28T02:14:21.041636+00:00,1779934461041,delta,0.949,0.88,0.9145,-0.069,0.12,0.051,0.0855,-0.069,13.0,0.0
2026-05-28T02:14:21.058427+00:00,1779934461058,delta,0.949,0.88,0.9145,-0.069,0.12,0.051,0.0855,-0.069,13.0,0.0
2026-05-28T02:14:21.059116+00:00,1779934461059,delta,0.949,0.88,0.9145,-0.069,0.12,0.051,0.0855,-0.069,13.0,0.0
2026-05-28T02:14:21.059796+00:00,1779934461059,delta,0.949,0.88,0.9145,-0.069,0.12,0.051,0.0855,-0.069,8.0,0.0
2026-05-28T02:14:21.084819+00:00,1779934461084,delta,0.949,0.88,0.9145,-0.069,0.12,0.051,0.0855,-0.069,8.0,0.0
2026-05-28T02:14:21.085633+00:00,1779934461085,delta,0.949,0.88,0.9145,-0.069,0.12,0.051,0.0855,-0.069,58.0,0.0
2026-05-28T02:14:21.087179+00:00,1779934461087,delta,0.949,0.88,0.9145,-0.069,0.12,0.051,0.0855,-0.069,58.0,0.0
2026-05-28T02:14:21.087837+00:00,1779934461087,delta,0.949,0.88,0.9145,-0.069,0.12,0.051,0.0855,-0.069,50.0,0.0
2026-05-28T02:14:21.088326+00:00,1779934461088,delta,0.949,0.88,0.9145,-0.069,0.12,0.051,0.0855,-0.069,41.21,0.0
2026-05-28T02:14:21.088944+00:00,1779934461088,delta,0.949,0.88,0.9145,-0.069,0.12,0.051,0.0855,-0.069,41.21,0.0
2026-05-28T02:14:21.089391+00:00,1779934461089,delta,0.949,0.88,0.9145,-0.069,0.12,0.051,0.0855,-0.069,41.21,0.0
2026-05-28T02:14:21.089788+00:00,1779934461089,delta,0.949,0.88,0.9145,-0.069,0.12,0.051,0.0855,-0.069,41.21,0.0
2026-05-28T02:14:21.090210+00:00,1779934461090,delta,0.949,0.88,0.9145,-0.069,0.12,0.051,0.0855,-0.069,41.21,0.0
2026-05-28T02:14:21.090616+00:00,1779934461090,delta,0.949,0.88,0.9145,-0.069,0.12,0.051,0.0855,-0.069,41.21,0.0
2026-05-28T02:14:21.093017+00:00,1779934461093,delta,0.949,0.88,0.9145,-0.069,0.12,0.051,0.0855,-0.069,73.24,0.0
2026-05-28T02:14:21.093610+00:00,1779934461093,delta,0.949,0.88,0.9145,-0.069,0.12,0.051,0.0855,-0.069,73.24,0.0
2026-05-28T02:14:21.094175+00:00,1779934461094,delta,0.949,0.88,0.9145,-0.069,0.12,0.051,0.0855,-0.069,200.0,0.0
2026-05-28T02:14:21.094570+00:00,1779934461094,delta,0.949,0.88,0.9145,-0.069,0.12,0.051,0.0855,-0.069,380.0,0.0
2026-05-28T02:14:21.113039+00:00,1779934461113,delta,0.949,0.88,0.9145,-0.069,0.12,0.051,0.0855,-0.069,380.0,0.0
2026-05-28T02:14:21.113687+00:00,1779934461113,delta,0.949,0.88,0.9145,-0.069,0.12,0.051,0.0855,-0.069,380.0,0.0
2026-05-28T02:14:21.114244+00:00,1779934461114,delta,0.949,0.88,0.9145,-0.069,0.12,0.051,0.0855,-0.069,380.0,0.0
2026-05-28T02:14:21.114666+00:00,1779934461114,delta,0.949,0.88,0.9145,-0.069,0.12,0.051,0.0855,-0.069,380.0,0.0
2026-05-28T02:14:21.115070+00:00,1779934461115,delta,0.949,0.88,0.9145,-0.069,0.12,0.051,0.0855,-0.069,380.0,0.0
2026-05-28T02:14:21.118134+00:00,1779934461118,delta,0.949,0.88,0.9145,-0.069,0.12,0.051,0.0855,-0.069,380.0,0.0
2026-05-28T02:14:21.118995+00:00,1779934461118,delta,0.949,0.88,0.9145,-0.069,0.12,0.051,0.0855,-0.069,380.0,0.0
2026-05-28T02:14:21.120587+00:00,1779934461120,delta,0.949,0.88,0.9145,-0.069,0.12,0.051,0.0855,-0.069,380.0,0.0
2026-05-28T02:14:21.121344+00:00,1779934461121,delta,0.949,0.88,0.9145,-0.069,0.12,0.051,0.0855,-0.069,380.0,0.0
2026-05-28T02:14:21.121967+00:00,1779934461121,delta,0.949,0.88,0.9145,-0.069,0.12,0.051,0.0855,-0.069,175.0,0.0
2026-05-28T02:14:21.122487+00:00,1779934461122,delta,0.949,0.88,0.9145,-0.069,0.12,0.051,0.0855,-0.069,175.0,0.0
2026-05-28T02:14:21.122929+00:00,1779934461122,delta,0.949,0.88,0.9145,-0.069,0.12,0.051,0.0855,-0.069,175.0,0.0
2026-05-28T02:14:21.123369+00:00,1779934461123,delta,0.949,0.88,0.9145,-0.069,0.12,0.051,0.0855,-0.069,175.0,0.0
2026-05-28T02:14:21.139940+00:00,1779934461139,delta,0.949,0.88,0.9145,-0.069,0.12,0.051,0.0855,-0.069,175.0,0.0
2026-05-28T02:14:21.140611+00:00,1779934461140,delta,0.949,0.88,0.9145,-0.069,0.12,0.051,0.0855,-0.069,175.0,0.0
2026-05-28T02:14:21.168634+00:00,1779934461168,delta,0.949,0.88,0.9145,-0.069,0.12,0.051,0.0855,-0.069,175.0,0.0
2026-05-28T02:14:21.170464+00:00,1779934461170,delta,0.949,0.88,0.9145,-0.069,0.12,0.051,0.0855,-0.069,175.0,0.0
2026-05-28T02:14:21.171331+00:00,1779934461171,delta,0.949,0.88,0.9145,-0.069,0.12,0.051,0.0855,-0.069,175.0,0.0
2026-05-28T02:14:21.172253+00:00,1779934461172,delta,0.949,0.88,0.9145,-0.069,0.12,0.051,0.0855,-0.069,175.0,0.0
2026-05-28T02:14:21.172937+00:00,1779934461172,delta,0.949,0.88,0.9145,-0.069,0.12,0.051,0.0855,-0.069,175.0,0.0
2026-05-28T02:14:21.173423+00:00,1779934461173,delta,0.949,0.88,0.9145,-0.069,0.12,0.051,0.0855,-0.069,170.0,0.0
2026-05-28T02:14:21.174035+00:00,1779934461174,delta,0.949,0.88,0.9145,-0.069,0.12,0.051,0.0855,-0.069,170.0,0.0
2026-05-28T02:14:21.174644+00:00,1779934461174,delta,0.949,0.88,0.9145,-0.069,0.12,0.051,0.0855,-0.069,170.0,0.0
2026-05-28T02:14:21.175150+00:00,1779934461175,delta,0.949,0.88,0.9145,-0.069,0.12,0.051,0.0855,-0.069,170.0,0.0
2026-05-28T02:14:21.175637+00:00,1779934461175,delta,0.949,0.88,0.9145,-0.069,0.12,0.051,0.0855,-0.069,170.0,0.0
2026-05-28T02:14:21.176098+00:00,1779934461176,delta,0.949,0.88,0.9145,-0.069,0.12,0.051,0.0855,-0.069,170.0,0.0
2026-05-28T02:14:21.176501+00:00,1779934461176,delta,0.949,0.88,0.9145,-0.069,0.12,0.051,0.0855,-0.069,170.0,0.0
2026-05-28T02:14:21.176961+00:00,1779934461176,delta,0.949,0.88,0.9145,-0.069,0.12,0.051,0.0855,-0.069,170.0,0.0
2026-05-28T02:14:21.177348+00:00,1779934461177,delta,0.95,0.88,0.915,-0.07,0.12,0.05,0.085,-0.07,5.0,0.0
2026-05-28T02:14:21.177749+00:00,1779934461177,delta,0.95,0.88,0.915,-0.07,0.12,0.05,0.085,-0.07,5.0,0.0
2026-05-28T02:14:21.197709+00:00,1779934461197,delta,0.95,0.88,0.915,-0.07,0.12,0.05,0.085,-0.07,5.0,0.0
2026-05-28T02:14:21.198414+00:00,1779934461198,delta,0.95,0.88,0.915,-0.07,0.12,0.05,0.085,-0.07,5.0,0.0
2026-05-28T02:14:21.199004+00:00,1779934461199,delta,0.95,0.88,0.915,-0.07,0.12,0.05,0.085,-0.07,5.0,0.0
2026-05-28T02:14:21.199427+00:00,1779934461199,delta,0.95,0.88,0.915,-0.07,0.12,0.05,0.085,-0.07,5.0,0.0
2026-05-28T02:14:21.199996+00:00,1779934461199,delta,0.95,0.88,0.915,-0.07,0.12,0.05,0.085,-0.07,5.0,0.0
2026-05-28T02:14:21.200615+00:00,1779934461200,delta,0.95,0.88,0.915,-0.07,0.12,0.05,0.085,-0.07,5.0,0.0
2026-05-28T02:14:21.201295+00:00,1779934461201,delta,0.95,0.88,0.915,-0.07,0.12,0.05,0.085,-0.07,5.0,0.0
2026-05-28T02:14:21.201772+00:00,1779934461201,delta,0.95,0.88,0.915,-0.07,0.12,0.05,0.085,-0.07,5.0,0.0
2026-05-28T02:14:21.202281+00:00,1779934461202,delta,0.95,0.88,0.915,-0.07,0.12,0.05,0.085,-0.07,5.0,0.0
2026-05-28T02:14:21.203876+00:00,1779934461203,delta,0.95,0.88,0.915,-0.07,0.12,0.05,0.085,-0.07,5.0,0.0
2026-05-28T02:14:21.204692+00:00,1779934461204,delta,0.955,0.88,0.9175,-0.075,0.12,0.045,0.0825,-0.075,195.0,0.0
2026-05-28T02:14:21.205225+00:00,1779934461205,delta,0.955,0.88,0.9175,-0.075,0.12,0.045,0.0825,-0.075,195.0,0.0
2026-05-28T02:14:21.208026+00:00,1779934461208,delta,0.955,0.88,0.9175,-0.075,0.12,0.045,0.0825,-0.075,195.0,0.0
2026-05-28T02:14:21.209856+00:00,1779934461209,delta,0.955,0.88,0.9175,-0.075,0.12,0.045,0.0825,-0.075,195.0,0.0
2026-05-28T02:14:21.222611+00:00,1779934461222,delta,0.955,0.88,0.9175,-0.075,0.12,0.045,0.0825,-0.075,195.0,0.0
2026-05-28T02:14:21.223211+00:00,1779934461223,delta,0.955,0.88,0.9175,-0.075,0.12,0.045,0.0825,-0.075,195.0,0.0
2026-05-28T02:14:21.223708+00:00,1779934461223,delta,0.955,0.88,0.9175,-0.075,0.12,0.045,0.0825,-0.075,195.0,0.0
2026-05-28T02:14:21.224128+00:00,1779934461224,delta,0.955,0.88,0.9175,-0.075,0.12,0.045,0.0825,-0.075,195.0,0.0
2026-05-28T02:14:21.224512+00:00,1779934461224,delta,0.955,0.88,0.9175,-0.075,0.12,0.045,0.0825,-0.075,195.0,0.0
2026-05-28T02:14:21.225391+00:00,1779934461225,delta,0.955,0.88,0.9175,-0.075,0.12,0.045,0.0825,-0.075,195.0,0.0
2026-05-28T02:14:21.225891+00:00,1779934461225,delta,0.955,0.88,0.9175,-0.075,0.12,0.045,0.0825,-0.075,195.0,0.0
2026-05-28T02:14:21.226415+00:00,1779934461226,delta,0.955,0.88,0.9175,-0.075,0.12,0.045,0.0825,-0.075,195.0,0.0
2026-05-28T02:14:21.226842+00:00,1779934461226,delta,0.955,0.88,0.9175,-0.075,0.12,0.045,0.0825,-0.075,195.0,0.0
2026-05-28T02:14:21.227304+00:00,1779934461227,delta,0.955,0.88,0.9175,-0.075,0.12,0.045,0.0825,-0.075,195.0,0.0
2026-05-28T02:14:21.227745+00:00,1779934461227,delta,0.955,0.88,0.9175,-0.075,0.12,0.045,0.0825,-0.075,370.0,0.0
2026-05-28T02:14:21.228225+00:00,1779934461228,delta,0.955,0.88,0.9175,-0.075,0.12,0.045,0.0825,-0.075,545.0,0.0
2026-05-28T02:14:21.228747+00:00,1779934461228,delta,0.955,0.88,0.9175,-0.075,0.12,0.045,0.0825,-0.075,540.0,0.0
2026-05-28T02:14:21.229143+00:00,1779934461229,delta,0.955,0.88,0.9175,-0.075,0.12,0.045,0.0825,-0.075,540.0,0.0
2026-05-28T02:14:21.229784+00:00,1779934461229,delta,0.955,0.88,0.9175,-0.075,0.12,0.045,0.0825,-0.075,540.0,0.0
2026-05-28T02:14:21.251617+00:00,1779934461251,delta,0.955,0.88,0.9175,-0.075,0.12,0.045,0.0825,-0.075,505.38,0.0
2026-05-28T02:14:21.252809+00:00,1779934461252,delta,0.955,0.88,0.9175,-0.075,0.12,0.045,0.0825,-0.075,505.38,0.0
2026-05-28T02:14:21.253825+00:00,1779934461253,delta,0.955,0.88,0.9175,-0.075,0.12,0.045,0.0825,-0.075,458.22,0.0
2026-05-28T02:14:21.254601+00:00,1779934461254,delta,0.955,0.88,0.9175,-0.075,0.12,0.045,0.0825,-0.075,458.22,0.0
2026-05-28T02:14:21.255138+00:00,1779934461255,delta,0.955,0.88,0.9175,-0.075,0.12,0.045,0.0825,-0.075,458.22,0.0
2026-05-28T02:14:21.255694+00:00,1779934461255,delta,0.955,0.88,0.9175,-0.075,0.12,0.045,0.0825,-0.075,458.22,0.0
2026-05-28T02:14:21.256189+00:00,1779934461256,delta,0.955,0.88,0.9175,-0.075,0.12,0.045,0.0825,-0.075,458.22,0.0
2026-05-28T02:14:21.276547+00:00,1779934461276,delta,0.955,0.88,0.9175,-0.075,0.12,0.045,0.0825,-0.075,453.22,0.0
2026-05-28T02:14:21.277336+00:00,1779934461277,delta,0.955,0.88,0.9175,-0.075,0.12,0.045,0.0825,-0.075,453.22,0.0
2026-05-28T02:14:21.277982+00:00,1779934461277,delta,0.955,0.88,0.9175,-0.075,0.12,0.045,0.0825,-0.075,453.22,0.0
2026-05-28T02:14:21.278477+00:00,1779934461278,delta,0.955,0.88,0.9175,-0.075,0.12,0.045,0.0825,-0.075,453.22,0.0
2026-05-28T02:14:21.278966+00:00,1779934461278,delta,0.955,0.88,0.9175,-0.075,0.12,0.045,0.0825,-0.075,453.22,0.0
2026-05-28T02:14:21.279393+00:00,1779934461279,delta,0.955,0.88,0.9175,-0.075,0.12,0.045,0.0825,-0.075,453.22,0.0
2026-05-28T02:14:21.279856+00:00,1779934461279,delta,0.955,0.88,0.9175,-0.075,0.12,0.045,0.0825,-0.075,453.22,0.0
2026-05-28T02:14:21.280288+00:00,1779934461280,delta,0.955,0.88,0.9175,-0.075,0.12,0.045,0.0825,-0.075,453.22,0.0
2026-05-28T02:14:21.280684+00:00,1779934461280,delta,0.955,0.88,0.9175,-0.075,0.12,0.045,0.0825,-0.075,453.22,0.0
2026-05-28T02:14:21.281214+00:00,1779934461281,delta,0.955,0.88,0.9175,-0.075,0.12,0.045,0.0825,-0.075,453.22,0.0
2026-05-28T02:14:21.281656+00:00,1779934461281,delta,0.955,0.88,0.9175,-0.075,0.12,0.045,0.0825,-0.075,453.22,0.0
2026-05-28T02:14:21.282100+00:00,1779934461282,delta,0.955,0.88,0.9175,-0.075,0.12,0.045,0.0825,-0.075,453.22,0.0
2026-05-28T02:14:21.282512+00:00,1779934461282,delta,0.955,0.88,0.9175,-0.075,0.12,0.045,0.0825,-0.075,453.22,0.0
2026-05-28T02:14:21.282968+00:00,1779934461282,delta,0.955,0.88,0.9175,-0.075,0.12,0.045,0.0825,-0.075,453.22,0.0
2026-05-28T02:14:21.305869+00:00,1779934461305,delta,0.955,0.88,0.9175,-0.075,0.12,0.045,0.0825,-0.075,453.22,0.0
2026-05-28T02:14:21.306629+00:00,1779934461306,delta,0.955,0.88,0.9175,-0.075,0.12,0.045,0.0825,-0.075,486.14,0.0
2026-05-28T02:14:21.307292+00:00,1779934461307,delta,0.955,0.88,0.9175,-0.075,0.12,0.045,0.0825,-0.075,486.14,0.0
2026-05-28T02:14:21.307786+00:00,1779934461307,delta,0.955,0.88,0.9175,-0.075,0.12,0.045,0.0825,-0.075,486.14,0.0
2026-05-28T02:14:21.308362+00:00,1779934461308,delta,0.955,0.88,0.9175,-0.075,0.12,0.045,0.0825,-0.075,486.14,0.0
2026-05-28T02:14:21.308860+00:00,1779934461308,delta,0.955,0.88,0.9175,-0.075,0.12,0.045,0.0825,-0.075,486.14,0.0
2026-05-28T02:14:21.309338+00:00,1779934461309,delta,0.955,0.88,0.9175,-0.075,0.12,0.045,0.0825,-0.075,486.14,0.0
2026-05-28T02:14:21.309804+00:00,1779934461309,delta,0.955,0.88,0.9175,-0.075,0.12,0.045,0.0825,-0.075,382.92,0.0
2026-05-28T02:14:21.310243+00:00,1779934461310,delta,0.954,0.88,0.917,-0.074,0.12,0.046,0.083,-0.074,530.0,0.0
2026-05-28T02:14:21.310697+00:00,1779934461310,delta,0.954,0.88,0.917,-0.074,0.12,0.046,0.083,-0.074,497.46,0.0
2026-05-28T02:14:21.311215+00:00,1779934461311,delta,0.954,0.88,0.917,-0.074,0.12,0.046,0.083,-0.074,497.46,0.0
2026-05-28T02:14:21.311700+00:00,1779934461311,delta,0.954,0.88,0.917,-0.074,0.12,0.046,0.083,-0.074,497.46,0.0
2026-05-28T02:14:21.328677+00:00,1779934461328,delta,0.954,0.88,0.917,-0.074,0.12,0.046,0.083,-0.074,497.46,0.0
2026-05-28T02:14:21.329360+00:00,1779934461329,delta,0.956,0.88,0.918,-0.076,0.12,0.044,0.082,-0.076,517.46,0.0
2026-05-28T02:14:21.329940+00:00,1779934461329,delta,0.956,0.88,0.918,-0.076,0.12,0.044,0.082,-0.076,697.46,0.0
2026-05-28T02:14:21.356930+00:00,1779934461356,delta,0.956,0.88,0.918,-0.076,0.12,0.044,0.082,-0.076,497.46,0.0
2026-05-28T02:14:21.357583+00:00,1779934461357,delta,0.956,0.88,0.918,-0.076,0.12,0.044,0.082,-0.076,397.46,0.0
2026-05-28T02:14:21.358060+00:00,1779934461358,delta,0.956,0.88,0.918,-0.076,0.12,0.044,0.082,-0.076,378.59,0.0
2026-05-28T02:14:21.358517+00:00,1779934461358,delta,0.956,0.88,0.918,-0.076,0.12,0.044,0.082,-0.076,373.59,0.0
2026-05-28T02:14:21.388447+00:00,1779934461388,delta,0.954,0.88,0.917,-0.074,0.12,0.046,0.083,-0.074,497.46,0.0
2026-05-28T02:14:21.389104+00:00,1779934461389,delta,0.954,0.88,0.917,-0.074,0.12,0.046,0.083,-0.074,497.46,0.0
2026-05-28T02:14:21.389638+00:00,1779934461389,delta,0.954,0.88,0.917,-0.074,0.12,0.046,0.083,-0.074,497.46,0.0
2026-05-28T02:14:21.390094+00:00,1779934461390,delta,0.955,0.88,0.9175,-0.075,0.12,0.045,0.0825,-0.075,517.46,0.0
2026-05-28T02:14:21.390490+00:00,1779934461390,delta,0.955,0.88,0.9175,-0.075,0.12,0.045,0.0825,-0.075,517.46,0.0
2026-05-28T02:14:21.421152+00:00,1779934461421,delta,0.956,0.88,0.918,-0.076,0.12,0.044,0.082,-0.076,374.31,0.0
2026-05-28T02:14:21.446989+00:00,1779934461446,delta,0.956,0.88,0.918,-0.076,0.12,0.044,0.082,-0.076,554.31,0.0
2026-05-28T02:14:21.447740+00:00,1779934461447,delta,0.955,0.88,0.9175,-0.075,0.12,0.045,0.0825,-0.075,697.46,0.0
2026-05-28T02:14:21.448301+00:00,1779934461448,delta,0.955,0.88,0.9175,-0.075,0.12,0.045,0.0825,-0.075,697.46,0.0
2026-05-28T02:14:21.448722+00:00,1779934461448,delta,0.955,0.88,0.9175,-0.075,0.12,0.045,0.0825,-0.075,730.38,0.0
2026-05-28T02:14:21.462763+00:00,1779934461462,delta,0.955,0.88,0.9175,-0.075,0.12,0.045,0.0825,-0.075,530.38,0.0
2026-05-28T02:14:21.463428+00:00,1779934461463,delta,0.955,0.88,0.9175,-0.075,0.12,0.045,0.0825,-0.075,525.38,0.0
2026-05-28T02:14:21.463980+00:00,1779934461463,delta,0.955,0.88,0.9175,-0.075,0.12,0.045,0.0825,-0.075,525.38,0.0
2026-05-28T02:14:21.464486+00:00,1779934461464,delta,0.955,0.88,0.9175,-0.075,0.12,0.045,0.0825,-0.075,525.38,0.0
2026-05-28T02:14:21.464995+00:00,1779934461464,delta,0.955,0.88,0.9175,-0.075,0.12,0.045,0.0825,-0.075,350.38,0.0
2026-05-28T02:14:21.491060+00:00,1779934461491,delta,0.955,0.88,0.9175,-0.075,0.12,0.045,0.0825,-0.075,350.38,0.0
2026-05-28T02:14:21.491750+00:00,1779934461491,delta,0.955,0.88,0.9175,-0.075,0.12,0.045,0.0825,-0.075,350.38,0.0
2026-05-28T02:14:21.492246+00:00,1779934461492,delta,0.956,0.88,0.918,-0.076,0.12,0.044,0.082,-0.076,355.38,0.0
2026-05-28T02:14:21.492632+00:00,1779934461492,delta,0.956,0.88,0.918,-0.076,0.12,0.044,0.082,-0.076,555.38,0.0
2026-05-28T02:14:21.493173+00:00,1779934461493,delta,0.956,0.88,0.918,-0.076,0.12,0.044,0.082,-0.076,555.38,0.0
2026-05-28T02:14:21.493669+00:00,1779934461493,delta,0.956,0.88,0.918,-0.076,0.12,0.044,0.082,-0.076,555.38,0.0
2026-05-28T02:14:21.530206+00:00,1779934461530,delta,0.956,0.88,0.918,-0.076,0.12,0.044,0.082,-0.076,555.38,0.0
2026-05-28T02:14:21.530835+00:00,1779934461530,delta,0.956,0.88,0.918,-0.076,0.12,0.044,0.082,-0.076,555.38,0.0
2026-05-28T02:14:21.531499+00:00,1779934461531,delta,0.956,0.88,0.918,-0.076,0.12,0.044,0.082,-0.076,522.46,0.0
2026-05-28T02:14:21.532063+00:00,1779934461532,delta,0.956,0.88,0.918,-0.076,0.12,0.044,0.082,-0.076,522.46,0.0
2026-05-28T02:14:21.532475+00:00,1779934461532,delta,0.956,0.88,0.918,-0.076,0.12,0.044,0.082,-0.076,522.46,0.0
2026-05-28T02:14:21.559265+00:00,1779934461559,delta,0.956,0.88,0.918,-0.076,0.12,0.044,0.082,-0.076,554.31,0.0
2026-05-28T02:14:21.559975+00:00,1779934461559,delta,0.956,0.88,0.918,-0.076,0.12,0.044,0.082,-0.076,554.31,0.0
2026-05-28T02:14:21.589920+00:00,1779934461589,delta,0.956,0.88,0.918,-0.076,0.12,0.044,0.082,-0.076,374.31,0.0
2026-05-28T02:14:21.592218+00:00,1779934461592,delta,0.956,0.88,0.918,-0.076,0.12,0.044,0.082,-0.076,174.31,0.0
2026-05-28T02:14:21.592986+00:00,1779934461592,delta,0.956,0.88,0.918,-0.076,0.12,0.044,0.082,-0.076,169.31,0.0
2026-05-28T02:14:21.593593+00:00,1779934461593,delta,0.956,0.88,0.918,-0.076,0.12,0.044,0.082,-0.076,269.31,0.0
2026-05-28T02:14:21.594080+00:00,1779934461594,delta,0.956,0.88,0.918,-0.076,0.12,0.044,0.082,-0.076,269.31,0.0
2026-05-28T02:14:21.594671+00:00,1779934461594,delta,0.956,0.88,0.918,-0.076,0.12,0.044,0.082,-0.076,269.31,0.0
2026-05-28T02:14:21.595243+00:00,1779934461595,delta,0.956,0.88,0.918,-0.076,0.12,0.044,0.082,-0.076,269.31,0.0
2026-05-28T02:14:21.668170+00:00,1779934461668,delta,0.956,0.88,0.918,-0.076,0.12,0.044,0.082,-0.076,269.31,0.0
2026-05-28T02:14:21.669643+00:00,1779934461669,delta,0.956,0.88,0.918,-0.076,0.12,0.044,0.082,-0.076,269.31,0.0
2026-05-28T02:14:21.671284+00:00,1779934461671,delta,0.957,0.88,0.9185,-0.077,0.12,0.043,0.0815,-0.077,226.85,0.0
2026-05-28T02:14:21.672352+00:00,1779934461672,delta,0.957,0.88,0.9185,-0.077,0.12,0.043,0.0815,-0.077,406.85,0.0
2026-05-28T02:14:21.673106+00:00,1779934461673,delta,0.957,0.88,0.9185,-0.077,0.12,0.043,0.0815,-0.077,380.0,0.0
2026-05-28T02:14:21.673779+00:00,1779934461673,delta,0.957,0.88,0.9185,-0.077,0.12,0.043,0.0815,-0.077,380.0,0.0
2026-05-28T02:14:21.674181+00:00,1779934461674,delta,0.957,0.88,0.9185,-0.077,0.12,0.043,0.0815,-0.077,380.0,0.0
2026-05-28T02:14:21.674553+00:00,1779934461674,delta,0.957,0.88,0.9185,-0.077,0.12,0.043,0.0815,-0.077,380.0,0.0
2026-05-28T02:14:21.675018+00:00,1779934461675,delta,0.957,0.88,0.9185,-0.077,0.12,0.043,0.0815,-0.077,348.06,0.0
2026-05-28T02:14:21.675420+00:00,1779934461675,delta,0.957,0.88,0.9185,-0.077,0.12,0.043,0.0815,-0.077,348.06,0.0
2026-05-28T02:14:21.675827+00:00,1779934461675,delta,0.957,0.88,0.9185,-0.077,0.12,0.043,0.0815,-0.077,348.06,0.0
2026-05-28T02:14:21.676261+00:00,1779934461676,delta,0.957,0.88,0.9185,-0.077,0.12,0.043,0.0815,-0.077,348.06,0.0
2026-05-28T02:14:21.676776+00:00,1779934461676,delta,0.957,0.88,0.9185,-0.077,0.12,0.043,0.0815,-0.077,348.06,0.0
2026-05-28T02:14:21.697864+00:00,1779934461697,delta,0.957,0.88,0.9185,-0.077,0.12,0.043,0.0815,-0.077,168.06,0.0
2026-05-28T02:14:21.698476+00:00,1779934461698,delta,0.956,0.88,0.918,-0.076,0.12,0.044,0.082,-0.076,242.46,0.0
2026-05-28T02:14:21.699392+00:00,1779934461699,delta,0.956,0.88,0.918,-0.076,0.12,0.044,0.082,-0.076,237.46,0.0
2026-05-28T02:14:21.700293+00:00,1779934461700,delta,0.956,0.88,0.918,-0.076,0.12,0.044,0.082,-0.076,237.46,0.0
2026-05-28T02:14:21.730728+00:00,1779934461730,delta,0.957,0.88,0.9185,-0.077,0.12,0.043,0.0815,-0.077,31.82,0.0
2026-05-28T02:14:21.731773+00:00,1779934461731,delta,0.956,0.88,0.918,-0.076,0.12,0.044,0.082,-0.076,237.46,0.0
2026-05-28T02:14:21.732465+00:00,1779934461732,delta,0.956,0.88,0.918,-0.076,0.12,0.044,0.082,-0.076,235.34,0.0
2026-05-28T02:14:21.732942+00:00,1779934461732,delta,0.956,0.88,0.918,-0.076,0.12,0.044,0.082,-0.076,235.34,0.0
2026-05-28T02:14:21.733351+00:00,1779934461733,delta,0.956,0.88,0.918,-0.076,0.12,0.044,0.082,-0.076,435.34,0.0
2026-05-28T02:14:21.754434+00:00,1779934461754,delta,0.956,0.88,0.918,-0.076,0.12,0.044,0.082,-0.076,615.34,0.0
2026-05-28T02:14:21.755216+00:00,1779934461755,delta,0.956,0.88,0.918,-0.076,0.12,0.044,0.082,-0.076,615.34,0.0
2026-05-28T02:14:21.755752+00:00,1779934461755,delta,0.956,0.88,0.918,-0.076,0.12,0.044,0.082,-0.076,603.27,0.0
2026-05-28T02:14:21.781665+00:00,1779934461781,delta,0.956,0.88,0.918,-0.076,0.12,0.044,0.082,-0.076,603.27,0.0
2026-05-28T02:14:21.782312+00:00,1779934461782,delta,0.956,0.88,0.918,-0.076,0.12,0.044,0.082,-0.076,603.27,0.0
2026-05-28T02:14:21.782857+00:00,1779934461782,delta,0.956,0.88,0.918,-0.076,0.12,0.044,0.082,-0.076,603.27,0.0
2026-05-28T02:14:21.783251+00:00,1779934461783,delta,0.956,0.88,0.918,-0.076,0.12,0.044,0.082,-0.076,653.27,0.0
2026-05-28T02:14:21.783637+00:00,1779934461783,delta,0.956,0.88,0.918,-0.076,0.12,0.044,0.082,-0.076,653.27,0.0
2026-05-28T02:14:21.784100+00:00,1779934461784,delta,0.956,0.88,0.918,-0.076,0.12,0.044,0.082,-0.076,653.27,0.0
2026-05-28T02:14:21.810255+00:00,1779934461810,delta,0.956,0.88,0.918,-0.076,0.12,0.044,0.082,-0.076,653.27,0.0
2026-05-28T02:14:21.810947+00:00,1779934461810,delta,0.956,0.88,0.918,-0.076,0.12,0.044,0.082,-0.076,686.19,0.0
2026-05-28T02:14:21.811562+00:00,1779934461811,delta,0.956,0.88,0.918,-0.076,0.12,0.044,0.082,-0.076,686.19,0.0
2026-05-28T02:14:21.811973+00:00,1779934461811,delta,0.956,0.88,0.918,-0.076,0.12,0.044,0.082,-0.076,686.19,0.0
2026-05-28T02:14:21.812448+00:00,1779934461812,delta,0.956,0.88,0.918,-0.076,0.12,0.044,0.082,-0.076,686.19,0.0
2026-05-28T02:14:21.812827+00:00,1779934461812,delta,0.956,0.88,0.918,-0.076,0.12,0.044,0.082,-0.076,686.19,0.0
2026-05-28T02:14:21.813273+00:00,1779934461813,delta,0.956,0.88,0.918,-0.076,0.12,0.044,0.082,-0.076,686.19,0.0
2026-05-28T02:14:21.813657+00:00,1779934461813,delta,0.956,0.88,0.918,-0.076,0.12,0.044,0.082,-0.076,686.19,0.0
2026-05-28T02:14:21.814098+00:00,1779934461814,delta,0.956,0.88,0.918,-0.076,0.12,0.044,0.082,-0.076,636.19,0.0
2026-05-28T02:14:21.814507+00:00,1779934461814,delta,0.956,0.88,0.918,-0.076,0.12,0.044,0.082,-0.076,636.19,0.0
2026-05-28T02:14:21.868136+00:00,1779934461868,delta,0.956,0.88,0.918,-0.076,0.12,0.044,0.082,-0.076,448.26,0.0
2026-05-28T02:14:21.870381+00:00,1779934461870,delta,0.956,0.88,0.918,-0.076,0.12,0.044,0.082,-0.076,268.26,0.0
2026-05-28T02:14:21.871558+00:00,1779934461871,delta,0.956,0.88,0.918,-0.076,0.12,0.044,0.082,-0.076,235.34,0.0
2026-05-28T02:14:21.872060+00:00,1779934461872,delta,0.956,0.88,0.918,-0.076,0.12,0.044,0.082,-0.076,235.34,0.0
2026-05-28T02:14:21.872634+00:00,1779934461872,delta,0.956,0.88,0.918,-0.076,0.12,0.044,0.082,-0.076,235.34,0.0
2026-05-28T02:14:21.873049+00:00,1779934461873,delta,0.956,0.88,0.918,-0.076,0.12,0.044,0.082,-0.076,235.34,0.0
2026-05-28T02:14:21.873595+00:00,1779934461873,delta,0.956,0.88,0.918,-0.076,0.12,0.044,0.082,-0.076,235.34,0.0
2026-05-28T02:14:21.874018+00:00,1779934461874,delta,0.956,0.88,0.918,-0.076,0.12,0.044,0.082,-0.076,235.34,0.0
2026-05-28T02:14:21.874431+00:00,1779934461874,delta,0.956,0.88,0.918,-0.076,0.12,0.044,0.082,-0.076,235.34,0.0
2026-05-28T02:14:21.874812+00:00,1779934461874,delta,0.956,0.88,0.918,-0.076,0.12,0.044,0.082,-0.076,230.34,0.0
2026-05-28T02:14:21.875156+00:00,1779934461875,delta,0.956,0.88,0.918,-0.076,0.12,0.044,0.082,-0.076,263.26,0.0
2026-05-28T02:14:21.901140+00:00,1779934461901,delta,0.956,0.88,0.918,-0.076,0.12,0.044,0.082,-0.076,263.26,0.0
2026-05-28T02:14:21.901808+00:00,1779934461901,delta,0.956,0.88,0.918,-0.076,0.12,0.044,0.082,-0.076,463.26,0.0
2026-05-28T02:14:21.903502+00:00,1779934461903,delta,0.956,0.88,0.918,-0.076,0.12,0.044,0.082,-0.076,430.34,0.0
2026-05-28T02:14:21.904309+00:00,1779934461904,delta,0.956,0.88,0.918,-0.076,0.12,0.044,0.082,-0.076,430.34,0.0
2026-05-28T02:14:21.904776+00:00,1779934461904,delta,0.956,0.88,0.918,-0.076,0.12,0.044,0.082,-0.076,430.34,0.0
2026-05-28T02:14:21.905195+00:00,1779934461905,delta,0.956,0.88,0.918,-0.076,0.12,0.044,0.082,-0.076,430.34,0.0
2026-05-28T02:14:21.905663+00:00,1779934461905,delta,0.956,0.88,0.918,-0.076,0.12,0.044,0.082,-0.076,430.34,0.0
2026-05-28T02:14:21.906159+00:00,1779934461906,delta,0.956,0.88,0.918,-0.076,0.12,0.044,0.082,-0.076,610.34,0.0
2026-05-28T02:14:21.906625+00:00,1779934461906,delta,0.956,0.88,0.918,-0.076,0.12,0.044,0.082,-0.076,610.34,0.0
2026-05-28T02:14:21.920413+00:00,1779934461920,delta,0.956,0.88,0.918,-0.076,0.12,0.044,0.082,-0.076,610.34,0.0
2026-05-28T02:14:21.921252+00:00,1779934461921,delta,0.956,0.88,0.918,-0.076,0.12,0.044,0.082,-0.076,610.34,0.0
2026-05-28T02:14:21.921955+00:00,1779934461921,delta,0.956,0.88,0.918,-0.076,0.12,0.044,0.082,-0.076,610.34,0.0
2026-05-28T02:14:21.922490+00:00,1779934461922,delta,0.956,0.88,0.918,-0.076,0.12,0.044,0.082,-0.076,610.34,0.0
2026-05-28T02:14:21.923221+00:00,1779934461923,delta,0.956,0.88,0.918,-0.076,0.12,0.044,0.082,-0.076,610.34,0.0
2026-05-28T02:14:21.923882+00:00,1779934461923,delta,0.956,0.88,0.918,-0.076,0.12,0.044,0.082,-0.076,610.34,0.0
2026-05-28T02:14:21.924597+00:00,1779934461924,delta,0.956,0.88,0.918,-0.076,0.12,0.044,0.082,-0.076,610.34,0.0
2026-05-28T02:14:21.925102+00:00,1779934461925,delta,0.956,0.88,0.918,-0.076,0.12,0.044,0.082,-0.076,610.34,0.0
2026-05-28T02:14:21.925587+00:00,1779934461925,delta,0.956,0.88,0.918,-0.076,0.12,0.044,0.082,-0.076,610.34,0.0
2026-05-28T02:14:21.926105+00:00,1779934461926,delta,0.956,0.88,0.918,-0.076,0.12,0.044,0.082,-0.076,610.34,0.0
2026-05-28T02:14:21.926652+00:00,1779934461926,delta,0.956,0.88,0.918,-0.076,0.12,0.044,0.082,-0.076,610.34,0.0
2026-05-28T02:14:21.927080+00:00,1779934461927,delta,0.956,0.88,0.918,-0.076,0.12,0.044,0.082,-0.076,610.34,0.0
2026-05-28T02:14:21.946378+00:00,1779934461946,delta,0.956,0.88,0.918,-0.076,0.12,0.044,0.082,-0.076,610.34,0.0
2026-05-28T02:14:21.947060+00:00,1779934461947,delta,0.956,0.88,0.918,-0.076,0.12,0.044,0.082,-0.076,610.34,0.0
2026-05-28T02:14:21.947766+00:00,1779934461947,delta,0.956,0.88,0.918,-0.076,0.12,0.044,0.082,-0.076,430.34,0.0
2026-05-28T02:14:21.948270+00:00,1779934461948,delta,0.955,0.88,0.9175,-0.075,0.12,0.045,0.0825,-0.075,240.34,0.0
2026-05-28T02:14:21.948769+00:00,1779934461948,delta,0.956,0.88,0.918,-0.076,0.12,0.044,0.082,-0.076,262.19,0.0
2026-05-28T02:14:21.949335+00:00,1779934461949,delta,0.956,0.88,0.918,-0.076,0.12,0.044,0.082,-0.076,262.19,0.0
2026-05-28T02:14:21.949862+00:00,1779934461949,delta,0.956,0.88,0.918,-0.076,0.12,0.044,0.082,-0.076,262.19,0.0
2026-05-28T02:14:21.950304+00:00,1779934461950,delta,0.956,0.88,0.918,-0.076,0.12,0.044,0.082,-0.076,262.19,0.0
2026-05-28T02:14:21.971248+00:00,1779934461971,delta,0.956,0.88,0.918,-0.076,0.12,0.044,0.082,-0.076,262.19,0.0
2026-05-28T02:14:21.971943+00:00,1779934461971,delta,0.956,0.88,0.918,-0.076,0.12,0.044,0.082,-0.076,262.19,0.0
2026-05-28T02:14:21.972563+00:00,1779934461972,delta,0.956,0.88,0.918,-0.076,0.12,0.044,0.082,-0.076,262.19,0.0
2026-05-28T02:14:21.973054+00:00,1779934461973,delta,0.956,0.88,0.918,-0.076,0.12,0.044,0.082,-0.076,262.19,0.0
2026-05-28T02:14:21.973512+00:00,1779934461973,delta,0.956,0.88,0.918,-0.076,0.12,0.044,0.082,-0.076,262.19,0.0
2026-05-28T02:14:21.974019+00:00,1779934461974,delta,0.956,0.88,0.918,-0.076,0.12,0.044,0.082,-0.076,262.19,0.0
2026-05-28T02:14:21.974472+00:00,1779934461974,delta,0.956,0.88,0.918,-0.076,0.12,0.044,0.082,-0.076,262.19,0.0
2026-05-28T02:14:21.974968+00:00,1779934461974,delta,0.956,0.88,0.918,-0.076,0.12,0.044,0.082,-0.076,262.19,0.0
2026-05-28T02:14:21.975447+00:00,1779934461975,delta,0.956,0.88,0.918,-0.076,0.12,0.044,0.082,-0.076,262.19,0.0
2026-05-28T02:14:21.975948+00:00,1779934461975,delta,0.956,0.88,0.918,-0.076,0.12,0.044,0.082,-0.076,442.19,0.0
2026-05-28T02:14:21.976445+00:00,1779934461976,delta,0.956,0.88,0.918,-0.076,0.12,0.044,0.082,-0.076,642.19,0.0
2026-05-28T02:14:22.001948+00:00,1779934462001,delta,0.955,0.88,0.9175,-0.075,0.12,0.045,0.0825,-0.075,620.34,0.0
2026-05-28T02:14:22.003680+00:00,1779934462003,delta,0.955,0.88,0.9175,-0.075,0.12,0.045,0.0825,-0.075,620.34,0.0
2026-05-28T02:14:22.027423+00:00,1779934462027,delta,0.955,0.88,0.9175,-0.075,0.12,0.045,0.0825,-0.075,620.34,0.0
2026-05-28T02:14:22.028196+00:00,1779934462028,delta,0.955,0.88,0.9175,-0.075,0.12,0.045,0.0825,-0.075,440.34,0.0
2026-05-28T02:14:22.028950+00:00,1779934462028,delta,0.954,0.88,0.917,-0.074,0.12,0.046,0.083,-0.074,415.34,0.0
2026-05-28T02:14:22.029666+00:00,1779934462029,delta,0.954,0.88,0.917,-0.074,0.12,0.046,0.083,-0.074,785.34,0.0
2026-05-28T02:14:22.030271+00:00,1779934462030,delta,0.954,0.88,0.917,-0.074,0.12,0.046,0.083,-0.074,785.34,0.0
2026-05-28T02:14:22.030902+00:00,1779934462030,delta,0.954,0.88,0.917,-0.074,0.12,0.046,0.083,-0.074,785.34,0.0
2026-05-28T02:14:22.031366+00:00,1779934462031,delta,0.954,0.88,0.917,-0.074,0.12,0.046,0.083,-0.074,785.34,0.0
2026-05-28T02:14:22.031886+00:00,1779934462031,delta,0.955,0.88,0.9175,-0.075,0.12,0.045,0.0825,-0.075,438.26,0.0
2026-05-28T02:14:22.058010+00:00,1779934462058,delta,0.955,0.88,0.9175,-0.075,0.12,0.045,0.0825,-0.075,438.26,0.0
2026-05-28T02:14:22.058708+00:00,1779934462058,delta,0.955,0.88,0.9175,-0.075,0.12,0.045,0.0825,-0.075,438.26,0.0
2026-05-28T02:14:22.059325+00:00,1779934462059,delta,0.955,0.88,0.9175,-0.075,0.12,0.045,0.0825,-0.075,638.26,0.0
2026-05-28T02:14:22.059791+00:00,1779934462059,delta,0.955,0.88,0.9175,-0.075,0.12,0.045,0.0825,-0.075,818.26,0.0
2026-05-28T02:14:22.077869+00:00,1779934462077,delta,0.955,0.88,0.9175,-0.075,0.12,0.045,0.0825,-0.075,785.34,0.0
2026-05-28T02:14:22.078756+00:00,1779934462078,delta,0.955,0.88,0.9175,-0.075,0.12,0.045,0.0825,-0.075,785.34,0.0
2026-05-28T02:14:22.079575+00:00,1779934462079,delta,0.955,0.88,0.9175,-0.075,0.12,0.045,0.0825,-0.075,818.3,0.0
2026-05-28T02:14:22.080254+00:00,1779934462080,delta,0.955,0.88,0.9175,-0.075,0.12,0.045,0.0825,-0.075,638.3,0.0
2026-05-28T02:14:22.080844+00:00,1779934462080,delta,0.954,0.88,0.917,-0.074,0.12,0.046,0.083,-0.074,818.3,0.0
2026-05-28T02:14:22.104407+00:00,1779934462104,delta,0.954,0.88,0.917,-0.074,0.12,0.046,0.083,-0.074,785.34,0.0
2026-05-28T02:14:22.105153+00:00,1779934462105,delta,0.955,0.88,0.9175,-0.075,0.12,0.045,0.0825,-0.075,438.26,0.0
2026-05-28T02:14:22.105735+00:00,1779934462105,delta,0.955,0.88,0.9175,-0.075,0.12,0.045,0.0825,-0.075,438.26,0.0
2026-05-28T02:14:22.106300+00:00,1779934462106,delta,0.955,0.88,0.9175,-0.075,0.12,0.045,0.0825,-0.075,438.26,0.0
2026-05-28T02:14:22.106927+00:00,1779934462106,delta,0.955,0.88,0.9175,-0.075,0.12,0.045,0.0825,-0.075,438.26,0.0
2026-05-28T02:14:22.109642+00:00,1779934462109,delta,0.955,0.88,0.9175,-0.075,0.12,0.045,0.0825,-0.075,438.26,0.0
2026-05-28T02:14:22.110359+00:00,1779934462110,delta,0.955,0.88,0.9175,-0.075,0.12,0.045,0.0825,-0.075,438.26,0.0
2026-05-28T02:14:22.117144+00:00,1779934462117,delta,0.956,0.88,0.918,-0.076,0.12,0.044,0.082,-0.076,463.26,0.0
2026-05-28T02:14:22.117805+00:00,1779934462117,delta,0.956,0.88,0.918,-0.076,0.12,0.044,0.082,-0.076,643.26,0.0
2026-05-28T02:14:22.134160+00:00,1779934462134,delta,0.956,0.88,0.918,-0.076,0.12,0.044,0.082,-0.076,785.34,0.0
2026-05-28T02:14:22.134945+00:00,1779934462134,delta,0.956,0.88,0.918,-0.076,0.12,0.044,0.082,-0.076,785.34,0.0
2026-05-28T02:14:22.137021+00:00,1779934462137,delta,0.956,0.88,0.918,-0.076,0.12,0.044,0.082,-0.076,785.34,0.0
2026-05-28T02:14:22.163602+00:00,1779934462163,delta,0.956,0.88,0.918,-0.076,0.12,0.044,0.082,-0.076,785.34,0.0
2026-05-28T02:14:22.164483+00:00,1779934462164,delta,0.956,0.88,0.918,-0.076,0.12,0.044,0.082,-0.076,785.34,0.0
2026-05-28T02:14:22.165315+00:00,1779934462165,delta,0.956,0.88,0.918,-0.076,0.12,0.044,0.082,-0.076,785.34,0.0
2026-05-28T02:14:22.165973+00:00,1779934462165,delta,0.956,0.88,0.918,-0.076,0.12,0.044,0.082,-0.076,785.34,0.0
2026-05-28T02:14:22.166625+00:00,1779934462166,delta,0.956,0.88,0.918,-0.076,0.12,0.044,0.082,-0.076,785.34,0.0
2026-05-28T02:14:22.167279+00:00,1779934462167,delta,0.956,0.88,0.918,-0.076,0.12,0.044,0.082,-0.076,785.34,0.0
2026-05-28T02:14:22.167705+00:00,1779934462167,delta,0.956,0.88,0.918,-0.076,0.12,0.044,0.082,-0.076,785.34,0.0
2026-05-28T02:14:22.168117+00:00,1779934462168,delta,0.956,0.88,0.918,-0.076,0.12,0.044,0.082,-0.076,785.34,0.0
2026-05-28T02:14:22.168630+00:00,1779934462168,delta,0.956,0.88,0.918,-0.076,0.12,0.044,0.082,-0.076,785.34,0.0
2026-05-28T02:14:22.169590+00:00,1779934462169,delta,0.956,0.88,0.918,-0.076,0.12,0.044,0.082,-0.076,817.19,0.0
2026-05-28T02:14:22.192061+00:00,1779934462192,delta,0.956,0.88,0.918,-0.076,0.12,0.044,0.082,-0.076,637.19,0.0
2026-05-28T02:14:22.192856+00:00,1779934462192,delta,0.956,0.88,0.918,-0.076,0.12,0.044,0.082,-0.076,637.19,0.0
2026-05-28T02:14:22.193449+00:00,1779934462193,delta,0.956,0.88,0.918,-0.076,0.12,0.044,0.082,-0.076,437.19,0.0
2026-05-28T02:14:22.194104+00:00,1779934462194,delta,0.956,0.88,0.918,-0.076,0.12,0.044,0.082,-0.076,337.19,0.0
2026-05-28T02:14:22.194773+00:00,1779934462194,delta,0.956,0.88,0.918,-0.076,0.12,0.044,0.082,-0.076,337.19,0.0
2026-05-28T02:14:22.195361+00:00,1779934462195,delta,0.956,0.88,0.918,-0.076,0.12,0.044,0.082,-0.076,337.19,0.0
2026-05-28T02:14:22.195893+00:00,1779934462195,delta,0.956,0.88,0.918,-0.076,0.12,0.044,0.082,-0.076,337.19,0.0
2026-05-28T02:14:22.196285+00:00,1779934462196,delta,0.956,0.88,0.918,-0.076,0.12,0.044,0.082,-0.076,337.19,0.0
2026-05-28T02:14:22.196656+00:00,1779934462196,delta,0.956,0.88,0.918,-0.076,0.12,0.044,0.082,-0.076,337.19,0.0
2026-05-28T02:14:22.197020+00:00,1779934462197,delta,0.956,0.88,0.918,-0.076,0.12,0.044,0.082,-0.076,337.19,0.0
2026-05-28T02:14:22.197414+00:00,1779934462197,delta,0.956,0.88,0.918,-0.076,0.12,0.044,0.082,-0.076,337.19,0.0
2026-05-28T02:14:22.197808+00:00,1779934462197,delta,0.956,0.88,0.918,-0.076,0.12,0.044,0.082,-0.076,337.19,0.0
2026-05-28T02:14:22.198210+00:00,1779934462198,delta,0.956,0.88,0.918,-0.076,0.12,0.044,0.082,-0.076,337.19,0.0
2026-05-28T02:14:22.198585+00:00,1779934462198,delta,0.96,0.88,0.92,-0.08,0.12,0.04,0.08,-0.08,335.93,0.0
2026-05-28T02:14:22.198942+00:00,1779934462198,delta,0.96,0.88,0.92,-0.08,0.12,0.04,0.08,-0.08,635.93,0.0
2026-05-28T02:14:22.199401+00:00,1779934462199,delta,0.96,0.88,0.92,-0.08,0.12,0.04,0.08,-0.08,635.93,0.0
2026-05-28T02:14:22.199806+00:00,1779934462199,delta,0.96,0.88,0.92,-0.08,0.12,0.04,0.08,-0.08,635.93,0.0
2026-05-28T02:14:22.223917+00:00,1779934462223,delta,0.96,0.88,0.92,-0.08,0.12,0.04,0.08,-0.08,635.93,0.0
2026-05-28T02:14:22.224631+00:00,1779934462224,delta,0.96,0.88,0.92,-0.08,0.12,0.04,0.08,-0.08,635.93,0.0
2026-05-28T02:14:22.225289+00:00,1779934462225,delta,0.96,0.88,0.92,-0.08,0.12,0.04,0.08,-0.08,635.93,0.0
2026-05-28T02:14:22.225829+00:00,1779934462225,delta,0.96,0.88,0.92,-0.08,0.12,0.04,0.08,-0.08,635.93,0.0
2026-05-28T02:14:22.226300+00:00,1779934462226,delta,0.96,0.88,0.92,-0.08,0.12,0.04,0.08,-0.08,635.93,0.0
2026-05-28T02:14:22.226732+00:00,1779934462226,delta,0.96,0.88,0.92,-0.08,0.12,0.04,0.08,-0.08,635.93,0.0
2026-05-28T02:14:22.227169+00:00,1779934462227,delta,0.96,0.88,0.92,-0.08,0.12,0.04,0.08,-0.08,705.59,0.0
2026-05-28T02:14:22.227570+00:00,1779934462227,delta,0.96,0.88,0.92,-0.08,0.12,0.04,0.08,-0.08,885.59,0.0
2026-05-28T02:14:22.250295+00:00,1779934462250,delta,0.96,0.88,0.92,-0.08,0.12,0.04,0.08,-0.08,853.74,0.0
2026-05-28T02:14:22.251617+00:00,1779934462251,delta,0.96,0.88,0.92,-0.08,0.12,0.04,0.08,-0.08,853.74,0.0
2026-05-28T02:14:22.253459+00:00,1779934462253,delta,0.96,0.88,0.92,-0.08,0.12,0.04,0.08,-0.08,853.74,0.0
2026-05-28T02:14:22.254383+00:00,1779934462254,delta,0.96,0.88,0.92,-0.08,0.12,0.04,0.08,-0.08,853.74,0.0
2026-05-28T02:14:22.255242+00:00,1779934462255,delta,0.96,0.88,0.92,-0.08,0.12,0.04,0.08,-0.08,853.74,0.0
2026-05-28T02:14:22.255753+00:00,1779934462255,delta,0.96,0.88,0.92,-0.08,0.12,0.04,0.08,-0.08,853.74,0.0
2026-05-28T02:14:22.256268+00:00,1779934462256,delta,0.96,0.88,0.92,-0.08,0.12,0.04,0.08,-0.08,853.74,0.0
2026-05-28T02:14:22.256719+00:00,1779934462256,delta,0.96,0.88,0.92,-0.08,0.12,0.04,0.08,-0.08,853.74,0.0
2026-05-28T02:14:22.257184+00:00,1779934462257,delta,0.96,0.88,0.92,-0.08,0.12,0.04,0.08,-0.08,853.74,0.0
2026-05-28T02:14:22.257732+00:00,1779934462257,delta,0.96,0.88,0.92,-0.08,0.12,0.04,0.08,-0.08,853.74,0.0
2026-05-28T02:14:22.258517+00:00,1779934462258,delta,0.96,0.88,0.92,-0.08,0.12,0.04,0.08,-0.08,853.74,0.0
2026-05-28T02:14:22.259067+00:00,1779934462259,delta,0.96,0.88,0.92,-0.08,0.12,0.04,0.08,-0.08,1028.74,0.0
2026-05-28T02:14:22.259479+00:00,1779934462259,delta,0.96,0.88,0.92,-0.08,0.12,0.04,0.08,-0.08,903.74,0.0
2026-05-28T02:14:22.259981+00:00,1779934462259,delta,0.96,0.88,0.92,-0.08,0.12,0.04,0.08,-0.08,723.74,0.0
2026-05-28T02:14:22.260468+00:00,1779934462260,delta,0.96,0.88,0.92,-0.08,0.12,0.04,0.08,-0.08,523.74,0.0
2026-05-28T02:14:22.260906+00:00,1779934462260,delta,0.96,0.88,0.92,-0.08,0.12,0.04,0.08,-0.08,523.74,0.0
2026-05-28T02:14:22.261348+00:00,1779934462261,delta,0.96,0.88,0.92,-0.08,0.12,0.04,0.08,-0.08,523.74,0.0
2026-05-28T02:14:22.277060+00:00,1779934462277,delta,0.96,0.88,0.92,-0.08,0.12,0.04,0.08,-0.08,555.46,0.0
2026-05-28T02:14:22.278200+00:00,1779934462278,delta,0.96,0.88,0.92,-0.08,0.12,0.04,0.08,-0.08,555.46,0.0
2026-05-28T02:14:22.278671+00:00,1779934462278,delta,0.96,0.88,0.92,-0.08,0.12,0.04,0.08,-0.08,555.46,0.0
2026-05-28T02:14:22.279081+00:00,1779934462279,delta,0.96,0.88,0.92,-0.08,0.12,0.04,0.08,-0.08,555.46,0.0
2026-05-28T02:14:22.279472+00:00,1779934462279,delta,0.96,0.88,0.92,-0.08,0.12,0.04,0.08,-0.08,555.46,0.0
2026-05-28T02:14:22.304095+00:00,1779934462304,delta,0.961,0.88,0.9205,-0.081,0.12,0.039,0.0795,-0.081,580.46,0.0
2026-05-28T02:14:22.310004+00:00,1779934462310,delta,0.961,0.88,0.9205,-0.081,0.12,0.039,0.0795,-0.081,760.46,0.0
2026-05-28T02:14:22.310663+00:00,1779934462310,delta,0.961,0.88,0.9205,-0.081,0.12,0.039,0.0795,-0.081,760.46,0.0
2026-05-28T02:14:22.311191+00:00,1779934462311,delta,0.961,0.88,0.9205,-0.081,0.12,0.039,0.0795,-0.081,760.46,0.0
2026-05-28T02:14:22.311642+00:00,1779934462311,delta,0.961,0.88,0.9205,-0.081,0.12,0.039,0.0795,-0.081,760.46,0.0
2026-05-28T02:14:22.312021+00:00,1779934462312,delta,0.961,0.88,0.9205,-0.081,0.12,0.039,0.0795,-0.081,760.46,0.0
2026-05-28T02:14:22.312425+00:00,1779934462312,delta,0.961,0.88,0.9205,-0.081,0.12,0.039,0.0795,-0.081,760.46,0.0
2026-05-28T02:14:22.332877+00:00,1779934462332,delta,0.961,0.88,0.9205,-0.081,0.12,0.039,0.0795,-0.081,701.68,0.0
2026-05-28T02:14:22.333641+00:00,1779934462333,delta,0.961,0.88,0.9205,-0.081,0.12,0.039,0.0795,-0.081,701.68,0.0
2026-05-28T02:14:22.334373+00:00,1779934462334,delta,0.961,0.88,0.9205,-0.081,0.12,0.039,0.0795,-0.081,701.68,0.0
2026-05-28T02:14:22.335141+00:00,1779934462335,delta,0.961,0.88,0.9205,-0.081,0.12,0.039,0.0795,-0.081,667.74,0.0
2026-05-28T02:14:22.336830+00:00,1779934462336,delta,0.961,0.88,0.9205,-0.081,0.12,0.039,0.0795,-0.081,666.74,0.0
2026-05-28T02:14:22.337678+00:00,1779934462337,delta,0.961,0.88,0.9205,-0.081,0.12,0.039,0.0795,-0.081,666.74,0.0
2026-05-28T02:14:22.338432+00:00,1779934462338,delta,0.961,0.88,0.9205,-0.081,0.12,0.039,0.0795,-0.081,666.74,0.0
2026-05-28T02:14:22.339003+00:00,1779934462339,delta,0.961,0.88,0.9205,-0.081,0.12,0.039,0.0795,-0.081,666.74,0.0
2026-05-28T02:14:22.355185+00:00,1779934462355,delta,0.961,0.88,0.9205,-0.081,0.12,0.039,0.0795,-0.081,666.74,0.0
2026-05-28T02:14:22.356114+00:00,1779934462356,delta,0.961,0.88,0.9205,-0.081,0.12,0.039,0.0795,-0.081,666.74,0.0
2026-05-28T02:14:22.356765+00:00,1779934462356,delta,0.961,0.88,0.9205,-0.081,0.12,0.039,0.0795,-0.081,635.02,0.0
2026-05-28T02:14:22.357348+00:00,1779934462357,delta,0.961,0.88,0.9205,-0.081,0.12,0.039,0.0795,-0.081,635.02,0.0
2026-05-28T02:14:22.357772+00:00,1779934462357,delta,0.961,0.88,0.9205,-0.081,0.12,0.039,0.0795,-0.081,635.02,0.0
2026-05-28T02:14:22.382263+00:00,1779934462382,delta,0.961,0.88,0.9205,-0.081,0.12,0.039,0.0795,-0.081,635.02,0.0
2026-05-28T02:14:22.382901+00:00,1779934462382,delta,0.961,0.88,0.9205,-0.081,0.12,0.039,0.0795,-0.081,635.02,0.0
2026-05-28T02:14:22.409461+00:00,1779934462409,delta,0.961,0.88,0.9205,-0.081,0.12,0.039,0.0795,-0.081,549.76,0.0
2026-05-28T02:14:22.410138+00:00,1779934462410,delta,0.961,0.88,0.9205,-0.081,0.12,0.039,0.0795,-0.081,549.76,0.0
2026-05-28T02:14:22.410683+00:00,1779934462410,delta,0.961,0.88,0.9205,-0.081,0.12,0.039,0.0795,-0.081,549.76,0.0
2026-05-28T02:14:22.411118+00:00,1779934462411,delta,0.961,0.88,0.9205,-0.081,0.12,0.039,0.0795,-0.081,581.44,0.0
2026-05-28T02:14:22.411575+00:00,1779934462411,delta,0.961,0.88,0.9205,-0.081,0.12,0.039,0.0795,-0.081,581.44,0.0
2026-05-28T02:14:22.411992+00:00,1779934462411,delta,0.961,0.88,0.9205,-0.081,0.12,0.039,0.0795,-0.081,581.44,0.0
2026-05-28T02:14:22.412429+00:00,1779934462412,delta,0.961,0.88,0.9205,-0.081,0.12,0.039,0.0795,-0.081,581.44,0.0
2026-05-28T02:14:22.412811+00:00,1779934462412,delta,0.961,0.88,0.9205,-0.081,0.12,0.039,0.0795,-0.081,581.44,0.0
2026-05-28T02:14:22.435117+00:00,1779934462435,delta,0.961,0.88,0.9205,-0.081,0.12,0.039,0.0795,-0.081,581.44,0.0
2026-05-28T02:14:22.436833+00:00,1779934462436,delta,0.961,0.88,0.9205,-0.081,0.12,0.039,0.0795,-0.081,581.44,0.0
2026-05-28T02:14:22.437667+00:00,1779934462437,delta,0.961,0.88,0.9205,-0.081,0.12,0.039,0.0795,-0.081,581.44,0.0
2026-05-28T02:14:22.438208+00:00,1779934462438,delta,0.961,0.88,0.9205,-0.081,0.12,0.039,0.0795,-0.081,581.44,0.0
2026-05-28T02:14:22.438695+00:00,1779934462438,delta,0.961,0.88,0.9205,-0.081,0.12,0.039,0.0795,-0.081,581.44,0.0
2026-05-28T02:14:22.439098+00:00,1779934462439,delta,0.961,0.88,0.9205,-0.081,0.12,0.039,0.0795,-0.081,581.44,0.0
2026-05-28T02:14:22.466171+00:00,1779934462466,delta,0.961,0.88,0.9205,-0.081,0.12,0.039,0.0795,-0.081,401.44,0.0
2026-05-28T02:14:22.466804+00:00,1779934462466,delta,0.961,0.88,0.9205,-0.081,0.12,0.039,0.0795,-0.081,380.42,0.0
2026-05-28T02:14:22.467463+00:00,1779934462467,delta,0.961,0.88,0.9205,-0.081,0.12,0.039,0.0795,-0.081,348.74,0.0
2026-05-28T02:14:22.467946+00:00,1779934462467,delta,0.961,0.88,0.9205,-0.081,0.12,0.039,0.0795,-0.081,350.0,0.0
2026-05-28T02:14:22.468453+00:00,1779934462468,delta,0.961,0.88,0.9205,-0.081,0.12,0.039,0.0795,-0.081,475.0,0.0
2026-05-28T02:14:22.469587+00:00,1779934462469,delta,0.961,0.88,0.9205,-0.081,0.12,0.039,0.0795,-0.081,310.0,0.0
2026-05-28T02:14:22.470369+00:00,1779934462470,delta,0.961,0.88,0.9205,-0.081,0.12,0.039,0.0795,-0.081,140.34,0.0
2026-05-28T02:14:22.471087+00:00,1779934462471,delta,0.961,0.88,0.9205,-0.081,0.12,0.039,0.0795,-0.081,305.34,0.0
2026-05-28T02:14:22.471606+00:00,1779934462471,delta,0.961,0.88,0.9205,-0.081,0.12,0.039,0.0795,-0.081,355.0,0.0
2026-05-28T02:14:22.472105+00:00,1779934462472,delta,0.961,0.88,0.9205,-0.081,0.12,0.039,0.0795,-0.081,250.76,0.0
2026-05-28T02:14:22.472567+00:00,1779934462472,delta,0.961,0.88,0.9205,-0.081,0.12,0.039,0.0795,-0.081,250.76,0.0
2026-05-28T02:14:22.473024+00:00,1779934462473,delta,0.961,0.88,0.9205,-0.081,0.12,0.039,0.0795,-0.081,250.76,0.0
2026-05-28T02:14:22.473439+00:00,1779934462473,delta,0.961,0.88,0.9205,-0.081,0.12,0.039,0.0795,-0.081,250.76,0.0
2026-05-28T02:14:22.496955+00:00,1779934462496,delta,0.961,0.88,0.9205,-0.081,0.12,0.039,0.0795,-0.081,250.76,0.0
2026-05-28T02:14:22.497641+00:00,1779934462497,delta,0.961,0.88,0.9205,-0.081,0.12,0.039,0.0795,-0.081,250.76,0.0
2026-05-28T02:14:22.498112+00:00,1779934462498,delta,0.961,0.88,0.9205,-0.081,0.12,0.039,0.0795,-0.081,250.76,0.0
2026-05-28T02:14:22.498547+00:00,1779934462498,delta,0.961,0.88,0.9205,-0.081,0.12,0.039,0.0795,-0.081,304.0,0.0
2026-05-28T02:14:22.498945+00:00,1779934462498,delta,0.961,0.88,0.9205,-0.081,0.12,0.039,0.0795,-0.081,129.0,0.0
2026-05-28T02:14:22.499381+00:00,1779934462499,delta,0.961,0.88,0.9205,-0.081,0.12,0.039,0.0795,-0.081,129.0,0.0
2026-05-28T02:14:22.499816+00:00,1779934462499,delta,0.962,0.88,0.921,-0.082,0.12,0.038,0.079,-0.082,205.0,0.0
2026-05-28T02:14:22.500208+00:00,1779934462500,delta,0.962,0.88,0.921,-0.082,0.12,0.038,0.079,-0.082,205.0,0.0
2026-05-28T02:14:22.500567+00:00,1779934462500,delta,0.962,0.88,0.921,-0.082,0.12,0.038,0.079,-0.082,205.0,0.0
2026-05-28T02:14:22.530832+00:00,1779934462530,delta,0.962,0.88,0.921,-0.082,0.12,0.038,0.079,-0.082,380.0,0.0
2026-05-28T02:14:22.531428+00:00,1779934462531,delta,0.962,0.88,0.921,-0.082,0.12,0.038,0.079,-0.082,380.0,0.0
2026-05-28T02:14:22.531971+00:00,1779934462531,delta,0.962,0.88,0.921,-0.082,0.12,0.038,0.079,-0.082,380.0,0.0
2026-05-28T02:14:22.532442+00:00,1779934462532,delta,0.962,0.88,0.921,-0.082,0.12,0.038,0.079,-0.082,380.0,0.0
2026-05-28T02:14:22.532846+00:00,1779934462532,delta,0.962,0.88,0.921,-0.082,0.12,0.038,0.079,-0.082,380.0,0.0
2026-05-28T02:14:22.533247+00:00,1779934462533,delta,0.961,0.88,0.9205,-0.081,0.12,0.039,0.0795,-0.081,185.0,0.0
2026-05-28T02:14:22.533619+00:00,1779934462533,delta,0.961,0.88,0.9205,-0.081,0.12,0.039,0.0795,-0.081,129.0,0.0
2026-05-28T02:14:22.533984+00:00,1779934462533,delta,0.961,0.88,0.9205,-0.081,0.12,0.039,0.0795,-0.081,124.0,0.0
2026-05-28T02:14:22.534562+00:00,1779934462534,delta,0.961,0.88,0.9205,-0.081,0.12,0.039,0.0795,-0.081,124.0,0.0
2026-05-28T02:14:22.535248+00:00,1779934462535,delta,0.961,0.88,0.9205,-0.081,0.12,0.039,0.0795,-0.081,124.0,0.0
2026-05-28T02:14:22.536455+00:00,1779934462536,delta,0.961,0.88,0.9205,-0.081,0.12,0.039,0.0795,-0.081,124.0,0.0
2026-05-28T02:14:22.537243+00:00,1779934462537,delta,0.961,0.88,0.9205,-0.081,0.12,0.039,0.0795,-0.081,124.0,0.0
2026-05-28T02:14:22.537682+00:00,1779934462537,delta,0.961,0.88,0.9205,-0.081,0.12,0.039,0.0795,-0.081,124.0,0.0
2026-05-28T02:14:22.538069+00:00,1779934462538,delta,0.961,0.88,0.9205,-0.081,0.12,0.039,0.0795,-0.081,17.0,0.0
2026-05-28T02:14:22.538444+00:00,1779934462538,delta,0.961,0.88,0.9205,-0.081,0.12,0.039,0.0795,-0.081,17.0,0.0
2026-05-28T02:14:22.555070+00:00,1779934462555,delta,0.961,0.88,0.9205,-0.081,0.12,0.039,0.0795,-0.081,17.0,0.0
2026-05-28T02:14:22.556431+00:00,1779934462556,delta,0.961,0.88,0.9205,-0.081,0.12,0.039,0.0795,-0.081,12.3,0.0
2026-05-28T02:14:22.557462+00:00,1779934462557,delta,0.961,0.88,0.9205,-0.081,0.12,0.039,0.0795,-0.081,12.3,0.0
2026-05-28T02:14:22.557939+00:00,1779934462557,delta,0.961,0.88,0.9205,-0.081,0.12,0.039,0.0795,-0.081,12.3,0.0
2026-05-28T02:14:22.558413+00:00,1779934462558,delta,0.961,0.88,0.9205,-0.081,0.12,0.039,0.0795,-0.081,12.3,0.0
2026-05-28T02:14:22.558859+00:00,1779934462558,delta,0.961,0.88,0.9205,-0.081,0.12,0.039,0.0795,-0.081,12.3,0.0
2026-05-28T02:14:22.559293+00:00,1779934462559,delta,0.961,0.88,0.9205,-0.081,0.12,0.039,0.0795,-0.081,12.3,0.0
2026-05-28T02:14:22.559695+00:00,1779934462559,delta,0.961,0.88,0.9205,-0.081,0.12,0.039,0.0795,-0.081,12.3,0.0
2026-05-28T02:14:22.560074+00:00,1779934462560,delta,0.961,0.88,0.9205,-0.081,0.12,0.039,0.0795,-0.081,12.3,0.0
2026-05-28T02:14:22.581403+00:00,1779934462581,delta,0.961,0.88,0.9205,-0.081,0.12,0.039,0.0795,-0.081,170.0,0.0
2026-05-28T02:14:22.582121+00:00,1779934462582,delta,0.961,0.88,0.9205,-0.081,0.12,0.039,0.0795,-0.081,31.93,0.0
2026-05-28T02:14:22.582763+00:00,1779934462582,delta,0.961,0.88,0.9205,-0.081,0.12,0.039,0.0795,-0.081,31.93,0.0
2026-05-28T02:14:22.583227+00:00,1779934462583,delta,0.961,0.88,0.9205,-0.081,0.12,0.039,0.0795,-0.081,31.93,0.0
2026-05-28T02:14:22.605219+00:00,1779934462605,delta,0.961,0.88,0.9205,-0.081,0.12,0.039,0.0795,-0.081,31.93,0.0
2026-05-28T02:14:22.605990+00:00,1779934462605,delta,0.961,0.88,0.9205,-0.081,0.12,0.039,0.0795,-0.081,31.93,0.0
2026-05-28T02:14:22.606633+00:00,1779934462606,delta,0.961,0.88,0.9205,-0.081,0.12,0.039,0.0795,-0.081,31.93,0.0
2026-05-28T02:14:22.630465+00:00,1779934462630,delta,0.961,0.88,0.9205,-0.081,0.12,0.039,0.0795,-0.081,31.93,0.0
2026-05-28T02:14:22.631730+00:00,1779934462631,delta,0.961,0.88,0.9205,-0.081,0.12,0.039,0.0795,-0.081,81.93,0.0
2026-05-28T02:14:22.662073+00:00,1779934462662,delta,0.961,0.88,0.9205,-0.081,0.12,0.039,0.0795,-0.081,81.93,0.0
2026-05-28T02:14:22.663671+00:00,1779934462663,delta,0.961,0.88,0.9205,-0.081,0.12,0.039,0.0795,-0.081,81.93,0.0
2026-05-28T02:14:22.664789+00:00,1779934462664,delta,0.961,0.88,0.9205,-0.081,0.12,0.039,0.0795,-0.081,81.93,0.0
2026-05-28T02:14:22.687763+00:00,1779934462687,delta,0.961,0.88,0.9205,-0.081,0.12,0.039,0.0795,-0.081,50.0,0.0
2026-05-28T02:14:22.688622+00:00,1779934462688,delta,0.961,0.88,0.9205,-0.081,0.12,0.039,0.0795,-0.081,50.0,0.0
2026-05-28T02:14:22.689219+00:00,1779934462689,delta,0.961,0.88,0.9205,-0.081,0.12,0.039,0.0795,-0.081,50.0,0.0
2026-05-28T02:14:22.689847+00:00,1779934462689,delta,0.961,0.88,0.9205,-0.081,0.12,0.039,0.0795,-0.081,50.0,0.0
2026-05-28T02:14:22.690393+00:00,1779934462690,delta,0.961,0.88,0.9205,-0.081,0.12,0.039,0.0795,-0.081,230.0,0.0
2026-05-28T02:14:22.712158+00:00,1779934462712,delta,0.961,0.88,0.9205,-0.081,0.12,0.039,0.0795,-0.081,230.0,0.0
2026-05-28T02:14:22.713750+00:00,1779934462713,delta,0.961,0.88,0.9205,-0.081,0.12,0.039,0.0795,-0.081,230.0,0.0
2026-05-28T02:14:22.714389+00:00,1779934462714,delta,0.961,0.88,0.9205,-0.081,0.12,0.039,0.0795,-0.081,230.0,0.0
2026-05-28T02:14:22.715284+00:00,1779934462715,delta,0.961,0.88,0.9205,-0.081,0.12,0.039,0.0795,-0.081,430.0,0.0
2026-05-28T02:14:22.715806+00:00,1779934462715,delta,0.961,0.88,0.9205,-0.081,0.12,0.039,0.0795,-0.081,430.0,0.0
2026-05-28T02:14:22.716233+00:00,1779934462716,delta,0.961,0.88,0.9205,-0.081,0.12,0.039,0.0795,-0.081,430.0,0.0
2026-05-28T02:14:22.716649+00:00,1779934462716,delta,0.961,0.88,0.9205,-0.081,0.12,0.039,0.0795,-0.081,430.0,0.0
2026-05-28T02:14:22.717133+00:00,1779934462717,delta,0.961,0.88,0.9205,-0.081,0.12,0.039,0.0795,-0.081,430.0,0.0
2026-05-28T02:14:22.742073+00:00,1779934462742,delta,0.961,0.88,0.9205,-0.081,0.12,0.039,0.0795,-0.081,430.0,0.0
2026-05-28T02:14:22.742734+00:00,1779934462742,delta,0.961,0.88,0.9205,-0.081,0.12,0.039,0.0795,-0.081,430.0,0.0
2026-05-28T02:14:22.743264+00:00,1779934462743,delta,0.961,0.88,0.9205,-0.081,0.12,0.039,0.0795,-0.081,430.0,0.0
2026-05-28T02:14:22.743783+00:00,1779934462743,delta,0.961,0.88,0.9205,-0.081,0.12,0.039,0.0795,-0.081,430.0,0.0
2026-05-28T02:14:22.770322+00:00,1779934462770,delta,0.961,0.88,0.9205,-0.081,0.12,0.039,0.0795,-0.081,380.0,0.0
2026-05-28T02:14:22.771190+00:00,1779934462771,delta,0.961,0.88,0.9205,-0.081,0.12,0.039,0.0795,-0.081,430.0,0.0
2026-05-28T02:14:22.771935+00:00,1779934462771,delta,0.961,0.88,0.9205,-0.081,0.12,0.039,0.0795,-0.081,430.0,0.0
2026-05-28T02:14:22.772536+00:00,1779934462772,delta,0.961,0.88,0.9205,-0.081,0.12,0.039,0.0795,-0.081,430.0,0.0
2026-05-28T02:14:22.773305+00:00,1779934462773,delta,0.961,0.88,0.9205,-0.081,0.12,0.039,0.0795,-0.081,430.0,0.0
2026-05-28T02:14:22.773974+00:00,1779934462773,delta,0.961,0.88,0.9205,-0.081,0.12,0.039,0.0795,-0.081,430.0,0.0
2026-05-28T02:14:22.774689+00:00,1779934462774,delta,0.961,0.88,0.9205,-0.081,0.12,0.039,0.0795,-0.081,430.0,0.0
2026-05-28T02:14:22.775198+00:00,1779934462775,delta,0.961,0.88,0.9205,-0.081,0.12,0.039,0.0795,-0.081,430.0,0.0
2026-05-28T02:14:22.775655+00:00,1779934462775,delta,0.961,0.88,0.9205,-0.081,0.12,0.039,0.0795,-0.081,430.0,0.0
2026-05-28T02:14:22.831528+00:00,1779934462831,delta,0.961,0.88,0.9205,-0.081,0.12,0.039,0.0795,-0.081,430.0,0.0
2026-05-28T02:14:22.832478+00:00,1779934462832,delta,0.961,0.88,0.9205,-0.081,0.12,0.039,0.0795,-0.081,430.0,0.0
2026-05-28T02:14:22.833158+00:00,1779934462833,delta,0.961,0.88,0.9205,-0.081,0.12,0.039,0.0795,-0.081,430.0,0.0
2026-05-28T02:14:22.833772+00:00,1779934462833,delta,0.961,0.88,0.9205,-0.081,0.12,0.039,0.0795,-0.081,430.0,0.0
2026-05-28T02:14:22.834358+00:00,1779934462834,delta,0.961,0.88,0.9205,-0.081,0.12,0.039,0.0795,-0.081,430.0,0.0
2026-05-28T02:14:22.834993+00:00,1779934462834,delta,0.961,0.88,0.9205,-0.081,0.12,0.039,0.0795,-0.081,250.0,0.0
2026-05-28T02:14:22.836259+00:00,1779934462836,delta,0.961,0.88,0.9205,-0.081,0.12,0.039,0.0795,-0.081,50.0,0.0
2026-05-28T02:14:22.837270+00:00,1779934462837,delta,0.961,0.88,0.9205,-0.081,0.12,0.039,0.0795,-0.081,50.0,0.0
2026-05-28T02:14:22.837778+00:00,1779934462837,delta,0.961,0.88,0.9205,-0.081,0.12,0.039,0.0795,-0.081,50.0,0.0
2026-05-28T02:14:22.838189+00:00,1779934462838,delta,0.961,0.88,0.9205,-0.081,0.12,0.039,0.0795,-0.081,81.86,0.0
2026-05-28T02:14:22.855593+00:00,1779934462855,delta,0.961,0.88,0.9205,-0.081,0.12,0.039,0.0795,-0.081,81.86,0.0
2026-05-28T02:14:22.856780+00:00,1779934462856,delta,0.961,0.88,0.9205,-0.081,0.12,0.039,0.0795,-0.081,81.86,0.0
2026-05-28T02:14:22.857333+00:00,1779934462857,delta,0.961,0.88,0.9205,-0.081,0.12,0.039,0.0795,-0.081,81.86,0.0
2026-05-28T02:14:22.904250+00:00,1779934462904,delta,0.961,0.88,0.9205,-0.081,0.12,0.039,0.0795,-0.081,81.86,0.0
2026-05-28T02:14:22.905365+00:00,1779934462905,delta,0.961,0.88,0.9205,-0.081,0.12,0.039,0.0795,-0.081,81.86,0.0
2026-05-28T02:14:22.906144+00:00,1779934462906,delta,0.961,0.88,0.9205,-0.081,0.12,0.039,0.0795,-0.081,81.86,0.0
2026-05-28T02:14:22.906911+00:00,1779934462906,delta,0.961,0.88,0.9205,-0.081,0.12,0.039,0.0795,-0.081,261.86,0.0
2026-05-28T02:14:22.907625+00:00,1779934462907,delta,0.961,0.88,0.9205,-0.081,0.12,0.039,0.0795,-0.081,461.86,0.0
2026-05-28T02:14:22.908259+00:00,1779934462908,delta,0.961,0.88,0.9205,-0.081,0.12,0.039,0.0795,-0.081,430.0,0.0
2026-05-28T02:14:22.908866+00:00,1779934462908,delta,0.961,0.88,0.9205,-0.081,0.12,0.039,0.0795,-0.081,430.0,0.0
2026-05-28T02:14:22.909346+00:00,1779934462909,delta,0.961,0.88,0.9205,-0.081,0.12,0.039,0.0795,-0.081,430.0,0.0
2026-05-28T02:14:22.909814+00:00,1779934462909,delta,0.961,0.88,0.9205,-0.081,0.12,0.039,0.0795,-0.081,430.0,0.0
2026-05-28T02:14:22.911647+00:00,1779934462911,delta,0.961,0.88,0.9205,-0.081,0.12,0.039,0.0795,-0.081,430.0,0.0
2026-05-28T02:14:22.912412+00:00,1779934462912,delta,0.961,0.88,0.9205,-0.081,0.12,0.039,0.0795,-0.081,430.0,0.0
2026-05-28T02:14:22.913076+00:00,1779934462913,delta,0.961,0.88,0.9205,-0.081,0.12,0.039,0.0795,-0.081,430.0,0.0
2026-05-28T02:14:22.913529+00:00,1779934462913,delta,0.961,0.88,0.9205,-0.081,0.12,0.039,0.0795,-0.081,430.0,0.0
2026-05-28T02:14:22.916379+00:00,1779934462916,delta,0.961,0.88,0.9205,-0.081,0.12,0.039,0.0795,-0.081,430.0,0.0
2026-05-28T02:14:22.938489+00:00,1779934462938,delta,0.961,0.88,0.9205,-0.081,0.12,0.039,0.0795,-0.081,411.93,0.0
2026-05-28T02:14:22.939239+00:00,1779934462939,delta,0.961,0.88,0.9205,-0.081,0.12,0.039,0.0795,-0.081,430.0,0.0
2026-05-28T02:14:22.939980+00:00,1779934462939,delta,0.961,0.88,0.9205,-0.081,0.12,0.039,0.0795,-0.081,430.0,0.0
2026-05-28T02:14:22.940697+00:00,1779934462940,delta,0.961,0.88,0.9205,-0.081,0.12,0.039,0.0795,-0.081,412.94,0.0
2026-05-28T02:14:22.941289+00:00,1779934462941,delta,0.961,0.88,0.9205,-0.081,0.12,0.039,0.0795,-0.081,412.94,0.0
2026-05-28T02:14:22.941715+00:00,1779934462941,delta,0.961,0.88,0.9205,-0.081,0.12,0.039,0.0795,-0.081,412.94,0.0
2026-05-28T02:14:22.946532+00:00,1779934462946,delta,0.961,0.88,0.9205,-0.081,0.12,0.039,0.0795,-0.081,400.94,0.0
2026-05-28T02:14:22.947608+00:00,1779934462947,delta,0.961,0.88,0.9205,-0.081,0.12,0.039,0.0795,-0.081,400.94,0.0
2026-05-28T02:14:22.948291+00:00,1779934462948,delta,0.961,0.88,0.9205,-0.081,0.12,0.039,0.0795,-0.081,400.94,0.0
2026-05-28T02:14:22.948802+00:00,1779934462948,delta,0.961,0.88,0.9205,-0.081,0.12,0.039,0.0795,-0.081,432.77,0.0
2026-05-28T02:14:22.977442+00:00,1779934462977,delta,0.961,0.88,0.9205,-0.081,0.12,0.039,0.0795,-0.081,432.77,0.0
2026-05-28T02:14:22.978325+00:00,1779934462978,delta,0.961,0.88,0.9205,-0.081,0.12,0.039,0.0795,-0.081,432.77,0.0
2026-05-28T02:14:22.978865+00:00,1779934462978,delta,0.961,0.88,0.9205,-0.081,0.12,0.039,0.0795,-0.081,232.77,0.0
2026-05-28T02:14:22.979401+00:00,1779934462979,delta,0.961,0.88,0.9205,-0.081,0.12,0.039,0.0795,-0.081,52.77,0.0
2026-05-28T02:14:23.060047+00:00,1779934463060,delta,0.961,0.88,0.9205,-0.081,0.12,0.039,0.0795,-0.081,52.77,0.0
2026-05-28T02:14:23.061618+00:00,1779934463061,delta,0.961,0.88,0.9205,-0.081,0.12,0.039,0.0795,-0.081,52.77,0.0
2026-05-28T02:14:23.062610+00:00,1779934463062,delta,0.961,0.88,0.9205,-0.081,0.12,0.039,0.0795,-0.081,52.77,0.0
2026-05-28T02:14:23.063526+00:00,1779934463063,delta,0.961,0.88,0.9205,-0.081,0.12,0.039,0.0795,-0.081,20.94,0.0
2026-05-28T02:14:23.087613+00:00,1779934463087,delta,0.961,0.88,0.9205,-0.081,0.12,0.039,0.0795,-0.081,220.94,0.0
2026-05-28T02:14:23.088888+00:00,1779934463088,delta,0.961,0.88,0.9205,-0.081,0.12,0.039,0.0795,-0.081,400.94,0.0
2026-05-28T02:14:23.089634+00:00,1779934463089,delta,0.961,0.88,0.9205,-0.081,0.12,0.039,0.0795,-0.081,400.94,0.0
2026-05-28T02:14:23.090232+00:00,1779934463090,delta,0.961,0.88,0.9205,-0.081,0.12,0.039,0.0795,-0.081,400.94,0.0
2026-05-28T02:14:23.090986+00:00,1779934463090,delta,0.961,0.88,0.9205,-0.081,0.12,0.039,0.0795,-0.081,380.0,0.0
2026-05-28T02:14:23.091652+00:00,1779934463091,delta,0.961,0.88,0.9205,-0.081,0.12,0.039,0.0795,-0.081,374.23,0.0
2026-05-28T02:14:23.092236+00:00,1779934463092,delta,0.961,0.88,0.9205,-0.081,0.12,0.039,0.0795,-0.081,386.23,0.0
2026-05-28T02:14:23.092697+00:00,1779934463092,delta,0.961,0.88,0.9205,-0.081,0.12,0.039,0.0795,-0.081,418.03,0.0
2026-05-28T02:14:23.093102+00:00,1779934463093,delta,0.961,0.88,0.9205,-0.081,0.12,0.039,0.0795,-0.081,418.03,0.0
2026-05-28T02:14:23.093539+00:00,1779934463093,delta,0.961,0.88,0.9205,-0.081,0.12,0.039,0.0795,-0.081,418.03,0.0
2026-05-28T02:14:23.093911+00:00,1779934463093,delta,0.961,0.88,0.9205,-0.081,0.12,0.039,0.0795,-0.081,418.03,0.0
2026-05-28T02:14:23.094286+00:00,1779934463094,delta,0.961,0.88,0.9205,-0.081,0.12,0.039,0.0795,-0.081,418.03,0.0
2026-05-28T02:14:23.094654+00:00,1779934463094,delta,0.961,0.88,0.9205,-0.081,0.12,0.039,0.0795,-0.081,418.03,0.0
2026-05-28T02:14:23.095052+00:00,1779934463095,delta,0.961,0.88,0.9205,-0.081,0.12,0.039,0.0795,-0.081,618.03,0.0
2026-05-28T02:14:23.095456+00:00,1779934463095,delta,0.961,0.88,0.9205,-0.081,0.12,0.039,0.0795,-0.081,618.03,0.0
2026-05-28T02:14:23.105703+00:00,1779934463105,delta,0.961,0.88,0.9205,-0.081,0.12,0.039,0.0795,-0.081,668.03,0.0
2026-05-28T02:14:23.124564+00:00,1779934463124,delta,0.961,0.88,0.9205,-0.081,0.12,0.039,0.0795,-0.081,668.03,0.0
2026-05-28T02:14:23.125240+00:00,1779934463125,delta,0.961,0.88,0.9205,-0.081,0.12,0.039,0.0795,-0.081,668.03,0.0
2026-05-28T02:14:23.125958+00:00,1779934463125,delta,0.961,0.88,0.9205,-0.081,0.12,0.039,0.0795,-0.081,636.23,0.0
2026-05-28T02:14:23.126531+00:00,1779934463126,delta,0.961,0.88,0.9205,-0.081,0.12,0.039,0.0795,-0.081,442.0,0.0
2026-05-28T02:14:23.126984+00:00,1779934463126,delta,0.961,0.88,0.9205,-0.081,0.12,0.039,0.0795,-0.081,262.0,0.0
2026-05-28T02:14:23.153827+00:00,1779934463153,delta,0.961,0.88,0.9205,-0.081,0.12,0.039,0.0795,-0.081,262.0,0.0
2026-05-28T02:14:23.154672+00:00,1779934463154,delta,0.961,0.88,0.9205,-0.081,0.12,0.039,0.0795,-0.081,262.0,0.0
2026-05-28T02:14:23.155225+00:00,1779934463155,delta,0.961,0.88,0.9205,-0.081,0.12,0.039,0.0795,-0.081,231.76,0.0
2026-05-28T02:14:23.178476+00:00,1779934463178,delta,0.961,0.88,0.9205,-0.081,0.12,0.039,0.0795,-0.081,411.76,0.0
2026-05-28T02:14:23.179314+00:00,1779934463179,delta,0.961,0.88,0.9205,-0.081,0.12,0.039,0.0795,-0.081,611.76,0.0
2026-05-28T02:14:23.179935+00:00,1779934463179,delta,0.961,0.88,0.9205,-0.081,0.12,0.039,0.0795,-0.081,642.0,0.0
2026-05-28T02:14:23.180635+00:00,1779934463180,delta,0.961,0.88,0.9205,-0.081,0.12,0.039,0.0795,-0.081,642.0,0.0
2026-05-28T02:14:23.181198+00:00,1779934463181,delta,0.961,0.88,0.9205,-0.081,0.12,0.039,0.0795,-0.081,642.0,0.0
2026-05-28T02:14:23.181675+00:00,1779934463181,delta,0.961,0.88,0.9205,-0.081,0.12,0.039,0.0795,-0.081,642.0,0.0
2026-05-28T02:14:23.204009+00:00,1779934463204,delta,0.961,0.88,0.9205,-0.081,0.12,0.039,0.0795,-0.081,442.0,0.0
2026-05-28T02:14:23.205225+00:00,1779934463205,delta,0.961,0.88,0.9205,-0.081,0.12,0.039,0.0795,-0.081,442.0,0.0
2026-05-28T02:14:23.205821+00:00,1779934463205,delta,0.961,0.88,0.9205,-0.081,0.12,0.039,0.0795,-0.081,442.0,0.0
2026-05-28T02:14:23.206316+00:00,1779934463206,delta,0.961,0.88,0.9205,-0.081,0.12,0.039,0.0795,-0.081,442.0,0.0
2026-05-28T02:14:23.206840+00:00,1779934463206,delta,0.961,0.88,0.9205,-0.081,0.12,0.039,0.0795,-0.081,442.0,0.0
2026-05-28T02:14:23.207360+00:00,1779934463207,delta,0.961,0.88,0.9205,-0.081,0.12,0.039,0.0795,-0.081,442.0,0.0
2026-05-28T02:14:23.207936+00:00,1779934463207,delta,0.961,0.88,0.9205,-0.081,0.12,0.039,0.0795,-0.081,442.0,0.0
2026-05-28T02:14:23.208391+00:00,1779934463208,delta,0.961,0.88,0.9205,-0.081,0.12,0.039,0.0795,-0.081,442.0,0.0
2026-05-28T02:14:23.208764+00:00,1779934463208,delta,0.961,0.88,0.9205,-0.081,0.12,0.039,0.0795,-0.081,442.0,0.0
2026-05-28T02:14:23.229108+00:00,1779934463229,delta,0.961,0.88,0.9205,-0.081,0.12,0.039,0.0795,-0.081,392.0,0.0
2026-05-28T02:14:23.230094+00:00,1779934463230,delta,0.961,0.88,0.9205,-0.081,0.12,0.039,0.0795,-0.081,442.0,0.0
2026-05-28T02:14:23.230833+00:00,1779934463230,delta,0.961,0.88,0.9205,-0.081,0.12,0.039,0.0795,-0.081,442.0,0.0
2026-05-28T02:14:23.231454+00:00,1779934463231,delta,0.961,0.88,0.9205,-0.081,0.12,0.039,0.0795,-0.081,442.0,0.0
2026-05-28T02:14:23.231928+00:00,1779934463231,delta,0.961,0.88,0.9205,-0.081,0.12,0.039,0.0795,-0.081,442.0,0.0
2026-05-28T02:14:23.232365+00:00,1779934463232,delta,0.961,0.88,0.9205,-0.081,0.12,0.039,0.0795,-0.081,442.0,0.0
2026-05-28T02:14:23.232801+00:00,1779934463232,delta,0.961,0.88,0.9205,-0.081,0.12,0.039,0.0795,-0.081,442.0,0.0
2026-05-28T02:14:23.233311+00:00,1779934463233,delta,0.961,0.88,0.9205,-0.081,0.12,0.039,0.0795,-0.081,605.0,0.0
2026-05-28T02:14:23.261253+00:00,1779934463261,delta,0.961,0.88,0.9205,-0.081,0.12,0.039,0.0795,-0.081,405.0,0.0
2026-05-28T02:14:23.262150+00:00,1779934463262,delta,0.961,0.88,0.9205,-0.081,0.12,0.039,0.0795,-0.081,225.0,0.0
2026-05-28T02:14:23.262844+00:00,1779934463262,delta,0.961,0.88,0.9205,-0.081,0.12,0.039,0.0795,-0.081,225.0,0.0
2026-05-28T02:14:23.263357+00:00,1779934463263,delta,0.961,0.88,0.9205,-0.081,0.12,0.039,0.0795,-0.081,225.0,0.0
2026-05-28T02:14:23.263894+00:00,1779934463263,delta,0.961,0.88,0.9205,-0.081,0.12,0.039,0.0795,-0.081,225.0,0.0
2026-05-28T02:14:23.264402+00:00,1779934463264,delta,0.961,0.88,0.9205,-0.081,0.12,0.039,0.0795,-0.081,225.0,0.0
2026-05-28T02:14:23.264800+00:00,1779934463264,delta,0.961,0.88,0.9205,-0.081,0.12,0.039,0.0795,-0.081,225.0,0.0
2026-05-28T02:14:23.265234+00:00,1779934463265,delta,0.961,0.88,0.9205,-0.081,0.12,0.039,0.0795,-0.081,225.0,0.0
2026-05-28T02:14:23.265792+00:00,1779934463265,delta,0.961,0.88,0.9205,-0.081,0.12,0.039,0.0795,-0.081,225.0,0.0
2026-05-28T02:14:23.266188+00:00,1779934463266,delta,0.961,0.88,0.9205,-0.081,0.12,0.039,0.0795,-0.081,225.0,0.0
2026-05-28T02:14:23.312516+00:00,1779934463312,delta,0.961,0.88,0.9205,-0.081,0.12,0.039,0.0795,-0.081,225.0,0.0
2026-05-28T02:14:23.313445+00:00,1779934463313,delta,0.961,0.88,0.9205,-0.081,0.12,0.039,0.0795,-0.081,225.0,0.0
2026-05-28T02:14:23.314136+00:00,1779934463314,delta,0.961,0.88,0.9205,-0.081,0.12,0.039,0.0795,-0.081,250.0,0.0
2026-05-28T02:14:23.314606+00:00,1779934463314,delta,0.961,0.88,0.9205,-0.081,0.12,0.039,0.0795,-0.081,250.0,0.0
2026-05-28T02:14:23.315178+00:00,1779934463315,delta,0.961,0.88,0.9205,-0.081,0.12,0.039,0.0795,-0.081,430.0,0.0
2026-05-28T02:14:23.315623+00:00,1779934463315,delta,0.961,0.88,0.9205,-0.081,0.12,0.039,0.0795,-0.081,430.0,0.0
2026-05-28T02:14:23.316090+00:00,1779934463316,delta,0.961,0.88,0.9205,-0.081,0.12,0.039,0.0795,-0.081,430.0,0.0
2026-05-28T02:14:23.316528+00:00,1779934463316,delta,0.961,0.88,0.9205,-0.081,0.12,0.039,0.0795,-0.081,430.0,0.0
2026-05-28T02:14:23.316926+00:00,1779934463316,delta,0.961,0.88,0.9205,-0.081,0.12,0.039,0.0795,-0.081,430.0,0.0
2026-05-28T02:14:23.317351+00:00,1779934463317,delta,0.961,0.88,0.9205,-0.081,0.12,0.039,0.0795,-0.081,430.0,0.0
2026-05-28T02:14:23.317754+00:00,1779934463317,delta,0.961,0.88,0.9205,-0.081,0.12,0.039,0.0795,-0.081,430.0,0.0
2026-05-28T02:14:23.318159+00:00,1779934463318,delta,0.961,0.88,0.9205,-0.081,0.12,0.039,0.0795,-0.081,430.0,0.0
2026-05-28T02:14:23.318724+00:00,1779934463318,delta,0.961,0.88,0.9205,-0.081,0.12,0.039,0.0795,-0.081,430.0,0.0
2026-05-28T02:14:23.320027+00:00,1779934463320,delta,0.961,0.88,0.9205,-0.081,0.12,0.039,0.0795,-0.081,430.0,0.0
2026-05-28T02:14:23.320728+00:00,1779934463320,delta,0.961,0.88,0.9205,-0.081,0.12,0.039,0.0795,-0.081,430.0,0.0
2026-05-28T02:14:23.321201+00:00,1779934463321,delta,0.961,0.88,0.9205,-0.081,0.12,0.039,0.0795,-0.081,430.0,0.0
2026-05-28T02:14:23.339119+00:00,1779934463339,delta,0.961,0.88,0.9205,-0.081,0.12,0.039,0.0795,-0.081,555.0,0.0
2026-05-28T02:14:23.339840+00:00,1779934463339,delta,0.961,0.88,0.9205,-0.081,0.12,0.039,0.0795,-0.081,430.0,0.0
2026-05-28T02:14:23.340494+00:00,1779934463340,delta,0.961,0.88,0.9205,-0.081,0.12,0.039,0.0795,-0.081,430.0,0.0
2026-05-28T02:14:23.369772+00:00,1779934463369,delta,0.961,0.88,0.9205,-0.081,0.12,0.039,0.0795,-0.081,430.0,0.0
2026-05-28T02:14:23.371541+00:00,1779934463371,delta,0.961,0.88,0.9205,-0.081,0.12,0.039,0.0795,-0.081,462.92,0.0
2026-05-28T02:14:23.372352+00:00,1779934463372,delta,0.961,0.88,0.9205,-0.081,0.12,0.039,0.0795,-0.081,462.92,0.0
2026-05-28T02:14:23.372932+00:00,1779934463372,delta,0.961,0.88,0.9205,-0.081,0.12,0.039,0.0795,-0.081,462.92,0.0
2026-05-28T02:14:23.392707+00:00,1779934463392,delta,0.961,0.88,0.9205,-0.081,0.12,0.039,0.0795,-0.081,430.0,0.0
2026-05-28T02:14:23.393542+00:00,1779934463393,delta,0.961,0.88,0.9205,-0.081,0.12,0.039,0.0795,-0.081,430.0,0.0
2026-05-28T02:14:23.394342+00:00,1779934463394,delta,0.961,0.88,0.9205,-0.081,0.12,0.039,0.0795,-0.081,430.0,0.0
2026-05-28T02:14:23.395003+00:00,1779934463395,delta,0.961,0.88,0.9205,-0.081,0.12,0.039,0.0795,-0.081,430.0,0.0
2026-05-28T02:14:23.395589+00:00,1779934463395,delta,0.961,0.88,0.9205,-0.081,0.12,0.039,0.0795,-0.081,250.0,0.0
2026-05-28T02:14:23.396088+00:00,1779934463396,delta,0.961,0.88,0.9205,-0.081,0.12,0.039,0.0795,-0.081,60.0,0.0
2026-05-28T02:14:23.396567+00:00,1779934463396,delta,0.961,0.88,0.9205,-0.081,0.12,0.039,0.0795,-0.081,60.0,0.0
2026-05-28T02:14:23.397005+00:00,1779934463397,delta,0.961,0.88,0.9205,-0.081,0.12,0.039,0.0795,-0.081,60.0,0.0
2026-05-28T02:14:23.417956+00:00,1779934463417,delta,0.961,0.88,0.9205,-0.081,0.12,0.039,0.0795,-0.081,60.0,0.0
2026-05-28T02:14:23.419180+00:00,1779934463419,delta,0.961,0.88,0.9205,-0.081,0.12,0.039,0.0795,-0.081,91.85,0.0
2026-05-28T02:14:23.420460+00:00,1779934463420,delta,0.961,0.88,0.9205,-0.081,0.12,0.039,0.0795,-0.081,91.85,0.0
2026-05-28T02:14:23.421120+00:00,1779934463421,delta,0.961,0.88,0.9205,-0.081,0.12,0.039,0.0795,-0.081,88.71,0.0
2026-05-28T02:14:23.421607+00:00,1779934463421,delta,0.961,0.88,0.9205,-0.081,0.12,0.039,0.0795,-0.081,258.71,0.0
2026-05-28T02:14:23.421975+00:00,1779934463421,delta,0.961,0.88,0.9205,-0.081,0.12,0.039,0.0795,-0.081,258.71,0.0
2026-05-28T02:14:23.422333+00:00,1779934463422,delta,0.961,0.88,0.9205,-0.081,0.12,0.039,0.0795,-0.081,258.71,0.0
2026-05-28T02:14:23.447965+00:00,1779934463447,delta,0.961,0.88,0.9205,-0.081,0.12,0.039,0.0795,-0.081,211.85,0.0
2026-05-28T02:14:23.448686+00:00,1779934463448,delta,0.961,0.88,0.9205,-0.081,0.12,0.039,0.0795,-0.081,211.85,0.0
2026-05-28T02:14:23.449390+00:00,1779934463449,delta,0.961,0.88,0.9205,-0.081,0.12,0.039,0.0795,-0.081,211.85,0.0
2026-05-28T02:14:23.449947+00:00,1779934463449,delta,0.961,0.88,0.9205,-0.081,0.12,0.039,0.0795,-0.081,190.0,0.0
2026-05-28T02:14:23.450418+00:00,1779934463450,delta,0.961,0.88,0.9205,-0.081,0.12,0.039,0.0795,-0.081,223.02,0.0
2026-05-28T02:14:23.450842+00:00,1779934463450,delta,0.961,0.88,0.9205,-0.081,0.12,0.039,0.0795,-0.081,423.02,0.0
2026-05-28T02:14:23.481745+00:00,1779934463481,delta,0.961,0.88,0.9205,-0.081,0.12,0.039,0.0795,-0.081,390.0,0.0
2026-05-28T02:14:23.482499+00:00,1779934463482,delta,0.961,0.88,0.9205,-0.081,0.12,0.039,0.0795,-0.081,390.0,0.0
2026-05-28T02:14:23.482990+00:00,1779934463482,delta,0.961,0.88,0.9205,-0.081,0.12,0.039,0.0795,-0.081,390.0,0.0
2026-05-28T02:14:23.483478+00:00,1779934463483,delta,0.961,0.88,0.9205,-0.081,0.12,0.039,0.0795,-0.081,390.0,0.0
2026-05-28T02:14:23.484002+00:00,1779934463484,delta,0.961,0.88,0.9205,-0.081,0.12,0.039,0.0795,-0.081,372.94,0.0
2026-05-28T02:14:23.514468+00:00,1779934463514,delta,0.961,0.88,0.9205,-0.081,0.12,0.039,0.0795,-0.081,372.94,0.0
2026-05-28T02:14:23.515138+00:00,1779934463515,delta,0.961,0.88,0.9205,-0.081,0.12,0.039,0.0795,-0.081,372.94,0.0
2026-05-28T02:14:23.515974+00:00,1779934463515,delta,0.961,0.88,0.9205,-0.081,0.12,0.039,0.0795,-0.081,372.94,0.0
2026-05-28T02:14:23.516646+00:00,1779934463516,delta,0.961,0.88,0.9205,-0.081,0.12,0.039,0.0795,-0.081,210.0,0.0
2026-05-28T02:14:23.517253+00:00,1779934463517,delta,0.961,0.88,0.9205,-0.081,0.12,0.039,0.0795,-0.081,185.0,0.0
2026-05-28T02:14:23.517689+00:00,1779934463517,delta,0.961,0.88,0.9205,-0.081,0.12,0.039,0.0795,-0.081,41.82,0.0
2026-05-28T02:14:23.544605+00:00,1779934463544,delta,0.961,0.88,0.9205,-0.081,0.12,0.039,0.0795,-0.081,206.82,0.0
2026-05-28T02:14:23.545256+00:00,1779934463545,delta,0.961,0.88,0.9205,-0.081,0.12,0.039,0.0795,-0.081,42.82,0.0
2026-05-28T02:14:23.549729+00:00,1779934463549,delta,0.961,0.88,0.9205,-0.081,0.12,0.039,0.0795,-0.081,42.82,0.0
2026-05-28T02:14:23.550339+00:00,1779934463550,delta,0.961,0.88,0.9205,-0.081,0.12,0.039,0.0795,-0.081,42.82,0.0
2026-05-28T02:14:23.550989+00:00,1779934463550,delta,0.961,0.88,0.9205,-0.081,0.12,0.039,0.0795,-0.081,42.82,0.0
2026-05-28T02:14:23.551441+00:00,1779934463551,delta,0.961,0.88,0.9205,-0.081,0.12,0.039,0.0795,-0.081,42.82,0.0
2026-05-28T02:14:23.571620+00:00,1779934463571,delta,0.961,0.88,0.9205,-0.081,0.12,0.039,0.0795,-0.081,391.0,0.0
2026-05-28T02:14:23.572431+00:00,1779934463572,delta,0.961,0.88,0.9205,-0.081,0.12,0.039,0.0795,-0.081,391.0,0.0
2026-05-28T02:14:23.573021+00:00,1779934463573,delta,0.961,0.88,0.9205,-0.081,0.12,0.039,0.0795,-0.081,391.0,0.0
2026-05-28T02:14:23.602206+00:00,1779934463602,delta,0.961,0.88,0.9205,-0.081,0.12,0.039,0.0795,-0.081,191.0,0.0
2026-05-28T02:14:23.604173+00:00,1779934463604,delta,0.961,0.88,0.9205,-0.081,0.12,0.039,0.0795,-0.081,186.0,0.0
2026-05-28T02:14:23.604984+00:00,1779934463604,delta,0.961,0.88,0.9205,-0.081,0.12,0.039,0.0795,-0.081,186.0,0.0
2026-05-28T02:14:23.605682+00:00,1779934463605,delta,0.961,0.88,0.9205,-0.081,0.12,0.039,0.0795,-0.081,186.0,0.0
2026-05-28T02:14:23.606456+00:00,1779934463606,delta,0.961,0.88,0.9205,-0.081,0.12,0.039,0.0795,-0.081,43.96,0.0
2026-05-28T02:14:23.607064+00:00,1779934463607,delta,0.961,0.88,0.9205,-0.081,0.12,0.039,0.0795,-0.081,43.96,0.0
2026-05-28T02:14:23.607507+00:00,1779934463607,delta,0.961,0.88,0.9205,-0.081,0.12,0.039,0.0795,-0.081,43.96,0.0
2026-05-28T02:14:23.607922+00:00,1779934463607,delta,0.961,0.88,0.9205,-0.081,0.12,0.039,0.0795,-0.081,42.96,0.0
2026-05-28T02:14:23.608349+00:00,1779934463608,delta,0.961,0.88,0.9205,-0.081,0.12,0.039,0.0795,-0.081,42.96,0.0
2026-05-28T02:14:23.608820+00:00,1779934463608,delta,0.961,0.88,0.9205,-0.081,0.12,0.039,0.0795,-0.081,92.96,0.0
2026-05-28T02:14:23.609311+00:00,1779934463609,delta,0.961,0.88,0.9205,-0.081,0.12,0.039,0.0795,-0.081,92.96,0.0
2026-05-28T02:14:23.634596+00:00,1779934463634,delta,0.961,0.88,0.9205,-0.081,0.12,0.039,0.0795,-0.081,92.96,0.0
2026-05-28T02:14:23.635463+00:00,1779934463635,delta,0.961,0.88,0.9205,-0.081,0.12,0.039,0.0795,-0.081,92.96,0.0
2026-05-28T02:14:23.636775+00:00,1779934463636,delta,0.961,0.88,0.9205,-0.081,0.12,0.039,0.0795,-0.081,92.96,0.0
2026-05-28T02:14:23.637465+00:00,1779934463637,delta,0.961,0.88,0.9205,-0.081,0.12,0.039,0.0795,-0.081,82.96,0.0
2026-05-28T02:14:23.638026+00:00,1779934463638,delta,0.961,0.88,0.9205,-0.081,0.12,0.039,0.0795,-0.081,91.96,0.0
2026-05-28T02:14:23.638521+00:00,1779934463638,delta,0.961,0.88,0.9205,-0.081,0.12,0.039,0.0795,-0.081,91.96,0.0
2026-05-28T02:14:23.638942+00:00,1779934463638,delta,0.961,0.88,0.9205,-0.081,0.12,0.039,0.0795,-0.081,91.96,0.0
2026-05-28T02:14:23.639376+00:00,1779934463639,delta,0.961,0.88,0.9205,-0.081,0.12,0.039,0.0795,-0.081,216.96,0.0
2026-05-28T02:14:23.639776+00:00,1779934463639,delta,0.961,0.88,0.9205,-0.081,0.12,0.039,0.0795,-0.081,216.96,0.0
2026-05-28T02:14:23.640176+00:00,1779934463640,delta,0.961,0.88,0.9205,-0.081,0.12,0.039,0.0795,-0.081,216.96,0.0
2026-05-28T02:14:23.640700+00:00,1779934463640,delta,0.961,0.88,0.9205,-0.081,0.12,0.039,0.0795,-0.081,216.96,0.0
2026-05-28T02:14:23.659720+00:00,1779934463659,delta,0.961,0.88,0.9205,-0.081,0.12,0.039,0.0795,-0.081,216.96,0.0
2026-05-28T02:14:23.660328+00:00,1779934463660,delta,0.961,0.88,0.9205,-0.081,0.12,0.039,0.0795,-0.081,216.96,0.0
2026-05-28T02:14:23.660901+00:00,1779934463660,delta,0.961,0.88,0.9205,-0.081,0.12,0.039,0.0795,-0.081,241.96,0.0
2026-05-28T02:14:23.661401+00:00,1779934463661,delta,0.961,0.88,0.9205,-0.081,0.12,0.039,0.0795,-0.081,241.96,0.0
2026-05-28T02:14:23.661857+00:00,1779934463661,delta,0.961,0.88,0.9205,-0.081,0.12,0.039,0.0795,-0.081,241.96,0.0
2026-05-28T02:14:23.662239+00:00,1779934463662,delta,0.961,0.88,0.9205,-0.081,0.12,0.039,0.0795,-0.081,241.96,0.0
2026-05-28T02:14:23.662781+00:00,1779934463662,delta,0.961,0.88,0.9205,-0.081,0.12,0.039,0.0795,-0.081,421.96,0.0
2026-05-28T02:14:23.663252+00:00,1779934463663,delta,0.961,0.88,0.9205,-0.081,0.12,0.039,0.0795,-0.081,389.0,0.0
2026-05-28T02:14:23.687092+00:00,1779934463687,delta,0.961,0.88,0.9205,-0.081,0.12,0.039,0.0795,-0.081,389.0,0.0
2026-05-28T02:14:23.687955+00:00,1779934463687,delta,0.961,0.88,0.9205,-0.081,0.12,0.039,0.0795,-0.081,389.0,0.0
2026-05-28T02:14:23.688710+00:00,1779934463688,delta,0.961,0.88,0.9205,-0.081,0.12,0.039,0.0795,-0.081,389.0,0.0
2026-05-28T02:14:23.689265+00:00,1779934463689,delta,0.961,0.88,0.9205,-0.081,0.12,0.039,0.0795,-0.081,389.0,0.0
2026-05-28T02:14:23.689800+00:00,1779934463689,delta,0.961,0.88,0.9205,-0.081,0.12,0.039,0.0795,-0.081,389.0,0.0
2026-05-28T02:14:23.690269+00:00,1779934463690,delta,0.961,0.88,0.9205,-0.081,0.12,0.039,0.0795,-0.081,389.0,0.0
2026-05-28T02:14:23.690732+00:00,1779934463690,delta,0.961,0.88,0.9205,-0.081,0.12,0.039,0.0795,-0.081,189.0,0.0
2026-05-28T02:14:23.691206+00:00,1779934463691,delta,0.961,0.88,0.9205,-0.081,0.12,0.039,0.0795,-0.081,42.02,0.0
2026-05-28T02:14:23.715996+00:00,1779934463715,delta,0.961,0.88,0.9205,-0.081,0.12,0.039,0.0795,-0.081,184.0,0.0
2026-05-28T02:14:23.716838+00:00,1779934463716,delta,0.961,0.88,0.9205,-0.081,0.12,0.039,0.0795,-0.081,184.0,0.0
2026-05-28T02:14:23.717527+00:00,1779934463717,delta,0.961,0.88,0.9205,-0.081,0.12,0.039,0.0795,-0.081,184.0,0.0
2026-05-28T02:14:23.720188+00:00,1779934463720,delta,0.961,0.88,0.9205,-0.081,0.12,0.039,0.0795,-0.081,184.0,0.0
2026-05-28T02:14:23.720936+00:00,1779934463720,delta,0.961,0.88,0.9205,-0.081,0.12,0.039,0.0795,-0.081,184.0,0.0
2026-05-28T02:14:23.721510+00:00,1779934463721,delta,0.961,0.88,0.9205,-0.081,0.12,0.039,0.0795,-0.081,184.0,0.0
2026-05-28T02:14:23.740138+00:00,1779934463740,delta,0.961,0.88,0.9205,-0.081,0.12,0.039,0.0795,-0.081,184.0,0.0
2026-05-28T02:14:23.740879+00:00,1779934463740,delta,0.961,0.88,0.9205,-0.081,0.12,0.039,0.0795,-0.081,364.0,0.0
2026-05-28T02:14:23.741481+00:00,1779934463741,delta,0.961,0.88,0.9205,-0.081,0.12,0.039,0.0795,-0.081,564.0,0.0
2026-05-28T02:14:23.742066+00:00,1779934463742,delta,0.961,0.88,0.9205,-0.081,0.12,0.039,0.0795,-0.081,564.0,0.0
2026-05-28T02:14:23.742515+00:00,1779934463742,delta,0.961,0.88,0.9205,-0.081,0.12,0.039,0.0795,-0.081,564.0,0.0
2026-05-28T02:14:23.743006+00:00,1779934463743,delta,0.961,0.88,0.9205,-0.081,0.12,0.039,0.0795,-0.081,730.0,0.0
2026-05-28T02:14:23.743459+00:00,1779934463743,delta,0.961,0.88,0.9205,-0.081,0.12,0.039,0.0795,-0.081,566.0,0.0
2026-05-28T02:14:23.747954+00:00,1779934463747,delta,0.961,0.88,0.9205,-0.081,0.12,0.039,0.0795,-0.081,566.0,0.0
2026-05-28T02:14:23.754322+00:00,1779934463754,delta,0.961,0.88,0.9205,-0.081,0.12,0.039,0.0795,-0.081,566.0,0.0
2026-05-28T02:14:23.754980+00:00,1779934463754,delta,0.961,0.88,0.9205,-0.081,0.12,0.039,0.0795,-0.081,566.0,0.0
2026-05-28T02:14:23.755547+00:00,1779934463755,delta,0.961,0.88,0.9205,-0.081,0.12,0.039,0.0795,-0.081,566.0,0.0
2026-05-28T02:14:23.756063+00:00,1779934463756,delta,0.961,0.88,0.9205,-0.081,0.12,0.039,0.0795,-0.081,566.0,0.0
2026-05-28T02:14:23.756527+00:00,1779934463756,delta,0.961,0.88,0.9205,-0.081,0.12,0.039,0.0795,-0.081,566.0,0.0
2026-05-28T02:14:23.770364+00:00,1779934463770,delta,0.961,0.88,0.9205,-0.081,0.12,0.039,0.0795,-0.081,566.0,0.0
2026-05-28T02:14:23.771070+00:00,1779934463771,delta,0.961,0.88,0.9205,-0.081,0.12,0.039,0.0795,-0.081,566.0,0.0
2026-05-28T02:14:23.771591+00:00,1779934463771,delta,0.961,0.88,0.9205,-0.081,0.12,0.039,0.0795,-0.081,566.0,0.0
2026-05-28T02:14:23.772022+00:00,1779934463772,delta,0.961,0.88,0.9205,-0.081,0.12,0.039,0.0795,-0.081,566.0,0.0
2026-05-28T02:14:23.772450+00:00,1779934463772,delta,0.961,0.88,0.9205,-0.081,0.12,0.039,0.0795,-0.081,566.0,0.0
2026-05-28T02:14:23.772859+00:00,1779934463772,delta,0.961,0.88,0.9205,-0.081,0.12,0.039,0.0795,-0.081,566.0,0.0
2026-05-28T02:14:23.773237+00:00,1779934463773,delta,0.961,0.88,0.9205,-0.081,0.12,0.039,0.0795,-0.081,566.0,0.0
2026-05-28T02:14:23.795991+00:00,1779934463795,delta,0.961,0.88,0.9205,-0.081,0.12,0.039,0.0795,-0.081,566.0,0.0
2026-05-28T02:14:23.796747+00:00,1779934463796,delta,0.961,0.88,0.9205,-0.081,0.12,0.039,0.0795,-0.081,565.0,0.0
2026-05-28T02:14:23.797326+00:00,1779934463797,delta,0.961,0.88,0.9205,-0.081,0.12,0.039,0.0795,-0.081,365.0,0.0
2026-05-28T02:14:23.797773+00:00,1779934463797,delta,0.961,0.88,0.9205,-0.081,0.12,0.039,0.0795,-0.081,185.0,0.0
2026-05-28T02:14:23.798226+00:00,1779934463798,delta,0.961,0.88,0.9205,-0.081,0.12,0.039,0.0795,-0.081,185.0,0.0
2026-05-28T02:14:23.798682+00:00,1779934463798,delta,0.961,0.88,0.9205,-0.081,0.12,0.039,0.0795,-0.081,185.0,0.0
2026-05-28T02:14:23.799210+00:00,1779934463799,delta,0.961,0.88,0.9205,-0.081,0.12,0.039,0.0795,-0.081,185.0,0.0
2026-05-28T02:14:23.799750+00:00,1779934463799,delta,0.961,0.88,0.9205,-0.081,0.12,0.039,0.0795,-0.081,185.0,0.0
2026-05-28T02:14:23.800252+00:00,1779934463800,delta,0.961,0.88,0.9205,-0.081,0.12,0.039,0.0795,-0.081,185.0,0.0
2026-05-28T02:14:23.827343+00:00,1779934463827,delta,0.961,0.88,0.9205,-0.081,0.12,0.039,0.0795,-0.081,177.46,0.0
2026-05-28T02:14:23.828169+00:00,1779934463828,delta,0.961,0.88,0.9205,-0.081,0.12,0.039,0.0795,-0.081,177.46,0.0
2026-05-28T02:14:23.828737+00:00,1779934463828,delta,0.961,0.88,0.9205,-0.081,0.12,0.039,0.0795,-0.081,177.46,0.0
2026-05-28T02:14:23.829205+00:00,1779934463829,delta,0.961,0.88,0.9205,-0.081,0.12,0.039,0.0795,-0.081,177.46,0.0
2026-05-28T02:14:23.829683+00:00,1779934463829,delta,0.961,0.88,0.9205,-0.081,0.12,0.039,0.0795,-0.081,177.46,0.0
2026-05-28T02:14:23.830215+00:00,1779934463830,delta,0.961,0.88,0.9205,-0.081,0.12,0.039,0.0795,-0.081,177.46,0.0
2026-05-28T02:14:23.830703+00:00,1779934463830,delta,0.961,0.88,0.9205,-0.081,0.12,0.039,0.0795,-0.081,216.46,0.0
2026-05-28T02:14:23.831230+00:00,1779934463831,delta,0.961,0.88,0.9205,-0.081,0.12,0.039,0.0795,-0.081,216.46,0.0
2026-05-28T02:14:23.831680+00:00,1779934463831,delta,0.961,0.88,0.9205,-0.081,0.12,0.039,0.0795,-0.081,216.46,0.0
2026-05-28T02:14:23.832124+00:00,1779934463832,delta,0.961,0.88,0.9205,-0.081,0.12,0.039,0.0795,-0.081,249.38,0.0
2026-05-28T02:14:23.850462+00:00,1779934463850,delta,0.961,0.88,0.9205,-0.081,0.12,0.039,0.0795,-0.081,249.38,0.0
2026-05-28T02:14:23.851105+00:00,1779934463851,delta,0.961,0.88,0.9205,-0.081,0.12,0.039,0.0795,-0.081,249.38,0.0
2026-05-28T02:14:23.851737+00:00,1779934463851,delta,0.961,0.88,0.9205,-0.081,0.12,0.039,0.0795,-0.081,449.38,0.0
2026-05-28T02:14:23.854029+00:00,1779934463854,delta,0.961,0.88,0.9205,-0.081,0.12,0.039,0.0795,-0.081,629.38,0.0
2026-05-28T02:14:23.880998+00:00,1779934463880,delta,0.961,0.88,0.9205,-0.081,0.12,0.039,0.0795,-0.081,629.38,0.0
2026-05-28T02:14:23.881852+00:00,1779934463881,delta,0.961,0.88,0.9205,-0.081,0.12,0.039,0.0795,-0.081,596.46,0.0
2026-05-28T02:14:23.882690+00:00,1779934463882,delta,0.961,0.88,0.9205,-0.081,0.12,0.039,0.0795,-0.081,596.46,0.0
2026-05-28T02:14:23.883462+00:00,1779934463883,delta,0.961,0.88,0.9205,-0.081,0.12,0.039,0.0795,-0.081,607.46,0.0
2026-05-28T02:14:23.904275+00:00,1779934463904,delta,0.961,0.88,0.9205,-0.081,0.12,0.039,0.0795,-0.081,407.46,0.0
2026-05-28T02:14:23.904953+00:00,1779934463904,delta,0.961,0.88,0.9205,-0.081,0.12,0.039,0.0795,-0.081,227.46,0.0
2026-05-28T02:14:23.905462+00:00,1779934463905,delta,0.961,0.88,0.9205,-0.081,0.12,0.039,0.0795,-0.081,207.46,0.0
2026-05-28T02:14:23.905929+00:00,1779934463905,delta,0.961,0.88,0.9205,-0.081,0.12,0.039,0.0795,-0.081,207.46,0.0
2026-05-28T02:14:23.906390+00:00,1779934463906,delta,0.961,0.88,0.9205,-0.081,0.12,0.039,0.0795,-0.081,207.46,0.0
2026-05-28T02:14:23.906941+00:00,1779934463906,delta,0.961,0.88,0.9205,-0.081,0.12,0.039,0.0795,-0.081,177.46,0.0
2026-05-28T02:14:23.907445+00:00,1779934463907,delta,0.961,0.88,0.9205,-0.081,0.12,0.039,0.0795,-0.081,177.46,0.0
2026-05-28T02:14:23.907937+00:00,1779934463907,delta,0.961,0.88,0.9205,-0.081,0.12,0.039,0.0795,-0.081,177.46,0.0
2026-05-28T02:14:23.908385+00:00,1779934463908,delta,0.961,0.88,0.9205,-0.081,0.12,0.039,0.0795,-0.081,177.46,0.0
2026-05-28T02:14:23.908842+00:00,1779934463908,delta,0.961,0.88,0.9205,-0.081,0.12,0.039,0.0795,-0.081,209.31,0.0
2026-05-28T02:14:23.931873+00:00,1779934463931,delta,0.961,0.88,0.9205,-0.081,0.12,0.039,0.0795,-0.081,209.31,0.0
2026-05-28T02:14:23.932676+00:00,1779934463932,delta,0.961,0.88,0.9205,-0.081,0.12,0.039,0.0795,-0.081,209.31,0.0
2026-05-28T02:14:23.933546+00:00,1779934463933,delta,0.961,0.88,0.9205,-0.081,0.12,0.039,0.0795,-0.081,209.31,0.0
2026-05-28T02:14:23.934209+00:00,1779934463934,delta,0.961,0.88,0.9205,-0.081,0.12,0.039,0.0795,-0.081,222.85,0.0
2026-05-28T02:14:23.934783+00:00,1779934463934,delta,0.961,0.88,0.9205,-0.081,0.12,0.039,0.0795,-0.081,422.85,0.0
2026-05-28T02:14:23.961316+00:00,1779934463961,delta,0.961,0.88,0.9205,-0.081,0.12,0.039,0.0795,-0.081,422.85,0.0
2026-05-28T02:14:23.962260+00:00,1779934463962,delta,0.961,0.88,0.9205,-0.081,0.12,0.039,0.0795,-0.081,422.85,0.0
2026-05-28T02:14:23.962906+00:00,1779934463962,delta,0.961,0.88,0.9205,-0.081,0.12,0.039,0.0795,-0.081,422.85,0.0
2026-05-28T02:14:23.963424+00:00,1779934463963,delta,0.961,0.88,0.9205,-0.081,0.12,0.039,0.0795,-0.081,422.85,0.0
2026-05-28T02:14:23.963986+00:00,1779934463963,delta,0.961,0.88,0.9205,-0.081,0.12,0.039,0.0795,-0.081,422.85,0.0
2026-05-28T02:14:23.964485+00:00,1779934463964,delta,0.961,0.88,0.9205,-0.081,0.12,0.039,0.0795,-0.081,422.85,0.0
2026-05-28T02:14:23.987610+00:00,1779934463987,delta,0.961,0.88,0.9205,-0.081,0.12,0.039,0.0795,-0.081,422.85,0.0
2026-05-28T02:14:23.988312+00:00,1779934463988,delta,0.961,0.88,0.9205,-0.081,0.12,0.039,0.0795,-0.081,362.68,0.0
2026-05-28T02:14:24.035231+00:00,1779934464035,delta,0.961,0.88,0.9205,-0.081,0.12,0.039,0.0795,-0.081,330.83,0.0
2026-05-28T02:14:24.037137+00:00,1779934464037,delta,0.961,0.88,0.9205,-0.081,0.12,0.039,0.0795,-0.081,330.83,0.0
2026-05-28T02:14:24.037776+00:00,1779934464037,delta,0.961,0.88,0.9205,-0.081,0.12,0.039,0.0795,-0.081,330.83,0.0
2026-05-28T02:14:24.038283+00:00,1779934464038,delta,0.961,0.88,0.9205,-0.081,0.12,0.039,0.0795,-0.081,330.83,0.0
2026-05-28T02:14:24.038752+00:00,1779934464038,delta,0.961,0.88,0.9205,-0.081,0.12,0.039,0.0795,-0.081,330.83,0.0
2026-05-28T02:14:24.039347+00:00,1779934464039,delta,0.961,0.88,0.9205,-0.081,0.12,0.039,0.0795,-0.081,494.83,0.0
2026-05-28T02:14:24.039852+00:00,1779934464039,delta,0.961,0.88,0.9205,-0.081,0.12,0.039,0.0795,-0.081,350.0,0.0
2026-05-28T02:14:24.040427+00:00,1779934464040,delta,0.961,0.88,0.9205,-0.081,0.12,0.039,0.0795,-0.081,317.34,0.0
2026-05-28T02:14:24.041128+00:00,1779934464041,delta,0.961,0.88,0.9205,-0.081,0.12,0.039,0.0795,-0.081,317.34,0.0
2026-05-28T02:14:24.041663+00:00,1779934464041,delta,0.961,0.88,0.9205,-0.081,0.12,0.039,0.0795,-0.081,317.34,0.0
2026-05-28T02:14:24.046602+00:00,1779934464046,delta,0.961,0.88,0.9205,-0.081,0.12,0.039,0.0795,-0.081,317.34,0.0
2026-05-28T02:14:24.047295+00:00,1779934464047,delta,0.961,0.88,0.9205,-0.081,0.12,0.039,0.0795,-0.081,317.34,0.0
2026-05-28T02:14:24.047935+00:00,1779934464047,delta,0.961,0.88,0.9205,-0.081,0.12,0.039,0.0795,-0.081,317.34,0.0
2026-05-28T02:14:24.048404+00:00,1779934464048,delta,0.961,0.88,0.9205,-0.081,0.12,0.039,0.0795,-0.081,317.34,0.0
2026-05-28T02:14:24.048847+00:00,1779934464048,delta,0.961,0.88,0.9205,-0.081,0.12,0.039,0.0795,-0.081,317.34,0.0
2026-05-28T02:14:24.049273+00:00,1779934464049,delta,0.961,0.88,0.9205,-0.081,0.12,0.039,0.0795,-0.081,317.34,0.0
2026-05-28T02:14:24.049791+00:00,1779934464049,delta,0.961,0.88,0.9205,-0.081,0.12,0.039,0.0795,-0.081,317.34,0.0
2026-05-28T02:14:24.050362+00:00,1779934464050,delta,0.961,0.88,0.9205,-0.081,0.12,0.039,0.0795,-0.081,317.34,0.0
2026-05-28T02:14:24.051254+00:00,1779934464051,delta,0.961,0.88,0.9205,-0.081,0.12,0.039,0.0795,-0.081,317.34,0.0
2026-05-28T02:14:24.051826+00:00,1779934464051,delta,0.961,0.88,0.9205,-0.081,0.12,0.039,0.0795,-0.081,317.34,0.0
2026-05-28T02:14:24.071623+00:00,1779934464071,delta,0.961,0.88,0.9205,-0.081,0.12,0.039,0.0795,-0.081,317.34,0.0
2026-05-28T02:14:24.072365+00:00,1779934464072,delta,0.961,0.88,0.9205,-0.081,0.12,0.039,0.0795,-0.081,317.34,0.0
2026-05-28T02:14:24.078696+00:00,1779934464078,delta,0.961,0.88,0.9205,-0.081,0.12,0.039,0.0795,-0.081,317.34,0.0
2026-05-28T02:14:24.079364+00:00,1779934464079,delta,0.961,0.88,0.9205,-0.081,0.12,0.039,0.0795,-0.081,317.34,0.0
2026-05-28T02:14:24.079946+00:00,1779934464079,delta,0.961,0.88,0.9205,-0.081,0.12,0.039,0.0795,-0.081,317.34,0.0
2026-05-28T02:14:24.080580+00:00,1779934464080,delta,0.961,0.88,0.9205,-0.081,0.12,0.039,0.0795,-0.081,317.34,0.0
2026-05-28T02:14:24.080996+00:00,1779934464080,delta,0.961,0.88,0.9205,-0.081,0.12,0.039,0.0795,-0.081,317.34,0.0
2026-05-28T02:14:24.098197+00:00,1779934464098,delta,0.961,0.88,0.9205,-0.081,0.12,0.039,0.0795,-0.081,317.34,0.0
2026-05-28T02:14:24.098900+00:00,1779934464098,delta,0.961,0.88,0.9205,-0.081,0.12,0.039,0.0795,-0.081,152.34,0.0
2026-05-28T02:14:24.099413+00:00,1779934464099,delta,0.961,0.88,0.9205,-0.081,0.12,0.039,0.0795,-0.081,152.34,0.0
2026-05-28T02:14:24.099816+00:00,1779934464099,delta,0.961,0.88,0.9205,-0.081,0.12,0.039,0.0795,-0.081,184.06,0.0
2026-05-28T02:14:24.100220+00:00,1779934464100,delta,0.961,0.88,0.9205,-0.081,0.12,0.039,0.0795,-0.081,179.86,0.0
2026-05-28T02:14:24.100625+00:00,1779934464100,delta,0.961,0.88,0.9205,-0.081,0.12,0.039,0.0795,-0.081,179.86,0.0
2026-05-28T02:14:24.101027+00:00,1779934464101,delta,0.961,0.88,0.9205,-0.081,0.12,0.039,0.0795,-0.081,379.86,0.0
2026-05-28T02:14:24.126286+00:00,1779934464126,delta,0.961,0.88,0.9205,-0.081,0.12,0.039,0.0795,-0.081,379.86,0.0
2026-05-28T02:14:24.126989+00:00,1779934464126,delta,0.961,0.88,0.9205,-0.081,0.12,0.039,0.0795,-0.081,559.86,0.0
2026-05-28T02:14:24.127717+00:00,1779934464127,delta,0.961,0.88,0.9205,-0.081,0.12,0.039,0.0795,-0.081,559.86,0.0
2026-05-28T02:14:24.128301+00:00,1779934464128,delta,0.961,0.88,0.9205,-0.081,0.12,0.039,0.0795,-0.081,559.86,0.0
2026-05-28T02:14:24.128947+00:00,1779934464128,delta,0.961,0.88,0.9205,-0.081,0.12,0.039,0.0795,-0.081,557.52,0.0
2026-05-28T02:14:24.129575+00:00,1779934464129,delta,0.961,0.88,0.9205,-0.081,0.12,0.039,0.0795,-0.081,557.52,0.0
2026-05-28T02:14:24.150863+00:00,1779934464150,delta,0.961,0.88,0.9205,-0.081,0.12,0.039,0.0795,-0.081,557.52,0.0
2026-05-28T02:14:24.151519+00:00,1779934464151,delta,0.961,0.88,0.9205,-0.081,0.12,0.039,0.0795,-0.081,557.52,0.0
2026-05-28T02:14:24.152984+00:00,1779934464152,delta,0.961,0.88,0.9205,-0.081,0.12,0.039,0.0795,-0.081,557.52,0.0
2026-05-28T02:14:24.153751+00:00,1779934464153,delta,0.961,0.88,0.9205,-0.081,0.12,0.039,0.0795,-0.081,525.8,0.0
2026-05-28T02:14:24.181446+00:00,1779934464181,delta,0.961,0.88,0.9205,-0.081,0.12,0.039,0.0795,-0.081,328.14,0.0
2026-05-28T02:14:24.182165+00:00,1779934464182,delta,0.961,0.88,0.9205,-0.081,0.12,0.039,0.0795,-0.081,188.8,0.0
2026-05-28T02:14:24.182691+00:00,1779934464182,delta,0.961,0.88,0.9205,-0.081,0.12,0.039,0.0795,-0.081,188.8,0.0
2026-05-28T02:14:24.183121+00:00,1779934464183,delta,0.961,0.88,0.9205,-0.081,0.12,0.039,0.0795,-0.081,188.8,0.0
2026-05-28T02:14:24.200918+00:00,1779934464200,delta,0.961,0.88,0.9205,-0.081,0.12,0.039,0.0795,-0.081,188.8,0.0
2026-05-28T02:14:24.201856+00:00,1779934464201,delta,0.961,0.88,0.9205,-0.081,0.12,0.039,0.0795,-0.081,188.8,0.0
2026-05-28T02:14:24.203311+00:00,1779934464203,delta,0.961,0.88,0.9205,-0.081,0.12,0.039,0.0795,-0.081,220.48,0.0
2026-05-28T02:14:24.204045+00:00,1779934464204,delta,0.961,0.88,0.9205,-0.081,0.12,0.039,0.0795,-0.081,220.48,0.0
2026-05-28T02:14:24.204604+00:00,1779934464204,delta,0.961,0.88,0.9205,-0.081,0.12,0.039,0.0795,-0.081,220.48,0.0
2026-05-28T02:14:24.226567+00:00,1779934464226,delta,0.961,0.88,0.9205,-0.081,0.12,0.039,0.0795,-0.081,420.48,0.0
2026-05-28T02:14:24.255093+00:00,1779934464255,delta,0.961,0.88,0.9205,-0.081,0.12,0.039,0.0795,-0.081,420.48,0.0
2026-05-28T02:14:24.255899+00:00,1779934464255,delta,0.961,0.88,0.9205,-0.081,0.12,0.039,0.0795,-0.081,420.48,0.0
2026-05-28T02:14:24.256508+00:00,1779934464256,delta,0.961,0.88,0.9205,-0.081,0.12,0.039,0.0795,-0.081,379.82,0.0
2026-05-28T02:14:24.257069+00:00,1779934464257,delta,0.961,0.88,0.9205,-0.081,0.12,0.039,0.0795,-0.081,379.82,0.0
2026-05-28T02:14:24.257553+00:00,1779934464257,delta,0.961,0.88,0.9205,-0.081,0.12,0.039,0.0795,-0.081,379.82,0.0
2026-05-28T02:14:24.258030+00:00,1779934464258,delta,0.961,0.88,0.9205,-0.081,0.12,0.039,0.0795,-0.081,379.82,0.0
2026-05-28T02:14:24.258479+00:00,1779934464258,delta,0.961,0.88,0.9205,-0.081,0.12,0.039,0.0795,-0.081,379.82,0.0
2026-05-28T02:14:24.258898+00:00,1779934464258,delta,0.961,0.88,0.9205,-0.081,0.12,0.039,0.0795,-0.081,179.82,0.0
2026-05-28T02:14:24.259327+00:00,1779934464259,delta,0.961,0.88,0.9205,-0.081,0.12,0.039,0.0795,-0.081,179.82,0.0
2026-05-28T02:14:24.301112+00:00,1779934464301,delta,0.961,0.88,0.9205,-0.081,0.12,0.039,0.0795,-0.081,179.82,0.0
2026-05-28T02:14:24.305362+00:00,1779934464305,delta,0.961,0.88,0.9205,-0.081,0.12,0.039,0.0795,-0.081,176.63,0.0
2026-05-28T02:14:24.305983+00:00,1779934464305,delta,0.962,0.88,0.921,-0.082,0.12,0.038,0.079,-0.082,366.63,0.0
2026-05-28T02:14:24.306425+00:00,1779934464306,delta,0.962,0.88,0.921,-0.082,0.12,0.038,0.079,-0.082,366.63,0.0
2026-05-28T02:14:24.306866+00:00,1779934464306,delta,0.962,0.88,0.921,-0.082,0.12,0.038,0.079,-0.082,366.63,0.0
2026-05-28T02:14:24.307246+00:00,1779934464307,delta,0.962,0.88,0.921,-0.082,0.12,0.038,0.079,-0.082,546.63,0.0
2026-05-28T02:14:24.307708+00:00,1779934464307,delta,0.962,0.88,0.921,-0.082,0.12,0.038,0.079,-0.082,546.63,0.0
2026-05-28T02:14:24.308083+00:00,1779934464308,delta,0.962,0.88,0.921,-0.082,0.12,0.038,0.079,-0.082,546.63,0.0
2026-05-28T02:14:24.308452+00:00,1779934464308,delta,0.962,0.88,0.921,-0.082,0.12,0.038,0.079,-0.082,518.14,0.0
2026-05-28T02:14:24.308887+00:00,1779934464308,delta,0.962,0.88,0.921,-0.082,0.12,0.038,0.079,-0.082,518.14,0.0
2026-05-28T02:14:24.309272+00:00,1779934464309,delta,0.962,0.88,0.921,-0.082,0.12,0.038,0.079,-0.082,568.14,0.0
2026-05-28T02:14:24.332305+00:00,1779934464332,delta,0.962,0.88,0.921,-0.082,0.12,0.038,0.079,-0.082,368.14,0.0
2026-05-28T02:14:24.333088+00:00,1779934464333,delta,0.961,0.88,0.9205,-0.081,0.12,0.039,0.0795,-0.081,198.14,0.0
2026-05-28T02:14:24.333670+00:00,1779934464333,delta,0.961,0.88,0.9205,-0.081,0.12,0.039,0.0795,-0.081,183.67,0.0
2026-05-28T02:14:24.334168+00:00,1779934464334,delta,0.961,0.88,0.9205,-0.081,0.12,0.039,0.0795,-0.081,183.67,0.0
2026-05-28T02:14:24.359692+00:00,1779934464359,delta,0.962,0.88,0.921,-0.082,0.12,0.038,0.079,-0.082,205.32,0.0
2026-05-28T02:14:24.387659+00:00,1779934464387,delta,0.962,0.88,0.921,-0.082,0.12,0.038,0.079,-0.082,205.32,0.0
2026-05-28T02:14:24.388560+00:00,1779934464388,delta,0.962,0.88,0.921,-0.082,0.12,0.038,0.079,-0.082,385.32,0.0
2026-05-28T02:14:24.389071+00:00,1779934464389,delta,0.962,0.88,0.921,-0.082,0.12,0.038,0.079,-0.082,585.32,0.0
2026-05-28T02:14:24.389565+00:00,1779934464389,delta,0.962,0.88,0.921,-0.082,0.12,0.038,0.079,-0.082,585.32,0.0
2026-05-28T02:14:24.389990+00:00,1779934464389,delta,0.962,0.88,0.921,-0.082,0.12,0.038,0.079,-0.082,585.32,0.0
2026-05-28T02:14:24.390440+00:00,1779934464390,delta,0.962,0.88,0.921,-0.082,0.12,0.038,0.079,-0.082,553.67,0.0
2026-05-28T02:14:24.416532+00:00,1779934464416,delta,0.962,0.88,0.921,-0.082,0.12,0.038,0.079,-0.082,518.14,0.0
2026-05-28T02:14:24.417243+00:00,1779934464417,delta,0.962,0.88,0.921,-0.082,0.12,0.038,0.079,-0.082,518.14,0.0
2026-05-28T02:14:24.418120+00:00,1779934464418,delta,0.962,0.88,0.921,-0.082,0.12,0.038,0.079,-0.082,518.14,0.0
2026-05-28T02:14:24.419887+00:00,1779934464419,delta,0.962,0.88,0.921,-0.082,0.12,0.038,0.079,-0.082,518.14,0.0
2026-05-28T02:14:24.421108+00:00,1779934464421,delta,0.962,0.88,0.921,-0.082,0.12,0.038,0.079,-0.082,318.14,0.0
2026-05-28T02:14:24.421648+00:00,1779934464421,delta,0.961,0.88,0.9205,-0.081,0.12,0.039,0.0795,-0.081,148.14,0.0
2026-05-28T02:14:24.441409+00:00,1779934464441,delta,0.961,0.88,0.9205,-0.081,0.12,0.039,0.0795,-0.081,148.14,0.0
2026-05-28T02:14:24.442312+00:00,1779934464442,delta,0.961,0.88,0.9205,-0.081,0.12,0.039,0.0795,-0.081,148.14,0.0
2026-05-28T02:14:24.442994+00:00,1779934464442,delta,0.961,0.88,0.9205,-0.081,0.12,0.039,0.0795,-0.081,148.14,0.0
2026-05-28T02:14:24.443640+00:00,1779934464443,delta,0.961,0.88,0.9205,-0.081,0.12,0.039,0.0795,-0.081,148.14,0.0
2026-05-28T02:14:24.444253+00:00,1779934464444,delta,0.961,0.88,0.9205,-0.081,0.12,0.039,0.0795,-0.081,148.14,0.0
2026-05-28T02:14:24.444734+00:00,1779934464444,delta,0.961,0.88,0.9205,-0.081,0.12,0.039,0.0795,-0.081,148.14,0.0
2026-05-28T02:14:24.445127+00:00,1779934464445,delta,0.961,0.88,0.9205,-0.081,0.12,0.039,0.0795,-0.081,148.14,0.0
2026-05-28T02:14:24.470778+00:00,1779934464470,delta,0.962,0.88,0.921,-0.082,0.12,0.038,0.079,-0.082,318.14,0.0
2026-05-28T02:14:24.471708+00:00,1779934464471,delta,0.962,0.88,0.921,-0.082,0.12,0.038,0.079,-0.082,518.14,0.0
2026-05-28T02:14:24.472273+00:00,1779934464472,delta,0.962,0.88,0.921,-0.082,0.12,0.038,0.079,-0.082,549.79,0.0
2026-05-28T02:14:24.472794+00:00,1779934464472,delta,0.962,0.88,0.921,-0.082,0.12,0.038,0.079,-0.082,518.14,0.0
2026-05-28T02:14:24.473272+00:00,1779934464473,delta,0.962,0.88,0.921,-0.082,0.12,0.038,0.079,-0.082,518.14,0.0
2026-05-28T02:14:24.473693+00:00,1779934464473,delta,0.962,0.88,0.921,-0.082,0.12,0.038,0.079,-0.082,518.14,0.0
2026-05-28T02:14:24.492387+00:00,1779934464492,delta,0.962,0.88,0.921,-0.082,0.12,0.038,0.079,-0.082,518.14,0.0
2026-05-28T02:14:24.493176+00:00,1779934464493,delta,0.962,0.88,0.921,-0.082,0.12,0.038,0.079,-0.082,518.14,0.0
2026-05-28T02:14:24.493802+00:00,1779934464493,delta,0.962,0.88,0.921,-0.082,0.12,0.038,0.079,-0.082,518.14,0.0
2026-05-28T02:14:24.494308+00:00,1779934464494,delta,0.962,0.88,0.921,-0.082,0.12,0.038,0.079,-0.082,518.14,0.0
2026-05-28T02:14:24.494710+00:00,1779934464494,delta,0.962,0.88,0.921,-0.082,0.12,0.038,0.079,-0.082,518.14,0.0
2026-05-28T02:14:24.495136+00:00,1779934464495,delta,0.962,0.88,0.921,-0.082,0.12,0.038,0.079,-0.082,518.14,0.0
2026-05-28T02:14:24.495553+00:00,1779934464495,delta,0.962,0.88,0.921,-0.082,0.12,0.038,0.079,-0.082,518.14,0.0
2026-05-28T02:14:24.495961+00:00,1779934464495,delta,0.962,0.88,0.921,-0.082,0.12,0.038,0.079,-0.082,338.14,0.0
2026-05-28T02:14:24.496353+00:00,1779934464496,delta,0.961,0.88,0.9205,-0.081,0.12,0.039,0.0795,-0.081,148.14,0.0
2026-05-28T02:14:24.506933+00:00,1779934464506,delta,0.961,0.88,0.9205,-0.081,0.12,0.039,0.0795,-0.081,148.14,0.0
2026-05-28T02:14:24.507813+00:00,1779934464507,delta,0.963,0.88,0.9215,-0.083,0.12,0.037,0.0785,-0.083,188.14,0.0
2026-05-28T02:14:24.508392+00:00,1779934464508,delta,0.963,0.88,0.9215,-0.083,0.12,0.037,0.0785,-0.083,188.14,0.0
2026-05-28T02:14:24.508943+00:00,1779934464508,delta,0.963,0.88,0.9215,-0.083,0.12,0.037,0.0785,-0.083,61.0,0.0
2026-05-28T02:14:24.509482+00:00,1779934464509,delta,0.963,0.88,0.9215,-0.083,0.12,0.037,0.0785,-0.083,61.0,0.0
2026-05-28T02:14:24.510000+00:00,1779934464510,delta,0.963,0.88,0.9215,-0.083,0.12,0.037,0.0785,-0.083,61.0,0.0
2026-05-28T02:14:24.510495+00:00,1779934464510,delta,0.963,0.88,0.9215,-0.083,0.12,0.037,0.0785,-0.083,61.0,0.0
2026-05-28T02:14:24.530318+00:00,1779934464530,delta,0.963,0.88,0.9215,-0.083,0.12,0.037,0.0785,-0.083,261.0,0.0
2026-05-28T02:14:24.531033+00:00,1779934464531,delta,0.963,0.88,0.9215,-0.083,0.12,0.037,0.0785,-0.083,441.0,0.0
2026-05-28T02:14:24.531610+00:00,1779934464531,delta,0.962,0.88,0.921,-0.082,0.12,0.038,0.079,-0.082,529.14,0.0
2026-05-28T02:14:24.532015+00:00,1779934464532,delta,0.962,0.88,0.921,-0.082,0.12,0.038,0.079,-0.082,529.14,0.0
2026-05-28T02:14:24.532417+00:00,1779934464532,delta,0.962,0.88,0.921,-0.082,0.12,0.038,0.079,-0.082,529.14,0.0
2026-05-28T02:14:24.532763+00:00,1779934464532,delta,0.962,0.88,0.921,-0.082,0.12,0.038,0.079,-0.082,529.14,0.0
2026-05-28T02:14:24.533152+00:00,1779934464533,delta,0.962,0.88,0.921,-0.082,0.12,0.038,0.079,-0.082,529.14,0.0
2026-05-28T02:14:24.533523+00:00,1779934464533,delta,0.962,0.88,0.921,-0.082,0.12,0.038,0.079,-0.082,529.14,0.0
2026-05-28T02:14:24.556080+00:00,1779934464556,delta,0.961,0.88,0.9205,-0.081,0.12,0.039,0.0795,-0.081,693.14,0.0
2026-05-28T02:14:24.556867+00:00,1779934464556,delta,0.961,0.88,0.9205,-0.081,0.12,0.039,0.0795,-0.081,529.14,0.0
2026-05-28T02:14:24.557539+00:00,1779934464557,delta,0.961,0.88,0.9205,-0.081,0.12,0.039,0.0795,-0.081,529.14,0.0
2026-05-28T02:14:24.558153+00:00,1779934464558,delta,0.963,0.88,0.9215,-0.083,0.12,0.037,0.0785,-0.083,549.76,0.0
2026-05-28T02:14:24.558632+00:00,1779934464558,delta,0.963,0.88,0.9215,-0.083,0.12,0.037,0.0785,-0.083,349.76,0.0
2026-05-28T02:14:24.584823+00:00,1779934464584,delta,0.963,0.88,0.9215,-0.083,0.12,0.037,0.0785,-0.083,349.76,0.0
2026-05-28T02:14:24.586572+00:00,1779934464586,delta,0.963,0.88,0.9215,-0.083,0.12,0.037,0.0785,-0.083,349.76,0.0
2026-05-28T02:14:24.587447+00:00,1779934464587,delta,0.961,0.88,0.9205,-0.081,0.12,0.039,0.0795,-0.081,329.14,0.0
2026-05-28T02:14:24.588076+00:00,1779934464588,delta,0.961,0.88,0.9205,-0.081,0.12,0.039,0.0795,-0.081,149.14,0.0
2026-05-28T02:14:24.588595+00:00,1779934464588,delta,0.961,0.88,0.9205,-0.081,0.12,0.039,0.0795,-0.081,149.14,0.0
2026-05-28T02:14:24.589054+00:00,1779934464589,delta,0.961,0.88,0.9205,-0.081,0.12,0.039,0.0795,-0.081,149.14,0.0
2026-05-28T02:14:24.589493+00:00,1779934464589,delta,0.963,0.88,0.9215,-0.083,0.12,0.037,0.0785,-0.083,338.14,0.0
2026-05-28T02:14:24.618740+00:00,1779934464618,delta,0.963,0.88,0.9215,-0.083,0.12,0.037,0.0785,-0.083,338.14,0.0
2026-05-28T02:14:24.621044+00:00,1779934464621,delta,0.963,0.88,0.9215,-0.083,0.12,0.037,0.0785,-0.083,338.14,0.0
2026-05-28T02:14:24.621758+00:00,1779934464621,delta,0.963,0.88,0.9215,-0.083,0.12,0.037,0.0785,-0.083,369.82,0.0
2026-05-28T02:14:24.643720+00:00,1779934464643,delta,0.961,0.88,0.9205,-0.081,0.12,0.039,0.0795,-0.081,180.82,0.0
2026-05-28T02:14:24.644352+00:00,1779934464644,delta,0.961,0.88,0.9205,-0.081,0.12,0.039,0.0795,-0.081,180.82,0.0
2026-05-28T02:14:24.644963+00:00,1779934464644,delta,0.964,0.88,0.922,-0.084,0.12,0.036,0.078,-0.084,349.82,0.0
2026-05-28T02:14:24.645492+00:00,1779934464645,delta,0.964,0.88,0.922,-0.084,0.12,0.036,0.078,-0.084,318.14,0.0
2026-05-28T02:14:24.645971+00:00,1779934464645,delta,0.964,0.88,0.922,-0.084,0.12,0.036,0.078,-0.084,211.62,0.0
2026-05-28T02:14:24.646412+00:00,1779934464646,delta,0.964,0.88,0.922,-0.084,0.12,0.036,0.078,-0.084,211.62,0.0
2026-05-28T02:14:24.646820+00:00,1779934464646,delta,0.964,0.88,0.922,-0.084,0.12,0.036,0.078,-0.084,211.62,0.0
2026-05-28T02:14:24.667183+00:00,1779934464667,delta,0.964,0.88,0.922,-0.084,0.12,0.036,0.078,-0.084,211.62,0.0
2026-05-28T02:14:24.667882+00:00,1779934464667,delta,0.964,0.88,0.922,-0.084,0.12,0.036,0.078,-0.084,211.62,0.0
2026-05-28T02:14:24.694133+00:00,1779934464694,delta,0.964,0.88,0.922,-0.084,0.12,0.036,0.078,-0.084,211.62,0.0
2026-05-28T02:14:24.694817+00:00,1779934464694,delta,0.964,0.88,0.922,-0.084,0.12,0.036,0.078,-0.084,211.62,0.0
2026-05-28T02:14:24.695505+00:00,1779934464695,delta,0.964,0.88,0.922,-0.084,0.12,0.036,0.078,-0.084,411.62,0.0
2026-05-28T02:14:24.696251+00:00,1779934464696,delta,0.964,0.88,0.922,-0.084,0.12,0.036,0.078,-0.084,411.62,0.0
2026-05-28T02:14:24.696791+00:00,1779934464696,delta,0.964,0.88,0.922,-0.084,0.12,0.036,0.078,-0.084,411.62,0.0
2026-05-28T02:14:24.697315+00:00,1779934464697,delta,0.964,0.88,0.922,-0.084,0.12,0.036,0.078,-0.084,518.14,0.0
2026-05-28T02:14:24.728793+00:00,1779934464728,delta,0.964,0.88,0.922,-0.084,0.12,0.036,0.078,-0.084,549.72,0.0
2026-05-28T02:14:24.729607+00:00,1779934464729,delta,0.964,0.88,0.922,-0.084,0.12,0.036,0.078,-0.084,549.72,0.0
2026-05-28T02:14:24.730563+00:00,1779934464730,delta,0.964,0.88,0.922,-0.084,0.12,0.036,0.078,-0.084,549.72,0.0
2026-05-28T02:14:24.731272+00:00,1779934464731,delta,0.964,0.88,0.922,-0.084,0.12,0.036,0.078,-0.084,549.72,0.0
2026-05-28T02:14:24.751869+00:00,1779934464751,delta,0.964,0.88,0.922,-0.084,0.12,0.036,0.078,-0.084,349.72,0.0
2026-05-28T02:14:24.754053+00:00,1779934464754,delta,0.964,0.88,0.922,-0.084,0.12,0.036,0.078,-0.084,169.72,0.0
2026-05-28T02:14:24.754667+00:00,1779934464754,delta,0.964,0.88,0.922,-0.084,0.12,0.036,0.078,-0.084,169.72,0.0
2026-05-28T02:14:24.755209+00:00,1779934464755,delta,0.964,0.88,0.922,-0.084,0.12,0.036,0.078,-0.084,169.72,0.0
2026-05-28T02:14:24.755630+00:00,1779934464755,delta,0.964,0.88,0.922,-0.084,0.12,0.036,0.078,-0.084,169.72,0.0
2026-05-28T02:14:24.756068+00:00,1779934464756,delta,0.964,0.88,0.922,-0.084,0.12,0.036,0.078,-0.084,169.72,0.0
2026-05-28T02:14:24.784165+00:00,1779934464784,delta,0.964,0.88,0.922,-0.084,0.12,0.036,0.078,-0.084,169.72,0.0
2026-05-28T02:14:24.784816+00:00,1779934464784,delta,0.964,0.88,0.922,-0.084,0.12,0.036,0.078,-0.084,169.72,0.0
2026-05-28T02:14:24.786071+00:00,1779934464786,delta,0.964,0.88,0.922,-0.084,0.12,0.036,0.078,-0.084,169.72,0.0
2026-05-28T02:14:24.787501+00:00,1779934464787,delta,0.964,0.88,0.922,-0.084,0.12,0.036,0.078,-0.084,169.72,0.0
2026-05-28T02:14:24.788044+00:00,1779934464788,delta,0.964,0.88,0.922,-0.084,0.12,0.036,0.078,-0.084,169.72,0.0
2026-05-28T02:14:24.788457+00:00,1779934464788,delta,0.964,0.88,0.922,-0.084,0.12,0.036,0.078,-0.084,169.72,0.0
2026-05-28T02:14:24.788853+00:00,1779934464788,delta,0.965,0.88,0.9225,-0.085,0.12,0.035,0.0775,-0.085,211.58,0.0
2026-05-28T02:14:24.789234+00:00,1779934464789,delta,0.965,0.88,0.9225,-0.085,0.12,0.035,0.0775,-0.085,411.58,0.0
2026-05-28T02:14:24.789699+00:00,1779934464789,delta,0.965,0.88,0.9225,-0.085,0.12,0.035,0.0775,-0.085,411.58,0.0
2026-05-28T02:14:24.812655+00:00,1779934464812,delta,0.965,0.88,0.9225,-0.085,0.12,0.035,0.0775,-0.085,411.58,0.0
2026-05-28T02:14:24.813272+00:00,1779934464813,delta,0.965,0.88,0.9225,-0.085,0.12,0.035,0.0775,-0.085,411.58,0.0
2026-05-28T02:14:24.813915+00:00,1779934464813,delta,0.965,0.88,0.9225,-0.085,0.12,0.035,0.0775,-0.085,411.58,0.0
2026-05-28T02:14:24.818978+00:00,1779934464818,delta,0.965,0.88,0.9225,-0.085,0.12,0.035,0.0775,-0.085,518.14,0.0
2026-05-28T02:14:24.820684+00:00,1779934464820,delta,0.965,0.88,0.9225,-0.085,0.12,0.035,0.0775,-0.085,338.14,0.0
2026-05-28T02:14:24.821303+00:00,1779934464821,delta,0.961,0.88,0.9205,-0.081,0.12,0.039,0.0795,-0.081,149.14,0.0
2026-05-28T02:14:24.821729+00:00,1779934464821,delta,0.961,0.88,0.9205,-0.081,0.12,0.039,0.0795,-0.081,11.0,0.0
2026-05-28T02:14:24.822123+00:00,1779934464822,delta,0.961,0.88,0.9205,-0.081,0.12,0.039,0.0795,-0.081,175.0,0.0
2026-05-28T02:14:24.822504+00:00,1779934464822,delta,0.961,0.88,0.9205,-0.081,0.12,0.039,0.0795,-0.081,168.52,0.0
2026-05-28T02:14:24.822919+00:00,1779934464822,delta,0.961,0.88,0.9205,-0.081,0.12,0.039,0.0795,-0.081,200.24,0.0
2026-05-28T02:14:24.823338+00:00,1779934464823,delta,0.961,0.88,0.9205,-0.081,0.12,0.039,0.0795,-0.081,200.24,0.0
2026-05-28T02:14:24.823716+00:00,1779934464823,delta,0.961,0.88,0.9205,-0.081,0.12,0.039,0.0795,-0.081,200.24,0.0
2026-05-28T02:14:24.824184+00:00,1779934464824,delta,0.961,0.88,0.9205,-0.081,0.12,0.039,0.0795,-0.081,200.24,0.0
2026-05-28T02:14:24.824547+00:00,1779934464824,delta,0.961,0.88,0.9205,-0.081,0.12,0.039,0.0795,-0.081,200.24,0.0
2026-05-28T02:14:24.824916+00:00,1779934464824,delta,0.961,0.88,0.9205,-0.081,0.12,0.039,0.0795,-0.081,200.24,0.0
2026-05-28T02:14:24.825339+00:00,1779934464825,delta,0.964,0.88,0.922,-0.084,0.12,0.036,0.078,-0.084,81.72,0.0
2026-05-28T02:14:24.841938+00:00,1779934464841,delta,0.964,0.88,0.922,-0.084,0.12,0.036,0.078,-0.084,81.72,0.0
2026-05-28T02:14:24.842575+00:00,1779934464842,delta,0.964,0.88,0.922,-0.084,0.12,0.036,0.078,-0.084,50.0,0.0
2026-05-28T02:14:24.867844+00:00,1779934464867,delta,0.965,0.88,0.9225,-0.085,0.12,0.035,0.0775,-0.085,230.0,0.0
2026-05-28T02:14:24.869749+00:00,1779934464869,delta,0.965,0.88,0.9225,-0.085,0.12,0.035,0.0775,-0.085,430.0,0.0
2026-05-28T02:14:24.870881+00:00,1779934464870,delta,0.965,0.88,0.9225,-0.085,0.12,0.035,0.0775,-0.085,430.0,0.0
2026-05-28T02:14:24.871931+00:00,1779934464871,delta,0.965,0.88,0.9225,-0.085,0.12,0.035,0.0775,-0.085,430.0,0.0
2026-05-28T02:14:24.872710+00:00,1779934464872,delta,0.965,0.88,0.9225,-0.085,0.12,0.035,0.0775,-0.085,430.0,0.0
2026-05-28T02:14:24.876398+00:00,1779934464876,delta,0.965,0.88,0.9225,-0.085,0.12,0.035,0.0775,-0.085,380.0,0.0
2026-05-28T02:14:24.877005+00:00,1779934464877,delta,0.965,0.88,0.9225,-0.085,0.12,0.035,0.0775,-0.085,380.0,0.0
2026-05-28T02:14:24.893841+00:00,1779934464893,delta,0.965,0.88,0.9225,-0.085,0.12,0.035,0.0775,-0.085,291.78,0.0
2026-05-28T02:14:24.894747+00:00,1779934464894,delta,0.965,0.88,0.9225,-0.085,0.12,0.035,0.0775,-0.085,291.78,0.0
2026-05-28T02:14:24.895350+00:00,1779934464895,delta,0.965,0.88,0.9225,-0.085,0.12,0.035,0.0775,-0.085,291.78,0.0
2026-05-28T02:14:24.895835+00:00,1779934464895,delta,0.965,0.88,0.9225,-0.085,0.12,0.035,0.0775,-0.085,291.78,0.0
2026-05-28T02:14:24.896338+00:00,1779934464896,delta,0.965,0.88,0.9225,-0.085,0.12,0.035,0.0775,-0.085,291.78,0.0
2026-05-28T02:14:24.896825+00:00,1779934464896,delta,0.965,0.88,0.9225,-0.085,0.12,0.035,0.0775,-0.085,291.78,0.0
2026-05-28T02:14:24.897285+00:00,1779934464897,delta,0.965,0.88,0.9225,-0.085,0.12,0.035,0.0775,-0.085,291.78,0.0
2026-05-28T02:14:24.897775+00:00,1779934464897,delta,0.965,0.88,0.9225,-0.085,0.12,0.035,0.0775,-0.085,291.78,0.0
2026-05-28T02:14:24.926165+00:00,1779934464926,delta,0.965,0.88,0.9225,-0.085,0.12,0.035,0.0775,-0.085,291.78,0.0
2026-05-28T02:14:24.926921+00:00,1779934464926,delta,0.965,0.88,0.9225,-0.085,0.12,0.035,0.0775,-0.085,200.0,0.0
2026-05-28T02:14:24.927488+00:00,1779934464927,delta,0.961,0.88,0.9205,-0.081,0.12,0.039,0.0795,-0.081,168.52,0.0
2026-05-28T02:14:24.927979+00:00,1779934464927,delta,0.961,0.88,0.9205,-0.081,0.12,0.039,0.0795,-0.081,168.52,0.0
2026-05-28T02:14:24.928410+00:00,1779934464928,delta,0.961,0.88,0.9205,-0.081,0.12,0.039,0.0795,-0.081,168.52,0.0
2026-05-28T02:14:24.928851+00:00,1779934464928,delta,0.961,0.88,0.9205,-0.081,0.12,0.039,0.0795,-0.081,168.52,0.0
2026-05-28T02:14:24.929233+00:00,1779934464929,delta,0.961,0.88,0.9205,-0.081,0.12,0.039,0.0795,-0.081,168.52,0.0
2026-05-28T02:14:24.929636+00:00,1779934464929,delta,0.961,0.88,0.9205,-0.081,0.12,0.039,0.0795,-0.081,168.52,0.0
2026-05-28T02:14:24.953561+00:00,1779934464953,delta,0.961,0.88,0.9205,-0.081,0.12,0.039,0.0795,-0.081,168.52,0.0
2026-05-28T02:14:24.954472+00:00,1779934464954,delta,0.961,0.88,0.9205,-0.081,0.12,0.039,0.0795,-0.081,168.52,0.0
2026-05-28T02:14:24.955170+00:00,1779934464955,delta,0.961,0.88,0.9205,-0.081,0.12,0.039,0.0795,-0.081,168.52,0.0
2026-05-28T02:14:24.955806+00:00,1779934464955,delta,0.961,0.88,0.9205,-0.081,0.12,0.039,0.0795,-0.081,168.52,0.0
2026-05-28T02:14:24.956364+00:00,1779934464956,delta,0.961,0.88,0.9205,-0.081,0.12,0.039,0.0795,-0.081,168.52,0.0
2026-05-28T02:14:24.956956+00:00,1779934464956,delta,0.961,0.88,0.9205,-0.081,0.12,0.039,0.0795,-0.081,168.52,0.0
2026-05-28T02:14:24.957746+00:00,1779934464957,delta,0.961,0.88,0.9205,-0.081,0.12,0.039,0.0795,-0.081,168.52,0.0
2026-05-28T02:14:24.989622+00:00,1779934464989,delta,0.961,0.88,0.9205,-0.081,0.12,0.039,0.0795,-0.081,180.0,0.0
2026-05-28T02:14:24.990442+00:00,1779934464990,delta,0.961,0.88,0.9205,-0.081,0.12,0.039,0.0795,-0.081,380.0,0.0
2026-05-28T02:14:24.991045+00:00,1779934464991,delta,0.961,0.88,0.9205,-0.081,0.12,0.039,0.0795,-0.081,380.0,0.0
2026-05-28T02:14:24.991692+00:00,1779934464991,delta,0.961,0.88,0.9205,-0.081,0.12,0.039,0.0795,-0.081,380.0,0.0
2026-05-28T02:14:24.992199+00:00,1779934464992,delta,0.961,0.88,0.9205,-0.081,0.12,0.039,0.0795,-0.081,380.0,0.0
2026-05-28T02:14:25.016538+00:00,1779934465016,delta,0.961,0.88,0.9205,-0.081,0.12,0.039,0.0795,-0.081,380.0,0.0
2026-05-28T02:14:25.017270+00:00,1779934465017,delta,0.961,0.88,0.9205,-0.081,0.12,0.039,0.0795,-0.081,380.0,0.0
2026-05-28T02:14:25.017771+00:00,1779934465017,delta,0.961,0.88,0.9205,-0.081,0.12,0.039,0.0795,-0.081,380.0,0.0
2026-05-28T02:14:25.018347+00:00,1779934465018,delta,0.961,0.88,0.9205,-0.081,0.12,0.039,0.0795,-0.081,372.0,0.0
2026-05-28T02:14:25.043668+00:00,1779934465043,delta,0.961,0.88,0.9205,-0.081,0.12,0.039,0.0795,-0.081,372.0,0.0
2026-05-28T02:14:25.044338+00:00,1779934465044,delta,0.961,0.88,0.9205,-0.081,0.12,0.039,0.0795,-0.081,372.0,0.0
2026-05-28T02:14:25.044869+00:00,1779934465044,delta,0.961,0.88,0.9205,-0.081,0.12,0.039,0.0795,-0.081,372.0,0.0
2026-05-28T02:14:25.076813+00:00,1779934465076,delta,0.961,0.88,0.9205,-0.081,0.12,0.039,0.0795,-0.081,372.0,0.0
2026-05-28T02:14:25.105021+00:00,1779934465105,delta,0.961,0.88,0.9205,-0.081,0.12,0.039,0.0795,-0.081,372.0,0.0
2026-05-28T02:14:25.105790+00:00,1779934465105,delta,0.961,0.88,0.9205,-0.081,0.12,0.039,0.0795,-0.081,372.0,0.0
2026-05-28T02:14:25.107466+00:00,1779934465107,delta,0.961,0.88,0.9205,-0.081,0.12,0.039,0.0795,-0.081,372.0,0.0
2026-05-28T02:14:25.108218+00:00,1779934465108,delta,0.961,0.88,0.9205,-0.081,0.12,0.039,0.0795,-0.081,422.0,0.0
2026-05-28T02:14:25.109071+00:00,1779934465109,delta,0.961,0.88,0.9205,-0.081,0.12,0.039,0.0795,-0.081,422.0,0.0
2026-05-28T02:14:25.109635+00:00,1779934465109,delta,0.961,0.88,0.9205,-0.081,0.12,0.039,0.0795,-0.081,422.0,0.0
2026-05-28T02:14:25.126229+00:00,1779934465126,delta,0.961,0.88,0.9205,-0.081,0.12,0.039,0.0795,-0.081,422.0,0.0
2026-05-28T02:14:25.126838+00:00,1779934465126,delta,0.961,0.88,0.9205,-0.081,0.12,0.039,0.0795,-0.081,422.0,0.0
2026-05-28T02:14:25.130212+00:00,1779934465130,delta,0.961,0.88,0.9205,-0.081,0.12,0.039,0.0795,-0.081,422.0,0.0
2026-05-28T02:14:25.151338+00:00,1779934465151,delta,0.961,0.88,0.9205,-0.081,0.12,0.039,0.0795,-0.081,453.75,0.0
2026-05-28T02:14:25.178484+00:00,1779934465178,delta,0.961,0.88,0.9205,-0.081,0.12,0.039,0.0795,-0.081,453.75,0.0
2026-05-28T02:14:25.179097+00:00,1779934465179,delta,0.961,0.88,0.9205,-0.081,0.12,0.039,0.0795,-0.081,453.75,0.0
2026-05-28T02:14:25.179658+00:00,1779934465179,delta,0.961,0.88,0.9205,-0.081,0.12,0.039,0.0795,-0.081,453.75,0.0
2026-05-28T02:14:25.180055+00:00,1779934465180,delta,0.961,0.88,0.9205,-0.081,0.12,0.039,0.0795,-0.081,453.75,0.0
2026-05-28T02:14:25.180476+00:00,1779934465180,delta,0.961,0.88,0.9205,-0.081,0.12,0.039,0.0795,-0.081,441.9,0.0
2026-05-28T02:14:25.209952+00:00,1779934465209,delta,0.961,0.88,0.9205,-0.081,0.12,0.039,0.0795,-0.081,441.9,0.0
2026-05-28T02:14:25.210794+00:00,1779934465210,delta,0.961,0.88,0.9205,-0.081,0.12,0.039,0.0795,-0.081,391.9,0.0
2026-05-28T02:14:25.211392+00:00,1779934465211,delta,0.961,0.88,0.9205,-0.081,0.12,0.039,0.0795,-0.081,441.9,0.0
2026-05-28T02:14:25.211857+00:00,1779934465211,delta,0.961,0.88,0.9205,-0.081,0.12,0.039,0.0795,-0.081,441.9,0.0
2026-05-28T02:14:25.212361+00:00,1779934465212,delta,0.961,0.88,0.9205,-0.081,0.12,0.039,0.0795,-0.081,441.9,0.0
2026-05-28T02:14:25.264370+00:00,1779934465264,delta,0.961,0.88,0.9205,-0.081,0.12,0.039,0.0795,-0.081,410.15,0.0
2026-05-28T02:14:25.265126+00:00,1779934465265,delta,0.961,0.88,0.9205,-0.081,0.12,0.039,0.0795,-0.081,410.15,0.0
2026-05-28T02:14:25.265780+00:00,1779934465265,delta,0.961,0.88,0.9205,-0.081,0.12,0.039,0.0795,-0.081,410.15,0.0
2026-05-28T02:14:25.266343+00:00,1779934465266,delta,0.961,0.88,0.9205,-0.081,0.12,0.039,0.0795,-0.081,250.0,0.0
2026-05-28T02:14:25.266915+00:00,1779934465266,delta,0.961,0.88,0.9205,-0.081,0.12,0.039,0.0795,-0.081,218.52,0.0
2026-05-28T02:14:25.292011+00:00,1779934465292,delta,0.961,0.88,0.9205,-0.081,0.12,0.039,0.0795,-0.081,218.52,0.0
2026-05-28T02:14:25.292888+00:00,1779934465292,delta,0.961,0.88,0.9205,-0.081,0.12,0.039,0.0795,-0.081,218.52,0.0
2026-05-28T02:14:25.293699+00:00,1779934465293,delta,0.961,0.88,0.9205,-0.081,0.12,0.039,0.0795,-0.081,218.52,0.0
2026-05-28T02:14:25.294286+00:00,1779934465294,delta,0.961,0.88,0.9205,-0.081,0.12,0.039,0.0795,-0.081,218.52,0.0
2026-05-28T02:14:25.294820+00:00,1779934465294,delta,0.961,0.88,0.9205,-0.081,0.12,0.039,0.0795,-0.081,218.52,0.0
2026-05-28T02:14:25.295401+00:00,1779934465295,delta,0.961,0.88,0.9205,-0.081,0.12,0.039,0.0795,-0.081,398.52,0.0
2026-05-28T02:14:25.295851+00:00,1779934465295,delta,0.961,0.88,0.9205,-0.081,0.12,0.039,0.0795,-0.081,598.52,0.0
2026-05-28T02:14:25.296310+00:00,1779934465296,delta,0.961,0.88,0.9205,-0.081,0.12,0.039,0.0795,-0.081,598.52,0.0
2026-05-28T02:14:25.296707+00:00,1779934465296,delta,0.961,0.88,0.9205,-0.081,0.12,0.039,0.0795,-0.081,598.52,0.0
2026-05-28T02:14:25.320706+00:00,1779934465320,delta,0.961,0.88,0.9205,-0.081,0.12,0.039,0.0795,-0.081,598.52,0.0
2026-05-28T02:14:25.321475+00:00,1779934465321,delta,0.961,0.88,0.9205,-0.081,0.12,0.039,0.0795,-0.081,630.24,0.0
2026-05-28T02:14:25.322055+00:00,1779934465322,delta,0.961,0.88,0.9205,-0.081,0.12,0.039,0.0795,-0.081,630.24,0.0
2026-05-28T02:14:25.322513+00:00,1779934465322,delta,0.961,0.88,0.9205,-0.081,0.12,0.039,0.0795,-0.081,630.24,0.0
2026-05-28T02:14:25.322922+00:00,1779934465322,delta,0.961,0.88,0.9205,-0.081,0.12,0.039,0.0795,-0.081,630.24,0.0
2026-05-28T02:14:25.323299+00:00,1779934465323,delta,0.961,0.88,0.9205,-0.081,0.12,0.039,0.0795,-0.081,630.24,0.0
2026-05-28T02:14:25.323668+00:00,1779934465323,delta,0.961,0.88,0.9205,-0.081,0.12,0.039,0.0795,-0.081,630.24,0.0
2026-05-28T02:14:25.324123+00:00,1779934465324,delta,0.961,0.88,0.9205,-0.081,0.12,0.039,0.0795,-0.081,630.24,0.0
2026-05-28T02:14:25.324569+00:00,1779934465324,delta,0.961,0.88,0.9205,-0.081,0.12,0.039,0.0795,-0.081,630.24,0.0
2026-05-28T02:14:25.345894+00:00,1779934465345,delta,0.961,0.88,0.9205,-0.081,0.12,0.039,0.0795,-0.081,580.24,0.0
2026-05-28T02:14:25.346552+00:00,1779934465346,delta,0.962,0.88,0.921,-0.082,0.12,0.038,0.079,-0.082,461.72,0.0
2026-05-28T02:14:25.347144+00:00,1779934465347,delta,0.962,0.88,0.921,-0.082,0.12,0.038,0.079,-0.082,430.0,0.0
2026-05-28T02:14:25.377127+00:00,1779934465377,delta,0.962,0.88,0.921,-0.082,0.12,0.038,0.079,-0.082,430.0,0.0
2026-05-28T02:14:25.382936+00:00,1779934465382,delta,0.962,0.88,0.921,-0.082,0.12,0.038,0.079,-0.082,430.0,0.0
2026-05-28T02:14:25.383820+00:00,1779934465383,delta,0.962,0.88,0.921,-0.082,0.12,0.038,0.079,-0.082,430.0,0.0
2026-05-28T02:14:25.384765+00:00,1779934465384,delta,0.962,0.88,0.921,-0.082,0.12,0.038,0.079,-0.082,430.0,0.0
2026-05-28T02:14:25.386052+00:00,1779934465386,delta,0.962,0.88,0.921,-0.082,0.12,0.038,0.079,-0.082,430.0,0.0
2026-05-28T02:14:25.387179+00:00,1779934465387,delta,0.962,0.88,0.921,-0.082,0.12,0.038,0.079,-0.082,430.0,0.0
2026-05-28T02:14:25.387655+00:00,1779934465387,delta,0.962,0.88,0.921,-0.082,0.12,0.038,0.079,-0.082,441.0,0.0
2026-05-28T02:14:25.388069+00:00,1779934465388,delta,0.962,0.88,0.921,-0.082,0.12,0.038,0.079,-0.082,417.22,0.0
2026-05-28T02:14:25.403776+00:00,1779934465403,delta,0.962,0.88,0.921,-0.082,0.12,0.038,0.079,-0.082,448.87,0.0
2026-05-28T02:14:25.404670+00:00,1779934465404,delta,0.962,0.88,0.921,-0.082,0.12,0.038,0.079,-0.082,268.87,0.0
2026-05-28T02:14:25.405158+00:00,1779934465405,delta,0.962,0.88,0.921,-0.082,0.12,0.038,0.079,-0.082,68.87,0.0
2026-05-28T02:14:25.405741+00:00,1779934465405,delta,0.962,0.88,0.921,-0.082,0.12,0.038,0.079,-0.082,68.87,0.0
2026-05-28T02:14:25.406317+00:00,1779934465406,delta,0.962,0.88,0.921,-0.082,0.12,0.038,0.079,-0.082,68.87,0.0
2026-05-28T02:14:25.406941+00:00,1779934465406,delta,0.962,0.88,0.921,-0.082,0.12,0.038,0.079,-0.082,62.37,0.0
2026-05-28T02:14:25.430167+00:00,1779934465430,delta,0.962,0.88,0.921,-0.082,0.12,0.038,0.079,-0.082,62.37,0.0
2026-05-28T02:14:25.430846+00:00,1779934465430,delta,0.962,0.88,0.921,-0.082,0.12,0.038,0.079,-0.082,42.65,0.0
2026-05-28T02:14:25.431301+00:00,1779934465431,delta,0.962,0.88,0.921,-0.082,0.12,0.038,0.079,-0.082,38.59,0.0
2026-05-28T02:14:25.432157+00:00,1779934465432,delta,0.962,0.88,0.921,-0.082,0.12,0.038,0.079,-0.082,38.59,0.0
2026-05-28T02:14:25.432871+00:00,1779934465432,delta,0.962,0.88,0.921,-0.082,0.12,0.038,0.079,-0.082,38.59,0.0
2026-05-28T02:14:25.467250+00:00,1779934465467,delta,0.963,0.88,0.9215,-0.083,0.12,0.037,0.0785,-0.083,238.59,0.0
2026-05-28T02:14:25.468033+00:00,1779934465468,delta,0.963,0.88,0.9215,-0.083,0.12,0.037,0.0785,-0.083,418.59,0.0
2026-05-28T02:14:25.469560+00:00,1779934465469,delta,0.963,0.88,0.9215,-0.083,0.12,0.037,0.0785,-0.083,386.94,0.0
2026-05-28T02:14:25.470485+00:00,1779934465470,delta,0.963,0.88,0.9215,-0.083,0.12,0.037,0.0785,-0.083,386.94,0.0
2026-05-28T02:14:25.470967+00:00,1779934465470,delta,0.963,0.88,0.9215,-0.083,0.12,0.037,0.0785,-0.083,386.94,0.0
2026-05-28T02:14:25.471403+00:00,1779934465471,delta,0.963,0.88,0.9215,-0.083,0.12,0.037,0.0785,-0.083,386.94,0.0
2026-05-28T02:14:25.471876+00:00,1779934465471,delta,0.963,0.88,0.9215,-0.083,0.12,0.037,0.0785,-0.083,386.94,0.0
2026-05-28T02:14:25.472388+00:00,1779934465472,delta,0.963,0.88,0.9215,-0.083,0.12,0.037,0.0785,-0.083,436.94,0.0
2026-05-28T02:14:25.492508+00:00,1779934465492,delta,0.963,0.88,0.9215,-0.083,0.12,0.037,0.0785,-0.083,430.0,0.0
2026-05-28T02:14:25.493102+00:00,1779934465493,delta,0.963,0.88,0.9215,-0.083,0.12,0.037,0.0785,-0.083,430.0,0.0
2026-05-28T02:14:25.493665+00:00,1779934465493,delta,0.963,0.88,0.9215,-0.083,0.12,0.037,0.0785,-0.083,430.0,0.0
2026-05-28T02:14:25.494218+00:00,1779934465494,delta,0.963,0.88,0.9215,-0.083,0.12,0.037,0.0785,-0.083,430.0,0.0
2026-05-28T02:14:25.494664+00:00,1779934465494,delta,0.963,0.88,0.9215,-0.083,0.12,0.037,0.0785,-0.083,430.0,0.0
2026-05-28T02:14:25.495077+00:00,1779934465495,delta,0.963,0.88,0.9215,-0.083,0.12,0.037,0.0785,-0.083,430.0,0.0
2026-05-28T02:14:25.495595+00:00,1779934465495,delta,0.963,0.88,0.9215,-0.083,0.12,0.037,0.0785,-0.083,430.0,0.0
2026-05-28T02:14:25.521498+00:00,1779934465521,delta,0.963,0.88,0.9215,-0.083,0.12,0.037,0.0785,-0.083,430.0,0.0
2026-05-28T02:14:25.522214+00:00,1779934465522,delta,0.963,0.88,0.9215,-0.083,0.12,0.037,0.0785,-0.083,430.0,0.0
2026-05-28T02:14:25.522860+00:00,1779934465522,delta,0.963,0.88,0.9215,-0.083,0.12,0.037,0.0785,-0.083,430.0,0.0
2026-05-28T02:14:25.523280+00:00,1779934465523,delta,0.963,0.88,0.9215,-0.083,0.12,0.037,0.0785,-0.083,442.0,0.0
2026-05-28T02:14:25.523711+00:00,1779934465523,delta,0.963,0.88,0.9215,-0.083,0.12,0.037,0.0785,-0.083,442.0,0.0
2026-05-28T02:14:25.524107+00:00,1779934465524,delta,0.963,0.88,0.9215,-0.083,0.12,0.037,0.0785,-0.083,442.0,0.0
2026-05-28T02:14:25.524638+00:00,1779934465524,delta,0.963,0.88,0.9215,-0.083,0.12,0.037,0.0785,-0.083,430.0,0.0
2026-05-28T02:14:25.525149+00:00,1779934465525,delta,0.963,0.88,0.9215,-0.083,0.12,0.037,0.0785,-0.083,430.0,0.0
2026-05-28T02:14:25.552507+00:00,1779934465552,delta,0.963,0.88,0.9215,-0.083,0.12,0.037,0.0785,-0.083,461.62,0.0
2026-05-28T02:14:25.553894+00:00,1779934465553,delta,0.963,0.88,0.9215,-0.083,0.12,0.037,0.0785,-0.083,461.62,0.0
2026-05-28T02:14:25.554437+00:00,1779934465554,delta,0.963,0.88,0.9215,-0.083,0.12,0.037,0.0785,-0.083,461.62,0.0
2026-05-28T02:14:25.582300+00:00,1779934465582,delta,0.963,0.88,0.9215,-0.083,0.12,0.037,0.0785,-0.083,411.62,0.0
2026-05-28T02:14:25.582939+00:00,1779934465582,delta,0.964,0.88,0.922,-0.084,0.12,0.036,0.078,-0.084,461.62,0.0
2026-05-28T02:14:25.605352+00:00,1779934465605,delta,0.964,0.88,0.922,-0.084,0.12,0.036,0.078,-0.084,281.62,0.0
2026-05-28T02:14:25.606140+00:00,1779934465606,delta,0.964,0.88,0.922,-0.084,0.12,0.036,0.078,-0.084,81.62,0.0
2026-05-28T02:14:25.606796+00:00,1779934465606,delta,0.964,0.88,0.922,-0.084,0.12,0.036,0.078,-0.084,81.62,0.0
2026-05-28T02:14:25.629460+00:00,1779934465629,delta,0.964,0.88,0.922,-0.084,0.12,0.036,0.078,-0.084,81.62,0.0
2026-05-28T02:14:25.630183+00:00,1779934465630,delta,0.964,0.88,0.922,-0.084,0.12,0.036,0.078,-0.084,81.62,0.0
2026-05-28T02:14:25.630698+00:00,1779934465630,delta,0.964,0.88,0.922,-0.084,0.12,0.036,0.078,-0.084,81.62,0.0
2026-05-28T02:14:25.631127+00:00,1779934465631,delta,0.964,0.88,0.922,-0.084,0.12,0.036,0.078,-0.084,50.0,0.0
2026-05-28T02:14:25.631533+00:00,1779934465631,delta,0.964,0.88,0.922,-0.084,0.12,0.036,0.078,-0.084,50.0,0.0
2026-05-28T02:14:25.631896+00:00,1779934465631,delta,0.964,0.88,0.922,-0.084,0.12,0.036,0.078,-0.084,50.0,0.0
2026-05-28T02:14:25.655369+00:00,1779934465655,delta,0.964,0.88,0.922,-0.084,0.12,0.036,0.078,-0.084,230.0,0.0
2026-05-28T02:14:25.656072+00:00,1779934465656,delta,0.964,0.88,0.922,-0.084,0.12,0.036,0.078,-0.084,230.0,0.0
2026-05-28T02:14:25.656587+00:00,1779934465656,delta,0.964,0.88,0.922,-0.084,0.12,0.036,0.078,-0.084,180.0,0.0
2026-05-28T02:14:25.657005+00:00,1779934465657,delta,0.964,0.88,0.922,-0.084,0.12,0.036,0.078,-0.084,180.0,0.0
2026-05-28T02:14:25.657461+00:00,1779934465657,delta,0.964,0.88,0.922,-0.084,0.12,0.036,0.078,-0.084,380.0,0.0
2026-05-28T02:14:25.657870+00:00,1779934465657,delta,0.964,0.88,0.922,-0.084,0.12,0.036,0.078,-0.084,380.0,0.0
2026-05-28T02:14:25.658282+00:00,1779934465658,delta,0.964,0.88,0.922,-0.084,0.12,0.036,0.078,-0.084,380.0,0.0
2026-05-28T02:14:25.658653+00:00,1779934465658,delta,0.964,0.88,0.922,-0.084,0.12,0.036,0.078,-0.084,380.0,0.0
2026-05-28T02:14:25.659037+00:00,1779934465659,delta,0.964,0.88,0.922,-0.084,0.12,0.036,0.078,-0.084,380.0,0.0
2026-05-28T02:14:25.684493+00:00,1779934465684,delta,0.964,0.88,0.922,-0.084,0.12,0.036,0.078,-0.084,380.0,0.0
2026-05-28T02:14:25.686399+00:00,1779934465686,delta,0.964,0.88,0.922,-0.084,0.12,0.036,0.078,-0.084,380.0,0.0
2026-05-28T02:14:25.715314+00:00,1779934465715,delta,0.964,0.88,0.922,-0.084,0.12,0.036,0.078,-0.084,380.0,0.0
2026-05-28T02:14:25.716048+00:00,1779934465716,delta,0.964,0.88,0.922,-0.084,0.12,0.036,0.078,-0.084,380.0,0.0
2026-05-28T02:14:25.716573+00:00,1779934465716,delta,0.964,0.88,0.922,-0.084,0.12,0.036,0.078,-0.084,180.0,0.0
2026-05-28T02:14:25.717102+00:00,1779934465717,delta,0.963,0.88,0.9215,-0.083,0.12,0.037,0.0785,-0.083,0.0,0.0
2026-05-28T02:14:25.717777+00:00,1779934465717,delta,0.963,0.88,0.9215,-0.083,0.12,0.037,0.0785,-0.083,0.0,0.0
2026-05-28T02:14:25.718946+00:00,1779934465718,delta,0.963,0.88,0.9215,-0.083,0.12,0.037,0.0785,-0.083,0.0,0.0
2026-05-28T02:14:25.720070+00:00,1779934465720,delta,0.963,0.88,0.9215,-0.083,0.12,0.037,0.0785,-0.083,0.0,0.0
2026-05-28T02:14:25.720699+00:00,1779934465720,delta,0.963,0.88,0.9215,-0.083,0.12,0.037,0.0785,-0.083,0.0,0.0
2026-05-28T02:14:25.721290+00:00,1779934465721,delta,0.964,0.88,0.922,-0.084,0.12,0.036,0.078,-0.084,31.58,0.0
2026-05-28T02:14:25.735710+00:00,1779934465735,delta,0.964,0.88,0.922,-0.084,0.12,0.036,0.078,-0.084,31.58,0.0
2026-05-28T02:14:25.737431+00:00,1779934465737,delta,0.964,0.88,0.922,-0.084,0.12,0.036,0.078,-0.084,31.58,0.0
2026-05-28T02:14:25.737981+00:00,1779934465737,delta,0.964,0.88,0.922,-0.084,0.12,0.036,0.078,-0.084,31.58,0.0
2026-05-28T02:14:25.738378+00:00,1779934465738,delta,0.964,0.88,0.922,-0.084,0.12,0.036,0.078,-0.084,31.58,0.0
2026-05-28T02:14:25.738800+00:00,1779934465738,delta,0.964,0.88,0.922,-0.084,0.12,0.036,0.078,-0.084,81.58,0.0
2026-05-28T02:14:25.739204+00:00,1779934465739,delta,0.964,0.88,0.922,-0.084,0.12,0.036,0.078,-0.084,81.58,0.0
2026-05-28T02:14:25.739574+00:00,1779934465739,delta,0.964,0.88,0.922,-0.084,0.12,0.036,0.078,-0.084,81.58,0.0
2026-05-28T02:14:25.753482+00:00,1779934465753,delta,0.964,0.88,0.922,-0.084,0.12,0.036,0.078,-0.084,50.0,0.0
2026-05-28T02:14:25.754466+00:00,1779934465754,delta,0.964,0.88,0.922,-0.084,0.12,0.036,0.078,-0.084,50.0,0.0
2026-05-28T02:14:25.755083+00:00,1779934465755,delta,0.964,0.88,0.922,-0.084,0.12,0.036,0.078,-0.084,50.0,0.0
2026-05-28T02:14:25.755562+00:00,1779934465755,delta,0.964,0.88,0.922,-0.084,0.12,0.036,0.078,-0.084,50.0,0.0
2026-05-28T02:14:25.756042+00:00,1779934465756,delta,0.964,0.88,0.922,-0.084,0.12,0.036,0.078,-0.084,50.0,0.0
2026-05-28T02:14:25.768805+00:00,1779934465768,delta,0.964,0.88,0.922,-0.084,0.12,0.036,0.078,-0.084,50.0,0.0
2026-05-28T02:14:25.770526+00:00,1779934465770,delta,0.963,0.88,0.9215,-0.083,0.12,0.037,0.0785,-0.083,0.0,0.0
2026-05-28T02:14:25.771013+00:00,1779934465771,delta,0.963,0.88,0.9215,-0.083,0.12,0.037,0.0785,-0.083,0.0,0.0
2026-05-28T02:14:25.771446+00:00,1779934465771,delta,0.963,0.88,0.9215,-0.083,0.12,0.037,0.0785,-0.083,0.0,0.0
2026-05-28T02:14:25.771848+00:00,1779934465771,delta,0.963,0.88,0.9215,-0.083,0.12,0.037,0.0785,-0.083,0.0,0.0
2026-05-28T02:14:25.772270+00:00,1779934465772,delta,0.963,0.88,0.9215,-0.083,0.12,0.037,0.0785,-0.083,0.0,0.0
2026-05-28T02:14:25.772654+00:00,1779934465772,delta,0.963,0.88,0.9215,-0.083,0.12,0.037,0.0785,-0.083,0.0,0.0
2026-05-28T02:14:25.796511+00:00,1779934465796,delta,0.963,0.88,0.9215,-0.083,0.12,0.037,0.0785,-0.083,31.68,0.0
2026-05-28T02:14:25.797171+00:00,1779934465797,delta,0.963,0.88,0.9215,-0.083,0.12,0.037,0.0785,-0.083,31.68,0.0
2026-05-28T02:14:25.797644+00:00,1779934465797,delta,0.963,0.88,0.9215,-0.083,0.12,0.037,0.0785,-0.083,31.68,0.0
2026-05-28T02:14:25.798052+00:00,1779934465798,delta,0.963,0.88,0.9215,-0.083,0.12,0.037,0.0785,-0.083,31.68,0.0
2026-05-28T02:14:25.798428+00:00,1779934465798,delta,0.963,0.88,0.9215,-0.083,0.12,0.037,0.0785,-0.083,31.68,0.0
2026-05-28T02:14:25.798950+00:00,1779934465798,delta,0.963,0.88,0.9215,-0.083,0.12,0.037,0.0785,-0.083,31.68,0.0
2026-05-28T02:14:25.799517+00:00,1779934465799,delta,0.963,0.88,0.9215,-0.083,0.12,0.037,0.0785,-0.083,31.68,0.0
2026-05-28T02:14:25.823587+00:00,1779934465823,delta,0.965,0.88,0.9225,-0.085,0.12,0.035,0.0775,-0.085,200.0,0.0
2026-05-28T02:14:25.824511+00:00,1779934465824,delta,0.965,0.88,0.9225,-0.085,0.12,0.035,0.0775,-0.085,200.0,0.0
2026-05-28T02:14:25.825677+00:00,1779934465825,delta,0.965,0.88,0.9225,-0.085,0.12,0.035,0.0775,-0.085,200.0,0.0
2026-05-28T02:14:25.826357+00:00,1779934465826,delta,0.965,0.88,0.9225,-0.085,0.12,0.035,0.0775,-0.085,200.0,0.0
2026-05-28T02:14:25.826790+00:00,1779934465826,delta,0.965,0.88,0.9225,-0.085,0.12,0.035,0.0775,-0.085,200.0,0.0
2026-05-28T02:14:25.827258+00:00,1779934465827,delta,0.965,0.88,0.9225,-0.085,0.12,0.035,0.0775,-0.085,200.0,0.0
2026-05-28T02:14:25.827734+00:00,1779934465827,delta,0.965,0.88,0.9225,-0.085,0.12,0.035,0.0775,-0.085,200.0,0.0
2026-05-28T02:14:25.860319+00:00,1779934465860,delta,0.965,0.88,0.9225,-0.085,0.12,0.035,0.0775,-0.085,211.0,0.0
2026-05-28T02:14:25.861237+00:00,1779934465861,delta,0.965,0.88,0.9225,-0.085,0.12,0.035,0.0775,-0.085,211.0,0.0
2026-05-28T02:14:25.861916+00:00,1779934465861,delta,0.965,0.88,0.9225,-0.085,0.12,0.035,0.0775,-0.085,211.0,0.0
2026-05-28T02:14:25.862394+00:00,1779934465862,delta,0.965,0.88,0.9225,-0.085,0.12,0.035,0.0775,-0.085,211.0,0.0
2026-05-28T02:14:25.862873+00:00,1779934465862,delta,0.965,0.88,0.9225,-0.085,0.12,0.035,0.0775,-0.085,211.0,0.0
2026-05-28T02:14:25.863307+00:00,1779934465863,delta,0.965,0.88,0.9225,-0.085,0.12,0.035,0.0775,-0.085,211.0,0.0
2026-05-28T02:14:25.863746+00:00,1779934465863,delta,0.964,0.88,0.922,-0.084,0.12,0.036,0.078,-0.084,11.0,0.0
2026-05-28T02:14:25.864160+00:00,1779934465864,delta,0.964,0.88,0.922,-0.084,0.12,0.036,0.078,-0.084,11.0,0.0
2026-05-28T02:14:25.897110+00:00,1779934465897,delta,0.964,0.88,0.922,-0.084,0.12,0.036,0.078,-0.084,11.0,0.0
2026-05-28T02:14:25.897871+00:00,1779934465897,delta,0.964,0.88,0.922,-0.084,0.12,0.036,0.078,-0.084,11.0,0.0
2026-05-28T02:14:25.898453+00:00,1779934465898,delta,0.964,0.88,0.922,-0.084,0.12,0.036,0.078,-0.084,11.0,0.0
2026-05-28T02:14:25.898918+00:00,1779934465898,delta,0.964,0.88,0.922,-0.084,0.12,0.036,0.078,-0.084,11.0,0.0
2026-05-28T02:14:25.899355+00:00,1779934465899,delta,0.964,0.88,0.922,-0.084,0.12,0.036,0.078,-0.084,11.0,0.0
2026-05-28T02:14:25.899790+00:00,1779934465899,delta,0.965,0.88,0.9225,-0.085,0.12,0.035,0.0775,-0.085,43.82,0.0
2026-05-28T02:14:25.900270+00:00,1779934465900,delta,0.965,0.88,0.9225,-0.085,0.12,0.035,0.0775,-0.085,43.82,0.0
2026-05-28T02:14:25.923547+00:00,1779934465923,delta,0.965,0.88,0.9225,-0.085,0.12,0.035,0.0775,-0.085,43.82,0.0
2026-05-28T02:14:25.924534+00:00,1779934465924,delta,0.965,0.88,0.9225,-0.085,0.12,0.035,0.0775,-0.085,43.82,0.0
2026-05-28T02:14:25.925274+00:00,1779934465925,delta,0.965,0.88,0.9225,-0.085,0.12,0.035,0.0775,-0.085,43.82,0.0
2026-05-28T02:14:25.925799+00:00,1779934465925,delta,0.965,0.88,0.9225,-0.085,0.12,0.035,0.0775,-0.085,43.82,0.0
2026-05-28T02:14:25.926343+00:00,1779934465926,delta,0.964,0.88,0.922,-0.084,0.12,0.036,0.078,-0.084,11.0,0.0
2026-05-28T02:14:25.927014+00:00,1779934465927,delta,0.964,0.88,0.922,-0.084,0.12,0.036,0.078,-0.084,11.0,0.0
2026-05-28T02:14:25.927563+00:00,1779934465927,delta,0.964,0.88,0.922,-0.084,0.12,0.036,0.078,-0.084,11.0,0.0
2026-05-28T02:14:25.927996+00:00,1779934465927,delta,0.964,0.88,0.922,-0.084,0.12,0.036,0.078,-0.084,11.0,0.0
2026-05-28T02:14:25.953647+00:00,1779934465953,delta,0.964,0.88,0.922,-0.084,0.12,0.036,0.078,-0.084,11.0,0.0
2026-05-28T02:14:25.954578+00:00,1779934465954,delta,0.964,0.88,0.922,-0.084,0.12,0.036,0.078,-0.084,11.0,0.0
2026-05-28T02:14:25.955134+00:00,1779934465955,delta,0.964,0.88,0.922,-0.084,0.12,0.036,0.078,-0.084,11.0,0.0
2026-05-28T02:14:25.955581+00:00,1779934465955,delta,0.964,0.88,0.922,-0.084,0.12,0.036,0.078,-0.084,11.0,0.0
2026-05-28T02:14:25.956062+00:00,1779934465956,delta,0.964,0.88,0.922,-0.084,0.12,0.036,0.078,-0.084,11.0,0.0
2026-05-28T02:14:25.956516+00:00,1779934465956,delta,0.964,0.88,0.922,-0.084,0.12,0.036,0.078,-0.084,11.0,0.0
2026-05-28T02:14:25.957085+00:00,1779934465957,delta,0.964,0.88,0.922,-0.084,0.12,0.036,0.078,-0.084,11.0,0.0
2026-05-28T02:14:25.957526+00:00,1779934465957,delta,0.964,0.88,0.922,-0.084,0.12,0.036,0.078,-0.084,11.0,0.0
2026-05-28T02:14:25.958040+00:00,1779934465958,delta,0.964,0.88,0.922,-0.084,0.12,0.036,0.078,-0.084,11.0,0.0
2026-05-28T02:14:25.958463+00:00,1779934465958,delta,0.964,0.88,0.922,-0.084,0.12,0.036,0.078,-0.084,11.0,0.0
2026-05-28T02:14:25.958893+00:00,1779934465958,delta,0.964,0.88,0.922,-0.084,0.12,0.036,0.078,-0.084,11.0,0.0
2026-05-28T02:14:25.959255+00:00,1779934465959,delta,0.964,0.88,0.922,-0.084,0.12,0.036,0.078,-0.084,11.0,0.0
2026-05-28T02:14:25.959652+00:00,1779934465959,delta,0.964,0.88,0.922,-0.084,0.12,0.036,0.078,-0.084,11.0,0.0
2026-05-28T02:14:25.987429+00:00,1779934465987,delta,0.964,0.88,0.922,-0.084,0.12,0.036,0.078,-0.084,11.0,0.0
2026-05-28T02:14:25.988087+00:00,1779934465988,delta,0.964,0.88,0.922,-0.084,0.12,0.036,0.078,-0.084,11.0,0.0
2026-05-28T02:14:25.988583+00:00,1779934465988,delta,0.963,0.88,0.9215,-0.083,0.12,0.037,0.0785,-0.083,11.0,0.0
2026-05-28T02:14:25.989052+00:00,1779934465989,delta,0.963,0.88,0.9215,-0.083,0.12,0.037,0.0785,-0.083,0.0,0.0
2026-05-28T02:14:25.989533+00:00,1779934465989,delta,0.963,0.88,0.9215,-0.083,0.12,0.037,0.0785,-0.083,0.0,0.0
2026-05-28T02:14:26.026701+00:00,1779934466026,delta,0.963,0.88,0.9215,-0.083,0.12,0.037,0.0785,-0.083,0.0,0.0
2026-05-28T02:14:26.027408+00:00,1779934466027,delta,0.963,0.88,0.9215,-0.083,0.12,0.037,0.0785,-0.083,0.0,0.0
2026-05-28T02:14:26.028093+00:00,1779934466028,delta,0.965,0.88,0.9225,-0.085,0.12,0.035,0.0775,-0.085,200.0,0.0
2026-05-28T02:14:26.028555+00:00,1779934466028,delta,0.965,0.88,0.9225,-0.085,0.12,0.035,0.0775,-0.085,380.0,0.0
2026-05-28T02:14:26.029054+00:00,1779934466029,delta,0.965,0.88,0.9225,-0.085,0.12,0.035,0.0775,-0.085,380.0,0.0
2026-05-28T02:14:26.029504+00:00,1779934466029,delta,0.965,0.88,0.9225,-0.085,0.12,0.035,0.0775,-0.085,380.0,0.0
2026-05-28T02:14:26.029921+00:00,1779934466029,delta,0.965,0.88,0.9225,-0.085,0.12,0.035,0.0775,-0.085,380.0,0.0
2026-05-28T02:14:26.030329+00:00,1779934466030,delta,0.965,0.88,0.9225,-0.085,0.12,0.035,0.0775,-0.085,380.0,0.0
2026-05-28T02:14:26.047375+00:00,1779934466047,delta,0.965,0.88,0.9225,-0.085,0.12,0.035,0.0775,-0.085,380.0,0.0
2026-05-28T02:14:26.048104+00:00,1779934466048,delta,0.965,0.88,0.9225,-0.085,0.12,0.035,0.0775,-0.085,380.0,0.0
2026-05-28T02:14:26.048865+00:00,1779934466048,delta,0.965,0.88,0.9225,-0.085,0.12,0.035,0.0775,-0.085,380.0,0.0
2026-05-28T02:14:26.049542+00:00,1779934466049,delta,0.965,0.88,0.9225,-0.085,0.12,0.035,0.0775,-0.085,380.0,0.0
2026-05-28T02:14:26.050042+00:00,1779934466050,delta,0.965,0.88,0.9225,-0.085,0.12,0.035,0.0775,-0.085,380.0,0.0
2026-05-28T02:14:26.050503+00:00,1779934466050,delta,0.965,0.88,0.9225,-0.085,0.12,0.035,0.0775,-0.085,380.0,0.0
2026-05-28T02:14:26.050938+00:00,1779934466050,delta,0.965,0.88,0.9225,-0.085,0.12,0.035,0.0775,-0.085,380.0,0.0
2026-05-28T02:14:26.076487+00:00,1779934466076,delta,0.965,0.88,0.9225,-0.085,0.12,0.035,0.0775,-0.085,380.0,0.0
2026-05-28T02:14:26.077159+00:00,1779934466077,delta,0.965,0.88,0.9225,-0.085,0.12,0.035,0.0775,-0.085,380.0,0.0
2026-05-28T02:14:26.077790+00:00,1779934466077,delta,0.965,0.88,0.9225,-0.085,0.12,0.035,0.0775,-0.085,380.0,0.0
2026-05-28T02:14:26.078296+00:00,1779934466078,delta,0.965,0.88,0.9225,-0.085,0.12,0.035,0.0775,-0.085,380.0,0.0
2026-05-28T02:14:26.078745+00:00,1779934466078,delta,0.965,0.88,0.9225,-0.085,0.12,0.035,0.0775,-0.085,380.0,0.0
2026-05-28T02:14:26.079325+00:00,1779934466079,delta,0.965,0.88,0.9225,-0.085,0.12,0.035,0.0775,-0.085,380.0,0.0
2026-05-28T02:14:26.079827+00:00,1779934466079,delta,0.965,0.88,0.9225,-0.085,0.12,0.035,0.0775,-0.085,180.0,0.0
2026-05-28T02:14:26.080277+00:00,1779934466080,delta,0.963,0.88,0.9215,-0.083,0.12,0.037,0.0785,-0.083,0.0,0.0
2026-05-28T02:14:26.103545+00:00,1779934466103,delta,0.963,0.88,0.9215,-0.083,0.12,0.037,0.0785,-0.083,0.0,0.0
2026-05-28T02:14:26.104625+00:00,1779934466104,delta,0.963,0.88,0.9215,-0.083,0.12,0.037,0.0785,-0.083,0.0,0.0
2026-05-28T02:14:26.105368+00:00,1779934466105,delta,0.963,0.88,0.9215,-0.083,0.12,0.037,0.0785,-0.083,0.0,0.0
2026-05-28T02:14:26.141005+00:00,1779934466141,delta,0.963,0.88,0.9215,-0.083,0.12,0.037,0.0785,-0.083,0.0,0.0
2026-05-28T02:14:26.141777+00:00,1779934466141,delta,0.963,0.88,0.9215,-0.083,0.12,0.037,0.0785,-0.083,0.0,0.0
2026-05-28T02:14:26.142388+00:00,1779934466142,delta,0.963,0.88,0.9215,-0.083,0.12,0.037,0.0785,-0.083,0.0,0.0
2026-05-28T02:14:26.142881+00:00,1779934466142,delta,0.963,0.88,0.9215,-0.083,0.12,0.037,0.0785,-0.083,0.0,0.0
2026-05-28T02:14:26.143311+00:00,1779934466143,delta,0.963,0.88,0.9215,-0.083,0.12,0.037,0.0785,-0.083,0.0,0.0
2026-05-28T02:14:26.143793+00:00,1779934466143,delta,0.963,0.88,0.9215,-0.083,0.12,0.037,0.0785,-0.083,0.0,0.0
2026-05-28T02:14:26.163145+00:00,1779934466163,delta,0.963,0.88,0.9215,-0.083,0.12,0.037,0.0785,-0.083,0.0,0.0
2026-05-28T02:14:26.163813+00:00,1779934466163,delta,0.963,0.88,0.9215,-0.083,0.12,0.037,0.0785,-0.083,0.0,0.0
2026-05-28T02:14:26.164490+00:00,1779934466164,delta,0.963,0.88,0.9215,-0.083,0.12,0.037,0.0785,-0.083,0.0,0.0
2026-05-28T02:14:26.193636+00:00,1779934466193,delta,0.963,0.88,0.9215,-0.083,0.12,0.037,0.0785,-0.083,0.0,0.0
2026-05-28T02:14:26.194319+00:00,1779934466194,delta,0.963,0.88,0.9215,-0.083,0.12,0.037,0.0785,-0.083,50.0,0.0
2026-05-28T02:14:26.194901+00:00,1779934466194,delta,0.963,0.88,0.9215,-0.083,0.12,0.037,0.0785,-0.083,50.0,0.0
2026-05-28T02:14:26.195464+00:00,1779934466195,delta,0.963,0.88,0.9215,-0.083,0.12,0.037,0.0785,-0.083,50.0,0.0
2026-05-28T02:14:26.195899+00:00,1779934466195,delta,0.963,0.88,0.9215,-0.083,0.12,0.037,0.0785,-0.083,50.0,0.0
2026-05-28T02:14:26.196473+00:00,1779934466196,delta,0.963,0.88,0.9215,-0.083,0.12,0.037,0.0785,-0.083,50.0,0.0
2026-05-28T02:14:26.224841+00:00,1779934466224,delta,0.963,0.88,0.9215,-0.083,0.12,0.037,0.0785,-0.083,50.0,0.0
2026-05-28T02:14:26.225588+00:00,1779934466225,delta,0.963,0.88,0.9215,-0.083,0.12,0.037,0.0785,-0.083,50.0,0.0
2026-05-28T02:14:26.249091+00:00,1779934466249,delta,0.963,0.88,0.9215,-0.083,0.12,0.037,0.0785,-0.083,81.68,0.0
2026-05-28T02:14:26.249854+00:00,1779934466249,delta,0.963,0.88,0.9215,-0.083,0.12,0.037,0.0785,-0.083,81.68,0.0
2026-05-28T02:14:26.250395+00:00,1779934466250,delta,0.963,0.88,0.9215,-0.083,0.12,0.037,0.0785,-0.083,81.68,0.0
2026-05-28T02:14:26.250990+00:00,1779934466250,delta,0.963,0.88,0.9215,-0.083,0.12,0.037,0.0785,-0.083,81.68,0.0
2026-05-28T02:14:26.251529+00:00,1779934466251,delta,0.963,0.88,0.9215,-0.083,0.12,0.037,0.0785,-0.083,81.68,0.0
2026-05-28T02:14:26.300889+00:00,1779934466300,delta,0.963,0.88,0.9215,-0.083,0.12,0.037,0.0785,-0.083,81.68,0.0
2026-05-28T02:14:26.303146+00:00,1779934466303,delta,0.963,0.88,0.9215,-0.083,0.12,0.037,0.0785,-0.083,81.68,0.0
2026-05-28T02:14:26.304433+00:00,1779934466304,delta,0.963,0.88,0.9215,-0.083,0.12,0.037,0.0785,-0.083,261.68,0.0
2026-05-28T02:14:26.305123+00:00,1779934466305,delta,0.963,0.88,0.9215,-0.083,0.12,0.037,0.0785,-0.083,461.68,0.0
2026-05-28T02:14:26.332999+00:00,1779934466332,delta,0.963,0.88,0.9215,-0.083,0.12,0.037,0.0785,-0.083,461.68,0.0
2026-05-28T02:14:26.342598+00:00,1779934466342,delta,0.963,0.88,0.9215,-0.083,0.12,0.037,0.0785,-0.083,461.68,0.0
2026-05-28T02:14:26.343307+00:00,1779934466343,delta,0.963,0.88,0.9215,-0.083,0.12,0.037,0.0785,-0.083,461.68,0.0
2026-05-28T02:14:26.343987+00:00,1779934466343,delta,0.963,0.88,0.9215,-0.083,0.12,0.037,0.0785,-0.083,461.68,0.0
2026-05-28T02:14:26.344448+00:00,1779934466344,delta,0.963,0.88,0.9215,-0.083,0.12,0.037,0.0785,-0.083,461.68,0.0
2026-05-28T02:14:26.344884+00:00,1779934466344,delta,0.963,0.88,0.9215,-0.083,0.12,0.037,0.0785,-0.083,461.68,0.0
2026-05-28T02:14:26.345296+00:00,1779934466345,delta,0.963,0.88,0.9215,-0.083,0.12,0.037,0.0785,-0.083,461.68,0.0
2026-05-28T02:14:26.366929+00:00,1779934466366,delta,0.963,0.88,0.9215,-0.083,0.12,0.037,0.0785,-0.083,411.68,0.0
2026-05-28T02:14:26.367638+00:00,1779934466367,delta,0.963,0.88,0.9215,-0.083,0.12,0.037,0.0785,-0.083,461.68,0.0
2026-05-28T02:14:26.368641+00:00,1779934466368,delta,0.963,0.88,0.9215,-0.083,0.12,0.037,0.0785,-0.083,461.68,0.0
2026-05-28T02:14:26.370097+00:00,1779934466370,delta,0.963,0.88,0.9215,-0.083,0.12,0.037,0.0785,-0.083,461.68,0.0
2026-05-28T02:14:26.370764+00:00,1779934466370,delta,0.963,0.88,0.9215,-0.083,0.12,0.037,0.0785,-0.083,430.0,0.0
2026-05-28T02:14:26.371282+00:00,1779934466371,delta,0.964,0.88,0.922,-0.084,0.12,0.036,0.078,-0.084,605.0,0.0
2026-05-28T02:14:26.371737+00:00,1779934466371,delta,0.964,0.88,0.922,-0.084,0.12,0.036,0.078,-0.084,780.0,0.0
2026-05-28T02:14:26.372209+00:00,1779934466372,delta,0.964,0.88,0.922,-0.084,0.12,0.036,0.078,-0.084,780.0,0.0
2026-05-28T02:14:26.391074+00:00,1779934466391,delta,0.964,0.88,0.922,-0.084,0.12,0.036,0.078,-0.084,780.0,0.0
2026-05-28T02:14:26.423089+00:00,1779934466423,delta,0.964,0.88,0.922,-0.084,0.12,0.036,0.078,-0.084,780.0,0.0
2026-05-28T02:14:26.423772+00:00,1779934466423,delta,0.964,0.88,0.922,-0.084,0.12,0.036,0.078,-0.084,780.0,0.0
2026-05-28T02:14:26.424454+00:00,1779934466424,delta,0.964,0.88,0.922,-0.084,0.12,0.036,0.078,-0.084,780.0,0.0
2026-05-28T02:14:26.424935+00:00,1779934466424,delta,0.964,0.88,0.922,-0.084,0.12,0.036,0.078,-0.084,780.0,0.0
2026-05-28T02:14:26.425376+00:00,1779934466425,delta,0.964,0.88,0.922,-0.084,0.12,0.036,0.078,-0.084,811.65,0.0
2026-05-28T02:14:26.425888+00:00,1779934466425,delta,0.964,0.88,0.922,-0.084,0.12,0.036,0.078,-0.084,631.65,0.0
2026-05-28T02:14:26.426456+00:00,1779934466426,delta,0.964,0.88,0.922,-0.084,0.12,0.036,0.078,-0.084,431.65,0.0
2026-05-28T02:14:26.426907+00:00,1779934466426,delta,0.964,0.88,0.922,-0.084,0.12,0.036,0.078,-0.084,400.0,0.0
2026-05-28T02:14:26.453784+00:00,1779934466453,delta,0.964,0.88,0.922,-0.084,0.12,0.036,0.078,-0.084,350.0,0.0
2026-05-28T02:14:26.454623+00:00,1779934466454,delta,0.965,0.88,0.9225,-0.085,0.12,0.035,0.0775,-0.085,400.0,0.0
2026-05-28T02:14:26.455238+00:00,1779934466455,delta,0.965,0.88,0.9225,-0.085,0.12,0.035,0.0775,-0.085,400.0,0.0
2026-05-28T02:14:26.455914+00:00,1779934466455,delta,0.965,0.88,0.9225,-0.085,0.12,0.035,0.0775,-0.085,400.0,0.0
2026-05-28T02:14:26.484228+00:00,1779934466484,delta,0.965,0.88,0.9225,-0.085,0.12,0.035,0.0775,-0.085,580.0,0.0
2026-05-28T02:14:26.484956+00:00,1779934466484,delta,0.965,0.88,0.9225,-0.085,0.12,0.035,0.0775,-0.085,780.0,0.0
2026-05-28T02:14:26.486275+00:00,1779934466486,delta,0.965,0.88,0.9225,-0.085,0.12,0.035,0.0775,-0.085,780.0,0.0
2026-05-28T02:14:26.486901+00:00,1779934466486,delta,0.965,0.88,0.9225,-0.085,0.12,0.035,0.0775,-0.085,780.0,0.0
2026-05-28T02:14:26.509844+00:00,1779934466509,delta,0.965,0.88,0.9225,-0.085,0.12,0.035,0.0775,-0.085,811.58,0.0
2026-05-28T02:14:26.510547+00:00,1779934466510,delta,0.965,0.88,0.9225,-0.085,0.12,0.035,0.0775,-0.085,761.58,0.0
2026-05-28T02:14:26.511028+00:00,1779934466511,delta,0.965,0.88,0.9225,-0.085,0.12,0.035,0.0775,-0.085,761.58,0.0
2026-05-28T02:14:26.511528+00:00,1779934466511,delta,0.965,0.88,0.9225,-0.085,0.12,0.035,0.0775,-0.085,761.58,0.0
2026-05-28T02:14:26.512001+00:00,1779934466512,delta,0.965,0.88,0.9225,-0.085,0.12,0.035,0.0775,-0.085,761.58,0.0
2026-05-28T02:14:26.512472+00:00,1779934466512,delta,0.965,0.88,0.9225,-0.085,0.12,0.035,0.0775,-0.085,761.58,0.0
2026-05-28T02:14:26.537418+00:00,1779934466537,delta,0.965,0.88,0.9225,-0.085,0.12,0.035,0.0775,-0.085,794.4,0.0
2026-05-28T02:14:26.538146+00:00,1779934466538,delta,0.965,0.88,0.9225,-0.085,0.12,0.035,0.0775,-0.085,594.4,0.0
2026-05-28T02:14:26.538679+00:00,1779934466538,delta,0.965,0.88,0.9225,-0.085,0.12,0.035,0.0775,-0.085,414.4,0.0
2026-05-28T02:14:26.539167+00:00,1779934466539,delta,0.966,0.88,0.923,-0.086,0.12,0.034,0.077,-0.086,254.4,0.0
2026-05-28T02:14:26.539644+00:00,1779934466539,delta,0.966,0.88,0.923,-0.086,0.12,0.034,0.077,-0.086,222.82,0.0
2026-05-28T02:14:26.540358+00:00,1779934466540,delta,0.966,0.88,0.923,-0.086,0.12,0.034,0.077,-0.086,222.82,0.0
2026-05-28T02:14:26.564025+00:00,1779934466564,delta,0.966,0.88,0.923,-0.086,0.12,0.034,0.077,-0.086,222.82,0.0
2026-05-28T02:14:26.564687+00:00,1779934466564,delta,0.966,0.88,0.923,-0.086,0.12,0.034,0.077,-0.086,222.82,0.0
2026-05-28T02:14:26.565372+00:00,1779934466565,delta,0.966,0.88,0.923,-0.086,0.12,0.034,0.077,-0.086,222.82,0.0
2026-05-28T02:14:26.565880+00:00,1779934466565,delta,0.966,0.88,0.923,-0.086,0.12,0.034,0.077,-0.086,222.82,0.0
2026-05-28T02:14:26.566327+00:00,1779934466566,delta,0.966,0.88,0.923,-0.086,0.12,0.034,0.077,-0.086,222.82,0.0
2026-05-28T02:14:26.592495+00:00,1779934466592,delta,0.966,0.88,0.923,-0.086,0.12,0.034,0.077,-0.086,422.82,0.0
2026-05-28T02:14:26.593161+00:00,1779934466593,delta,0.966,0.88,0.923,-0.086,0.12,0.034,0.077,-0.086,602.82,0.0
2026-05-28T02:14:26.622977+00:00,1779934466622,delta,0.966,0.88,0.923,-0.086,0.12,0.034,0.077,-0.086,602.82,0.0
2026-05-28T02:14:26.623892+00:00,1779934466623,delta,0.966,0.88,0.923,-0.086,0.12,0.034,0.077,-0.086,602.82,0.0
2026-05-28T02:14:26.627996+00:00,1779934466627,delta,0.966,0.88,0.923,-0.086,0.12,0.034,0.077,-0.086,602.82,0.0
2026-05-28T02:14:26.628671+00:00,1779934466628,delta,0.966,0.88,0.923,-0.086,0.12,0.034,0.077,-0.086,602.82,0.0
2026-05-28T02:14:26.629252+00:00,1779934466629,delta,0.966,0.88,0.923,-0.086,0.12,0.034,0.077,-0.086,602.82,0.0
2026-05-28T02:14:26.629716+00:00,1779934466629,delta,0.966,0.88,0.923,-0.086,0.12,0.034,0.077,-0.086,602.82,0.0
2026-05-28T02:14:26.630152+00:00,1779934466630,delta,0.966,0.88,0.923,-0.086,0.12,0.034,0.077,-0.086,602.82,0.0
2026-05-28T02:14:26.630587+00:00,1779934466630,delta,0.966,0.88,0.923,-0.086,0.12,0.034,0.077,-0.086,652.82,0.0
2026-05-28T02:14:26.648026+00:00,1779934466648,delta,0.966,0.88,0.923,-0.086,0.12,0.034,0.077,-0.086,452.82,0.0
2026-05-28T02:14:26.648767+00:00,1779934466648,delta,0.966,0.88,0.923,-0.086,0.12,0.034,0.077,-0.086,452.82,0.0
2026-05-28T02:14:26.649416+00:00,1779934466649,delta,0.966,0.88,0.923,-0.086,0.12,0.034,0.077,-0.086,452.82,0.0
2026-05-28T02:14:26.650098+00:00,1779934466650,delta,0.966,0.88,0.923,-0.086,0.12,0.034,0.077,-0.086,272.82,0.0
2026-05-28T02:14:26.650639+00:00,1779934466650,delta,0.966,0.88,0.923,-0.086,0.12,0.034,0.077,-0.086,415.0,0.0
2026-05-28T02:14:26.651128+00:00,1779934466651,delta,0.966,0.88,0.923,-0.086,0.12,0.034,0.077,-0.086,400.0,0.0
2026-05-28T02:14:26.651797+00:00,1779934466651,delta,0.964,0.88,0.922,-0.084,0.12,0.036,0.078,-0.084,350.0,0.0
2026-05-28T02:14:26.652892+00:00,1779934466652,delta,0.962,0.88,0.921,-0.082,0.12,0.038,0.079,-0.082,300.36,0.0
2026-05-28T02:14:26.653523+00:00,1779934466653,delta,0.961,0.88,0.9205,-0.081,0.12,0.039,0.0795,-0.081,291.82,0.0
2026-05-28T02:14:26.654064+00:00,1779934466654,delta,0.961,0.88,0.9205,-0.081,0.12,0.039,0.0795,-0.081,166.46,0.0
2026-05-28T02:14:26.654533+00:00,1779934466654,delta,0.961,0.88,0.9205,-0.081,0.12,0.039,0.0795,-0.081,180.0,0.0
2026-05-28T02:14:26.655236+00:00,1779934466655,delta,0.961,0.88,0.9205,-0.081,0.12,0.039,0.0795,-0.081,5.0,0.0
2026-05-28T02:14:26.655847+00:00,1779934466655,delta,0.961,0.88,0.9205,-0.081,0.12,0.039,0.0795,-0.081,805.42,0.0
2026-05-28T02:14:26.656405+00:00,1779934466656,delta,0.961,0.88,0.9205,-0.081,0.12,0.039,0.0795,-0.081,350.42,0.0
2026-05-28T02:14:26.656936+00:00,1779934466656,delta,0.961,0.88,0.9205,-0.081,0.12,0.039,0.0795,-0.081,0.0,0.0
2026-05-28T02:14:26.657484+00:00,1779934466657,delta,0.961,0.88,0.9205,-0.081,0.12,0.039,0.0795,-0.081,0.0,0.0
2026-05-28T02:14:26.685192+00:00,1779934466685,delta,0.961,0.88,0.9205,-0.081,0.12,0.039,0.0795,-0.081,0.0,0.0
2026-05-28T02:14:26.687171+00:00,1779934466687,delta,0.961,0.88,0.9205,-0.081,0.12,0.039,0.0795,-0.081,0.0,0.0
2026-05-28T02:14:26.687801+00:00,1779934466687,delta,0.961,0.88,0.9205,-0.081,0.12,0.039,0.0795,-0.081,0.0,0.0
2026-05-28T02:14:26.688316+00:00,1779934466688,delta,0.961,0.88,0.9205,-0.081,0.12,0.039,0.0795,-0.081,0.0,0.0
2026-05-28T02:14:26.688781+00:00,1779934466688,delta,0.961,0.88,0.9205,-0.081,0.12,0.039,0.0795,-0.081,0.0,0.0
2026-05-28T02:14:26.689163+00:00,1779934466689,delta,0.961,0.88,0.9205,-0.081,0.12,0.039,0.0795,-0.081,0.0,0.0
2026-05-28T02:14:26.689523+00:00,1779934466689,delta,0.961,0.88,0.9205,-0.081,0.12,0.039,0.0795,-0.081,0.0,0.0
2026-05-28T02:14:26.689865+00:00,1779934466689,delta,0.961,0.88,0.9205,-0.081,0.12,0.039,0.0795,-0.081,0.0,0.0
2026-05-28T02:14:26.690372+00:00,1779934466690,delta,0.961,0.88,0.9205,-0.081,0.12,0.039,0.0795,-0.081,0.0,0.0
2026-05-28T02:14:26.690744+00:00,1779934466690,delta,0.961,0.88,0.9205,-0.081,0.12,0.039,0.0795,-0.081,0.0,0.0
2026-05-28T02:14:26.691117+00:00,1779934466691,delta,0.961,0.88,0.9205,-0.081,0.12,0.039,0.0795,-0.081,0.0,0.0
2026-05-28T02:14:26.691484+00:00,1779934466691,delta,0.961,0.88,0.9205,-0.081,0.12,0.039,0.0795,-0.081,0.0,0.0
2026-05-28T02:14:26.691893+00:00,1779934466691,delta,0.961,0.88,0.9205,-0.081,0.12,0.039,0.0795,-0.081,0.0,0.0
2026-05-28T02:14:26.692354+00:00,1779934466692,delta,0.961,0.88,0.9205,-0.081,0.12,0.039,0.0795,-0.081,0.0,0.0
2026-05-28T02:14:26.692724+00:00,1779934466692,delta,0.961,0.88,0.9205,-0.081,0.12,0.039,0.0795,-0.081,0.0,0.0
2026-05-28T02:14:26.693135+00:00,1779934466693,delta,0.961,0.88,0.9205,-0.081,0.12,0.039,0.0795,-0.081,0.0,0.0
2026-05-28T02:14:26.693500+00:00,1779934466693,delta,0.961,0.88,0.9205,-0.081,0.12,0.039,0.0795,-0.081,0.0,0.0
2026-05-28T02:14:26.708067+00:00,1779934466708,delta,0.961,0.88,0.9205,-0.081,0.12,0.039,0.0795,-0.081,0.0,0.0
2026-05-28T02:14:26.708746+00:00,1779934466708,delta,0.961,0.88,0.9205,-0.081,0.12,0.039,0.0795,-0.081,0.0,0.0
2026-05-28T02:14:26.709370+00:00,1779934466709,delta,0.961,0.88,0.9205,-0.081,0.12,0.039,0.0795,-0.081,0.0,0.0
2026-05-28T02:14:26.709795+00:00,1779934466709,delta,0.961,0.88,0.9205,-0.081,0.12,0.039,0.0795,-0.081,0.0,0.0
2026-05-28T02:14:26.710178+00:00,1779934466710,delta,0.961,0.88,0.9205,-0.081,0.12,0.039,0.0795,-0.081,0.0,0.0
2026-05-28T02:14:26.732443+00:00,1779934466732,delta,0.961,0.88,0.9205,-0.081,0.12,0.039,0.0795,-0.081,0.0,0.0
2026-05-28T02:14:26.733346+00:00,1779934466733,delta,0.961,0.88,0.9205,-0.081,0.12,0.039,0.0795,-0.081,0.0,0.0
2026-05-28T02:14:26.733919+00:00,1779934466733,delta,0.961,0.88,0.9205,-0.081,0.12,0.039,0.0795,-0.081,0.0,0.0
2026-05-28T02:14:26.734395+00:00,1779934466734,delta,0.961,0.88,0.9205,-0.081,0.12,0.039,0.0795,-0.081,0.0,0.0
2026-05-28T02:14:26.735188+00:00,1779934466735,delta,0.961,0.88,0.9205,-0.081,0.12,0.039,0.0795,-0.081,0.0,0.0
2026-05-28T02:14:26.736442+00:00,1779934466736,delta,0.961,0.88,0.9205,-0.081,0.12,0.039,0.0795,-0.081,0.0,0.0
2026-05-28T02:14:26.737223+00:00,1779934466737,delta,0.961,0.88,0.9205,-0.081,0.12,0.039,0.0795,-0.081,0.0,0.0
2026-05-28T02:14:26.755551+00:00,1779934466755,delta,0.961,0.88,0.9205,-0.081,0.12,0.039,0.0795,-0.081,0.0,0.0
2026-05-28T02:14:26.756361+00:00,1779934466756,delta,0.961,0.88,0.9205,-0.081,0.12,0.039,0.0795,-0.081,0.0,0.0
2026-05-28T02:14:26.756982+00:00,1779934466756,delta,0.961,0.88,0.9205,-0.081,0.12,0.039,0.0795,-0.081,0.0,0.0
2026-05-28T02:14:26.757373+00:00,1779934466757,delta,0.961,0.88,0.9205,-0.081,0.12,0.039,0.0795,-0.081,0.0,0.0
2026-05-28T02:14:26.757776+00:00,1779934466757,delta,0.961,0.88,0.9205,-0.081,0.12,0.039,0.0795,-0.081,0.0,0.0
2026-05-28T02:14:26.758145+00:00,1779934466758,delta,0.961,0.88,0.9205,-0.081,0.12,0.039,0.0795,-0.081,0.0,0.0
2026-05-28T02:14:26.804673+00:00,1779934466804,delta,0.961,0.88,0.9205,-0.081,0.12,0.039,0.0795,-0.081,0.0,0.0
2026-05-28T02:14:26.805487+00:00,1779934466805,delta,0.961,0.88,0.9205,-0.081,0.12,0.039,0.0795,-0.081,0.0,0.0
2026-05-28T02:14:26.806173+00:00,1779934466806,delta,0.961,0.88,0.9205,-0.081,0.12,0.039,0.0795,-0.081,0.0,0.0
2026-05-28T02:14:26.836769+00:00,1779934466836,delta,0.961,0.88,0.9205,-0.081,0.12,0.039,0.0795,-0.081,0.0,0.0
2026-05-28T02:14:26.838068+00:00,1779934466838,delta,0.961,0.88,0.9205,-0.081,0.12,0.039,0.0795,-0.081,0.0,0.0
2026-05-28T02:14:26.838993+00:00,1779934466838,delta,0.961,0.88,0.9205,-0.081,0.12,0.039,0.0795,-0.081,0.0,0.0
2026-05-28T02:14:26.839674+00:00,1779934466839,delta,0.961,0.88,0.9205,-0.081,0.12,0.039,0.0795,-0.081,0.0,0.0
2026-05-28T02:14:26.840327+00:00,1779934466840,delta,0.961,0.88,0.9205,-0.081,0.12,0.039,0.0795,-0.081,0.0,0.0
2026-05-28T02:14:26.862171+00:00,1779934466862,delta,0.961,0.88,0.9205,-0.081,0.12,0.039,0.0795,-0.081,0.0,0.0
2026-05-28T02:14:26.863047+00:00,1779934466863,delta,0.961,0.88,0.9205,-0.081,0.12,0.039,0.0795,-0.081,0.0,0.0
2026-05-28T02:14:26.884274+00:00,1779934466884,delta,0.961,0.88,0.9205,-0.081,0.12,0.039,0.0795,-0.081,0.0,0.0
2026-05-28T02:14:26.885206+00:00,1779934466885,delta,0.961,0.88,0.9205,-0.081,0.12,0.039,0.0795,-0.081,0.0,0.0
2026-05-28T02:14:26.886402+00:00,1779934466886,delta,0.961,0.88,0.9205,-0.081,0.12,0.039,0.0795,-0.081,0.0,0.0
2026-05-28T02:14:26.887148+00:00,1779934466887,delta,0.961,0.88,0.9205,-0.081,0.12,0.039,0.0795,-0.081,0.0,0.0
2026-05-28T02:14:26.887728+00:00,1779934466887,delta,0.961,0.88,0.9205,-0.081,0.12,0.039,0.0795,-0.081,0.0,0.0
2026-05-28T02:14:26.909569+00:00,1779934466909,delta,0.961,0.88,0.9205,-0.081,0.12,0.039,0.0795,-0.081,0.0,0.0
2026-05-28T02:14:26.910252+00:00,1779934466910,delta,0.961,0.88,0.9205,-0.081,0.12,0.039,0.0795,-0.081,0.0,0.0
2026-05-28T02:14:26.910968+00:00,1779934466910,delta,0.961,0.88,0.9205,-0.081,0.12,0.039,0.0795,-0.081,0.0,0.0
2026-05-28T02:14:26.911417+00:00,1779934466911,delta,0.961,0.88,0.9205,-0.081,0.12,0.039,0.0795,-0.081,0.0,0.0
2026-05-28T02:14:26.911830+00:00,1779934466911,delta,0.961,0.88,0.9205,-0.081,0.12,0.039,0.0795,-0.081,0.0,0.0
2026-05-28T02:14:26.912298+00:00,1779934466912,delta,0.961,0.88,0.9205,-0.081,0.12,0.039,0.0795,-0.081,0.0,0.0
2026-05-28T02:14:26.912710+00:00,1779934466912,delta,0.961,0.88,0.9205,-0.081,0.12,0.039,0.0795,-0.081,0.0,0.0
2026-05-28T02:14:26.944816+00:00,1779934466944,delta,0.961,0.88,0.9205,-0.081,0.12,0.039,0.0795,-0.081,0.0,0.0
2026-05-28T02:14:26.946005+00:00,1779934466946,delta,0.961,0.88,0.9205,-0.081,0.12,0.039,0.0795,-0.081,0.0,0.0
2026-05-28T02:14:26.946585+00:00,1779934466946,delta,0.961,0.88,0.9205,-0.081,0.12,0.039,0.0795,-0.081,0.0,0.0
2026-05-28T02:14:26.947099+00:00,1779934466947,delta,0.961,0.88,0.9205,-0.081,0.12,0.039,0.0795,-0.081,0.0,0.0
2026-05-28T02:14:26.970084+00:00,1779934466970,delta,0.961,0.88,0.9205,-0.081,0.12,0.039,0.0795,-0.081,0.0,0.0
2026-05-28T02:14:26.970842+00:00,1779934466970,delta,0.961,0.88,0.9205,-0.081,0.12,0.039,0.0795,-0.081,0.0,0.0
2026-05-28T02:14:26.971293+00:00,1779934466971,delta,0.961,0.88,0.9205,-0.081,0.12,0.039,0.0795,-0.081,0.0,0.0
2026-05-28T02:14:26.971810+00:00,1779934466971,delta,0.961,0.88,0.9205,-0.081,0.12,0.039,0.0795,-0.081,0.0,0.0
2026-05-28T02:14:26.972273+00:00,1779934466972,delta,0.961,0.88,0.9205,-0.081,0.12,0.039,0.0795,-0.081,0.0,0.0
2026-05-28T02:14:26.972629+00:00,1779934466972,delta,0.961,0.88,0.9205,-0.081,0.12,0.039,0.0795,-0.081,0.0,0.0
2026-05-28T02:14:26.994674+00:00,1779934466994,delta,0.961,0.88,0.9205,-0.081,0.12,0.039,0.0795,-0.081,0.0,0.0
2026-05-28T02:14:26.995504+00:00,1779934466995,delta,0.961,0.88,0.9205,-0.081,0.12,0.039,0.0795,-0.081,0.0,0.0
2026-05-28T02:14:26.996172+00:00,1779934466996,delta,0.961,0.88,0.9205,-0.081,0.12,0.039,0.0795,-0.081,0.0,0.0
2026-05-28T02:14:26.996805+00:00,1779934466996,delta,0.961,0.88,0.9205,-0.081,0.12,0.039,0.0795,-0.081,0.0,0.0
2026-05-28T02:14:26.997373+00:00,1779934466997,delta,0.961,0.88,0.9205,-0.081,0.12,0.039,0.0795,-0.081,0.0,0.0
2026-05-28T02:14:26.997931+00:00,1779934466997,delta,0.961,0.88,0.9205,-0.081,0.12,0.039,0.0795,-0.081,0.0,0.0
2026-05-28T02:14:26.998483+00:00,1779934466998,delta,0.961,0.88,0.9205,-0.081,0.12,0.039,0.0795,-0.081,0.0,0.0
2026-05-28T02:14:27.027188+00:00,1779934467027,delta,0.961,0.88,0.9205,-0.081,0.12,0.039,0.0795,-0.081,0.0,0.0
2026-05-28T02:14:27.028171+00:00,1779934467028,delta,0.961,0.88,0.9205,-0.081,0.12,0.039,0.0795,-0.081,0.0,0.0
2026-05-28T02:14:27.028818+00:00,1779934467028,delta,0.961,0.88,0.9205,-0.081,0.12,0.039,0.0795,-0.081,0.0,0.0
2026-05-28T02:14:27.029346+00:00,1779934467029,delta,0.961,0.88,0.9205,-0.081,0.12,0.039,0.0795,-0.081,0.0,0.0
2026-05-28T02:14:27.068249+00:00,1779934467068,delta,0.961,0.88,0.9205,-0.081,0.12,0.039,0.0795,-0.081,0.0,0.0
2026-05-28T02:14:27.070218+00:00,1779934467070,delta,0.961,0.88,0.9205,-0.081,0.12,0.039,0.0795,-0.081,0.0,0.0
2026-05-28T02:14:27.070803+00:00,1779934467070,delta,0.961,0.88,0.9205,-0.081,0.12,0.039,0.0795,-0.081,0.0,0.0
2026-05-28T02:14:27.105895+00:00,1779934467105,delta,0.961,0.88,0.9205,-0.081,0.12,0.039,0.0795,-0.081,0.0,0.0
2026-05-28T02:14:27.106532+00:00,1779934467106,delta,0.961,0.88,0.9205,-0.081,0.12,0.039,0.0795,-0.081,0.0,0.0
2026-05-28T02:14:27.107459+00:00,1779934467107,delta,0.961,0.88,0.9205,-0.081,0.12,0.039,0.0795,-0.081,0.0,0.0
2026-05-28T02:14:27.143932+00:00,1779934467143,delta,0.961,0.88,0.9205,-0.081,0.12,0.039,0.0795,-0.081,0.0,0.0
2026-05-28T02:14:27.144605+00:00,1779934467144,delta,0.961,0.88,0.9205,-0.081,0.12,0.039,0.0795,-0.081,0.0,0.0
2026-05-28T02:14:27.145149+00:00,1779934467145,delta,0.961,0.88,0.9205,-0.081,0.12,0.039,0.0795,-0.081,0.0,0.0
2026-05-28T02:14:27.145605+00:00,1779934467145,delta,0.961,0.88,0.9205,-0.081,0.12,0.039,0.0795,-0.081,0.0,0.0
2026-05-28T02:14:27.157816+00:00,1779934467157,delta,0.961,0.88,0.9205,-0.081,0.12,0.039,0.0795,-0.081,0.0,0.0
2026-05-28T02:14:27.163819+00:00,1779934467163,delta,0.961,0.88,0.9205,-0.081,0.12,0.039,0.0795,-0.081,0.0,0.0
2026-05-28T02:14:27.184577+00:00,1779934467184,delta,0.961,0.88,0.9205,-0.081,0.12,0.039,0.0795,-0.081,0.0,0.0
2026-05-28T02:14:27.186622+00:00,1779934467186,delta,0.961,0.88,0.9205,-0.081,0.12,0.039,0.0795,-0.081,0.0,0.0
2026-05-28T02:14:27.187484+00:00,1779934467187,delta,0.961,0.88,0.9205,-0.081,0.12,0.039,0.0795,-0.081,0.0,0.0
2026-05-28T02:14:27.188133+00:00,1779934467188,delta,0.961,0.88,0.9205,-0.081,0.12,0.039,0.0795,-0.081,0.0,0.0
2026-05-28T02:14:27.188667+00:00,1779934467188,delta,0.961,0.88,0.9205,-0.081,0.12,0.039,0.0795,-0.081,0.0,0.0
2026-05-28T02:14:27.189191+00:00,1779934467189,delta,0.961,0.88,0.9205,-0.081,0.12,0.039,0.0795,-0.081,0.0,0.0
2026-05-28T02:14:27.189690+00:00,1779934467189,delta,0.961,0.88,0.9205,-0.081,0.12,0.039,0.0795,-0.081,0.0,0.0
2026-05-28T02:14:27.190215+00:00,1779934467190,delta,0.961,0.88,0.9205,-0.081,0.12,0.039,0.0795,-0.081,0.0,0.0
2026-05-28T02:14:27.210221+00:00,1779934467210,delta,0.961,0.88,0.9205,-0.081,0.12,0.039,0.0795,-0.081,0.0,0.0
2026-05-28T02:14:27.210836+00:00,1779934467210,delta,0.961,0.88,0.9205,-0.081,0.12,0.039,0.0795,-0.081,0.0,0.0
2026-05-28T02:14:27.211420+00:00,1779934467211,delta,0.961,0.88,0.9205,-0.081,0.12,0.039,0.0795,-0.081,0.0,0.0
2026-05-28T02:14:27.211916+00:00,1779934467211,delta,0.961,0.88,0.9205,-0.081,0.12,0.039,0.0795,-0.081,0.0,0.0
2026-05-28T02:14:27.237807+00:00,1779934467237,delta,0.961,0.88,0.9205,-0.081,0.12,0.039,0.0795,-0.081,0.0,0.0
2026-05-28T02:14:27.240993+00:00,1779934467240,delta,0.961,0.88,0.9205,-0.081,0.12,0.039,0.0795,-0.081,0.0,0.0
2026-05-28T02:14:27.241577+00:00,1779934467241,delta,0.961,0.88,0.9205,-0.081,0.12,0.039,0.0795,-0.081,0.0,0.0
2026-05-28T02:14:27.259069+00:00,1779934467259,delta,0.961,0.88,0.9205,-0.081,0.12,0.039,0.0795,-0.081,0.0,0.0
2026-05-28T02:14:27.260038+00:00,1779934467260,delta,0.961,0.88,0.9205,-0.081,0.12,0.039,0.0795,-0.081,0.0,0.0
2026-05-28T02:14:27.260736+00:00,1779934467260,delta,0.961,0.88,0.9205,-0.081,0.12,0.039,0.0795,-0.081,0.0,0.0
2026-05-28T02:14:27.261404+00:00,1779934467261,delta,0.961,0.88,0.9205,-0.081,0.12,0.039,0.0795,-0.081,0.0,0.0
2026-05-28T02:14:27.261941+00:00,1779934467261,delta,0.961,0.88,0.9205,-0.081,0.12,0.039,0.0795,-0.081,0.0,0.0
2026-05-28T02:14:27.262459+00:00,1779934467262,delta,0.961,0.88,0.9205,-0.081,0.12,0.039,0.0795,-0.081,0.0,0.0
2026-05-28T02:14:27.263085+00:00,1779934467263,delta,0.961,0.88,0.9205,-0.081,0.12,0.039,0.0795,-0.081,0.0,0.0
2026-05-28T02:14:27.315154+00:00,1779934467315,delta,0.961,0.88,0.9205,-0.081,0.12,0.039,0.0795,-0.081,0.0,0.0
2026-05-28T02:14:27.321299+00:00,1779934467321,delta,0.961,0.88,0.9205,-0.081,0.12,0.039,0.0795,-0.081,0.0,0.0
2026-05-28T02:14:27.340871+00:00,1779934467340,delta,0.961,0.88,0.9205,-0.081,0.12,0.039,0.0795,-0.081,0.0,0.0
2026-05-28T02:14:27.341499+00:00,1779934467341,delta,0.961,0.88,0.9205,-0.081,0.12,0.039,0.0795,-0.081,0.0,0.0
2026-05-28T02:14:27.342021+00:00,1779934467342,delta,0.961,0.88,0.9205,-0.081,0.12,0.039,0.0795,-0.081,0.0,0.0
2026-05-28T02:14:27.342477+00:00,1779934467342,delta,0.961,0.88,0.9205,-0.081,0.12,0.039,0.0795,-0.081,0.0,0.0
2026-05-28T02:14:27.342861+00:00,1779934467342,delta,0.961,0.88,0.9205,-0.081,0.12,0.039,0.0795,-0.081,0.0,0.0
2026-05-28T02:14:27.343218+00:00,1779934467343,delta,0.961,0.88,0.9205,-0.081,0.12,0.039,0.0795,-0.081,0.0,0.0
2026-05-28T02:14:27.343588+00:00,1779934467343,delta,0.961,0.88,0.9205,-0.081,0.12,0.039,0.0795,-0.081,0.0,0.0
2026-05-28T02:14:27.343988+00:00,1779934467343,delta,0.961,0.88,0.9205,-0.081,0.12,0.039,0.0795,-0.081,0.0,0.0
2026-05-28T02:14:27.344373+00:00,1779934467344,delta,0.961,0.88,0.9205,-0.081,0.12,0.039,0.0795,-0.081,0.0,0.0
2026-05-28T02:14:27.344783+00:00,1779934467344,delta,0.961,0.88,0.9205,-0.081,0.12,0.039,0.0795,-0.081,0.0,0.0
2026-05-28T02:14:27.345146+00:00,1779934467345,delta,0.961,0.88,0.9205,-0.081,0.12,0.039,0.0795,-0.081,0.0,0.0
2026-05-28T02:14:27.368053+00:00,1779934467368,delta,0.961,0.88,0.9205,-0.081,0.12,0.039,0.0795,-0.081,0.0,0.0
2026-05-28T02:14:27.369975+00:00,1779934467369,delta,0.961,0.88,0.9205,-0.081,0.12,0.039,0.0795,-0.081,0.0,0.0
2026-05-28T02:14:27.370553+00:00,1779934467370,delta,0.961,0.88,0.9205,-0.081,0.12,0.039,0.0795,-0.081,0.0,0.0
2026-05-28T02:14:27.371087+00:00,1779934467371,delta,0.961,0.88,0.9205,-0.081,0.12,0.039,0.0795,-0.081,175.0,0.0
2026-05-28T02:14:27.371589+00:00,1779934467371,delta,0.961,0.88,0.9205,-0.081,0.12,0.039,0.0795,-0.081,350.0,0.0
2026-05-28T02:14:27.372135+00:00,1779934467372,delta,0.961,0.88,0.9205,-0.081,0.12,0.039,0.0795,-0.081,350.0,0.0
2026-05-28T02:14:27.372614+00:00,1779934467372,delta,0.961,0.88,0.9205,-0.081,0.12,0.039,0.0795,-0.081,350.0,0.0
2026-05-28T02:14:27.373105+00:00,1779934467373,delta,0.961,0.88,0.9205,-0.081,0.12,0.039,0.0795,-0.081,350.0,0.0
2026-05-28T02:14:27.373599+00:00,1779934467373,delta,0.961,0.88,0.9205,-0.081,0.12,0.039,0.0795,-0.081,350.0,0.0
2026-05-28T02:14:27.374121+00:00,1779934467374,delta,0.961,0.88,0.9205,-0.081,0.12,0.039,0.0795,-0.081,350.0,0.0
2026-05-28T02:14:27.374547+00:00,1779934467374,delta,0.961,0.88,0.9205,-0.081,0.12,0.039,0.0795,-0.081,350.0,0.0
2026-05-28T02:14:27.375013+00:00,1779934467375,delta,0.961,0.88,0.9205,-0.081,0.12,0.039,0.0795,-0.081,350.0,0.0
2026-05-28T02:14:27.375477+00:00,1779934467375,delta,0.961,0.88,0.9205,-0.081,0.12,0.039,0.0795,-0.081,350.0,0.0
2026-05-28T02:14:27.375932+00:00,1779934467375,delta,0.961,0.88,0.9205,-0.081,0.12,0.039,0.0795,-0.081,350.0,0.0
2026-05-28T02:14:27.376388+00:00,1779934467376,delta,0.961,0.88,0.9205,-0.081,0.12,0.039,0.0795,-0.081,350.0,0.0
2026-05-28T02:14:27.392406+00:00,1779934467392,delta,0.961,0.88,0.9205,-0.081,0.12,0.039,0.0795,-0.081,350.0,0.0
2026-05-28T02:14:27.393591+00:00,1779934467393,delta,0.961,0.88,0.9205,-0.081,0.12,0.039,0.0795,-0.081,350.0,0.0
2026-05-28T02:14:27.394150+00:00,1779934467394,delta,0.963,0.88,0.9215,-0.083,0.12,0.037,0.0785,-0.083,350.0,0.0
2026-05-28T02:14:27.394558+00:00,1779934467394,delta,0.965,0.88,0.9225,-0.085,0.12,0.035,0.0775,-0.085,350.0,0.0
2026-05-28T02:14:27.420478+00:00,1779934467420,delta,0.965,0.88,0.9225,-0.085,0.12,0.035,0.0775,-0.085,350.0,0.0
2026-05-28T02:14:27.421154+00:00,1779934467421,delta,0.965,0.88,0.9225,-0.085,0.12,0.035,0.0775,-0.085,370.0,0.0
2026-05-28T02:14:27.421655+00:00,1779934467421,delta,0.965,0.88,0.9225,-0.085,0.12,0.035,0.0775,-0.085,370.0,0.0
2026-05-28T02:14:27.422157+00:00,1779934467422,delta,0.965,0.88,0.9225,-0.085,0.12,0.035,0.0775,-0.085,420.0,0.0
2026-05-28T02:14:27.422655+00:00,1779934467422,delta,0.965,0.88,0.9225,-0.085,0.12,0.035,0.0775,-0.085,420.0,0.0
2026-05-28T02:14:27.423090+00:00,1779934467423,delta,0.965,0.88,0.9225,-0.085,0.12,0.035,0.0775,-0.085,420.0,0.0
2026-05-28T02:14:27.448338+00:00,1779934467448,delta,0.965,0.88,0.9225,-0.085,0.12,0.035,0.0775,-0.085,400.0,0.0
2026-05-28T02:14:27.449049+00:00,1779934467449,delta,0.965,0.88,0.9225,-0.085,0.12,0.035,0.0775,-0.085,412.0,0.0
2026-05-28T02:14:27.449656+00:00,1779934467449,delta,0.965,0.88,0.9225,-0.085,0.12,0.035,0.0775,-0.085,412.0,0.0
2026-05-28T02:14:27.471207+00:00,1779934467471,delta,0.965,0.88,0.9225,-0.085,0.12,0.035,0.0775,-0.085,412.0,0.0
2026-05-28T02:14:27.471820+00:00,1779934467471,delta,0.965,0.88,0.9225,-0.085,0.12,0.035,0.0775,-0.085,412.0,0.0
2026-05-28T02:14:27.472338+00:00,1779934467472,delta,0.965,0.88,0.9225,-0.085,0.12,0.035,0.0775,-0.085,444.82,0.0
2026-05-28T02:14:27.472809+00:00,1779934467472,delta,0.965,0.88,0.9225,-0.085,0.12,0.035,0.0775,-0.085,444.82,0.0
2026-05-28T02:14:27.473202+00:00,1779934467473,delta,0.965,0.88,0.9225,-0.085,0.12,0.035,0.0775,-0.085,444.82,0.0
2026-05-28T02:14:27.525660+00:00,1779934467525,delta,0.965,0.88,0.9225,-0.085,0.12,0.035,0.0775,-0.085,444.82,0.0
2026-05-28T02:14:27.526381+00:00,1779934467526,delta,0.965,0.88,0.9225,-0.085,0.12,0.035,0.0775,-0.085,444.82,0.0
2026-05-28T02:14:27.527055+00:00,1779934467527,delta,0.965,0.88,0.9225,-0.085,0.12,0.035,0.0775,-0.085,444.82,0.0
2026-05-28T02:14:27.527480+00:00,1779934467527,delta,0.965,0.88,0.9225,-0.085,0.12,0.035,0.0775,-0.085,444.82,0.0
2026-05-28T02:14:27.527947+00:00,1779934467527,delta,0.965,0.88,0.9225,-0.085,0.12,0.035,0.0775,-0.085,444.82,0.0
2026-05-28T02:14:27.528328+00:00,1779934467528,delta,0.965,0.88,0.9225,-0.085,0.12,0.035,0.0775,-0.085,444.82,0.0
2026-05-28T02:14:27.528695+00:00,1779934467528,delta,0.965,0.88,0.9225,-0.085,0.12,0.035,0.0775,-0.085,444.82,0.0
2026-05-28T02:14:27.529051+00:00,1779934467529,delta,0.965,0.88,0.9225,-0.085,0.12,0.035,0.0775,-0.085,444.82,0.0
2026-05-28T02:14:27.529439+00:00,1779934467529,delta,0.965,0.88,0.9225,-0.085,0.12,0.035,0.0775,-0.085,444.82,0.0
2026-05-28T02:14:27.529884+00:00,1779934467529,delta,0.965,0.88,0.9225,-0.085,0.12,0.035,0.0775,-0.085,444.82,0.0
2026-05-28T02:14:27.530247+00:00,1779934467530,delta,0.965,0.88,0.9225,-0.085,0.12,0.035,0.0775,-0.085,444.82,0.0
2026-05-28T02:14:27.530599+00:00,1779934467530,delta,0.965,0.88,0.9225,-0.085,0.12,0.035,0.0775,-0.085,444.82,0.0
2026-05-28T02:14:27.530955+00:00,1779934467530,delta,0.965,0.88,0.9225,-0.085,0.12,0.035,0.0775,-0.085,444.82,0.0
2026-05-28T02:14:27.531334+00:00,1779934467531,delta,0.965,0.88,0.9225,-0.085,0.12,0.035,0.0775,-0.085,444.82,0.0
2026-05-28T02:14:27.531734+00:00,1779934467531,delta,0.965,0.88,0.9225,-0.085,0.12,0.035,0.0775,-0.085,444.82,0.0
2026-05-28T02:14:27.532153+00:00,1779934467532,delta,0.965,0.88,0.9225,-0.085,0.12,0.035,0.0775,-0.085,394.82,0.0
2026-05-28T02:14:27.532522+00:00,1779934467532,delta,0.966,0.88,0.923,-0.086,0.12,0.034,0.077,-0.086,444.82,0.0
2026-05-28T02:14:27.532870+00:00,1779934467532,delta,0.966,0.88,0.923,-0.086,0.12,0.034,0.077,-0.086,444.82,0.0
2026-05-28T02:14:27.533192+00:00,1779934467533,delta,0.966,0.88,0.923,-0.086,0.12,0.034,0.077,-0.086,444.82,0.0
2026-05-28T02:14:27.533554+00:00,1779934467533,delta,0.966,0.88,0.923,-0.086,0.12,0.034,0.077,-0.086,644.82,0.0
2026-05-28T02:14:27.533876+00:00,1779934467533,delta,0.966,0.88,0.923,-0.086,0.12,0.034,0.077,-0.086,824.82,0.0
2026-05-28T02:14:27.534212+00:00,1779934467534,delta,0.966,0.88,0.923,-0.086,0.12,0.034,0.077,-0.086,824.82,0.0
2026-05-28T02:14:27.534593+00:00,1779934467534,delta,0.966,0.88,0.923,-0.086,0.12,0.034,0.077,-0.086,824.82,0.0
2026-05-28T02:14:27.535852+00:00,1779934467535,delta,0.966,0.88,0.923,-0.086,0.12,0.034,0.077,-0.086,824.82,0.0
2026-05-28T02:14:27.536505+00:00,1779934467536,delta,0.966,0.88,0.923,-0.086,0.12,0.034,0.077,-0.086,824.82,0.0
2026-05-28T02:14:27.557269+00:00,1779934467557,delta,0.966,0.88,0.923,-0.086,0.12,0.034,0.077,-0.086,824.82,0.0
2026-05-28T02:14:27.558006+00:00,1779934467558,delta,0.966,0.88,0.923,-0.086,0.12,0.034,0.077,-0.086,824.82,0.0
2026-05-28T02:14:27.558524+00:00,1779934467558,delta,0.97,0.88,0.925,-0.09,0.12,0.03,0.075,-0.09,824.82,0.0
2026-05-28T02:14:27.558926+00:00,1779934467558,delta,0.97,0.88,0.925,-0.09,0.12,0.03,0.075,-0.09,780.0,0.0
2026-05-28T02:14:27.559335+00:00,1779934467559,delta,0.972,0.88,0.926,-0.092,0.12,0.028,0.074,-0.092,525.0,0.0
2026-05-28T02:14:27.559757+00:00,1779934467559,delta,0.972,0.88,0.926,-0.092,0.12,0.028,0.074,-0.092,525.0,0.0
2026-05-28T02:14:27.560210+00:00,1779934467560,delta,0.972,0.88,0.926,-0.092,0.12,0.028,0.074,-0.092,525.0,0.0
2026-05-28T02:14:27.560577+00:00,1779934467560,delta,0.972,0.88,0.926,-0.092,0.12,0.028,0.074,-0.092,525.0,0.0
2026-05-28T02:14:27.586405+00:00,1779934467586,delta,0.97,0.88,0.925,-0.09,0.12,0.03,0.075,-0.09,780.0,0.0
2026-05-28T02:14:27.587375+00:00,1779934467587,delta,0.968,0.88,0.924,-0.088,0.12,0.032,0.076,-0.088,824.82,0.0
2026-05-28T02:14:27.587894+00:00,1779934467587,delta,0.966,0.88,0.923,-0.086,0.12,0.034,0.077,-0.086,824.82,0.0
2026-05-28T02:14:27.588446+00:00,1779934467588,delta,0.966,0.88,0.923,-0.086,0.12,0.034,0.077,-0.086,774.82,0.0
2026-05-28T02:14:27.588879+00:00,1779934467588,delta,0.966,0.88,0.923,-0.086,0.12,0.034,0.077,-0.086,574.82,0.0
2026-05-28T02:14:27.589364+00:00,1779934467589,delta,0.966,0.88,0.923,-0.086,0.12,0.034,0.077,-0.086,457.82,0.0
2026-05-28T02:14:27.589827+00:00,1779934467589,delta,0.966,0.88,0.923,-0.086,0.12,0.034,0.077,-0.086,457.82,0.0
2026-05-28T02:14:27.590252+00:00,1779934467590,delta,0.966,0.88,0.923,-0.086,0.12,0.034,0.077,-0.086,457.82,0.0
2026-05-28T02:14:27.590635+00:00,1779934467590,delta,0.966,0.88,0.923,-0.086,0.12,0.034,0.077,-0.086,457.82,0.0
2026-05-28T02:14:27.591001+00:00,1779934467591,delta,0.966,0.88,0.923,-0.086,0.12,0.034,0.077,-0.086,425.0,0.0
2026-05-28T02:14:27.591355+00:00,1779934467591,delta,0.966,0.88,0.923,-0.086,0.12,0.034,0.077,-0.086,457.79,0.0
2026-05-28T02:14:27.592928+00:00,1779934467592,delta,0.966,0.88,0.923,-0.086,0.12,0.034,0.077,-0.086,445.79,0.0
2026-05-28T02:14:27.593525+00:00,1779934467593,delta,0.966,0.88,0.923,-0.086,0.12,0.034,0.077,-0.086,382.79,0.0
2026-05-28T02:14:27.594025+00:00,1779934467594,delta,0.966,0.88,0.923,-0.086,0.12,0.034,0.077,-0.086,382.79,0.0
2026-05-28T02:14:27.594421+00:00,1779934467594,delta,0.966,0.88,0.923,-0.086,0.12,0.034,0.077,-0.086,382.79,0.0
2026-05-28T02:14:27.617668+00:00,1779934467617,delta,0.967,0.88,0.9235,-0.087,0.12,0.033,0.0765,-0.087,232.79,0.0
2026-05-28T02:14:27.619257+00:00,1779934467619,delta,0.967,0.88,0.9235,-0.087,0.12,0.033,0.0765,-0.087,232.79,0.0
2026-05-28T02:14:27.620219+00:00,1779934467620,delta,0.967,0.88,0.9235,-0.087,0.12,0.033,0.0765,-0.087,232.79,0.0
2026-05-28T02:14:27.620867+00:00,1779934467620,delta,0.967,0.88,0.9235,-0.087,0.12,0.033,0.0765,-0.087,375.0,0.0
2026-05-28T02:14:27.621424+00:00,1779934467621,delta,0.965,0.88,0.9225,-0.085,0.12,0.035,0.0775,-0.085,350.0,0.0
2026-05-28T02:14:27.621926+00:00,1779934467621,delta,0.973,0.88,0.9265,-0.093,0.12,0.027,0.0735,-0.093,362.0,0.0
2026-05-28T02:14:27.622523+00:00,1779934467622,delta,0.973,0.88,0.9265,-0.093,0.12,0.027,0.0735,-0.093,362.0,0.0
2026-05-28T02:14:27.623113+00:00,1779934467623,delta,0.973,0.88,0.9265,-0.093,0.12,0.027,0.0735,-0.093,362.0,0.0
2026-05-28T02:14:27.623545+00:00,1779934467623,delta,0.973,0.88,0.9265,-0.093,0.12,0.027,0.0735,-0.093,537.0,0.0
2026-05-28T02:14:27.624100+00:00,1779934467624,delta,0.973,0.88,0.9265,-0.093,0.12,0.027,0.0735,-0.093,537.0,0.0
2026-05-28T02:14:27.624622+00:00,1779934467624,delta,0.973,0.88,0.9265,-0.093,0.12,0.027,0.0735,-0.093,537.0,0.0
2026-05-28T02:14:27.625164+00:00,1779934467625,delta,0.973,0.88,0.9265,-0.093,0.12,0.027,0.0735,-0.093,537.0,0.0
2026-05-28T02:14:27.625771+00:00,1779934467625,delta,0.973,0.88,0.9265,-0.093,0.12,0.027,0.0735,-0.093,537.0,0.0
2026-05-28T02:14:27.626323+00:00,1779934467626,delta,0.973,0.88,0.9265,-0.093,0.12,0.027,0.0735,-0.093,537.0,0.0
2026-05-28T02:14:27.626766+00:00,1779934467626,delta,0.973,0.88,0.9265,-0.093,0.12,0.027,0.0735,-0.093,537.0,0.0
2026-05-28T02:14:27.652254+00:00,1779934467652,delta,0.973,0.88,0.9265,-0.093,0.12,0.027,0.0735,-0.093,525.0,0.0
2026-05-28T02:14:27.653763+00:00,1779934467653,delta,0.973,0.88,0.9265,-0.093,0.12,0.027,0.0735,-0.093,525.0,0.0
2026-05-28T02:14:27.654730+00:00,1779934467654,delta,0.973,0.88,0.9265,-0.093,0.12,0.027,0.0735,-0.093,705.0,0.0
2026-05-28T02:14:27.655577+00:00,1779934467655,delta,0.973,0.88,0.9265,-0.093,0.12,0.027,0.0735,-0.093,905.0,0.0
2026-05-28T02:14:27.656099+00:00,1779934467656,delta,0.973,0.88,0.9265,-0.093,0.12,0.027,0.0735,-0.093,905.0,0.0
2026-05-28T02:14:27.656611+00:00,1779934467656,delta,0.973,0.88,0.9265,-0.093,0.12,0.027,0.0735,-0.093,775.15,0.0
2026-05-28T02:14:27.657132+00:00,1779934467657,delta,0.973,0.88,0.9265,-0.093,0.12,0.027,0.0735,-0.093,775.15,0.0
2026-05-28T02:14:27.657755+00:00,1779934467657,delta,0.973,0.88,0.9265,-0.093,0.12,0.027,0.0735,-0.093,775.15,0.0
2026-05-28T02:14:27.658216+00:00,1779934467658,delta,0.973,0.88,0.9265,-0.093,0.12,0.027,0.0735,-0.093,775.15,0.0
2026-05-28T02:14:27.658611+00:00,1779934467658,delta,0.973,0.88,0.9265,-0.093,0.12,0.027,0.0735,-0.093,775.15,0.0
2026-05-28T02:14:27.684315+00:00,1779934467684,delta,0.973,0.88,0.9265,-0.093,0.12,0.027,0.0735,-0.093,775.15,0.0
2026-05-28T02:14:27.685642+00:00,1779934467685,delta,0.973,0.88,0.9265,-0.093,0.12,0.027,0.0735,-0.093,792.15,0.0
2026-05-28T02:14:27.687007+00:00,1779934467687,delta,0.973,0.88,0.9265,-0.093,0.12,0.027,0.0735,-0.093,792.15,0.0
2026-05-28T02:14:27.687772+00:00,1779934467687,delta,0.973,0.88,0.9265,-0.093,0.12,0.027,0.0735,-0.093,747.0,0.0
2026-05-28T02:14:27.688273+00:00,1779934467688,delta,0.973,0.88,0.9265,-0.093,0.12,0.027,0.0735,-0.093,747.0,0.0
2026-05-28T02:14:27.688710+00:00,1779934467688,delta,0.973,0.88,0.9265,-0.093,0.12,0.027,0.0735,-0.093,747.0,0.0
2026-05-28T02:14:27.689140+00:00,1779934467689,delta,0.973,0.88,0.9265,-0.093,0.12,0.027,0.0735,-0.093,747.0,0.0
2026-05-28T02:14:27.689598+00:00,1779934467689,delta,0.973,0.88,0.9265,-0.093,0.12,0.027,0.0735,-0.093,780.22,0.0
2026-05-28T02:14:27.722154+00:00,1779934467722,delta,0.973,0.88,0.9265,-0.093,0.12,0.027,0.0735,-0.093,780.22,0.0
2026-05-28T02:14:27.723009+00:00,1779934467723,delta,0.973,0.88,0.9265,-0.093,0.12,0.027,0.0735,-0.093,580.22,0.0
2026-05-28T02:14:27.723634+00:00,1779934467723,delta,0.973,0.88,0.9265,-0.093,0.12,0.027,0.0735,-0.093,400.22,0.0
2026-05-28T02:14:27.724216+00:00,1779934467724,delta,0.973,0.88,0.9265,-0.093,0.12,0.027,0.0735,-0.093,400.22,0.0
2026-05-28T02:14:27.724698+00:00,1779934467724,delta,0.973,0.88,0.9265,-0.093,0.12,0.027,0.0735,-0.093,400.22,0.0
2026-05-28T02:14:27.725111+00:00,1779934467725,delta,0.973,0.88,0.9265,-0.093,0.12,0.027,0.0735,-0.093,400.22,0.0
2026-05-28T02:14:27.753414+00:00,1779934467753,delta,0.973,0.88,0.9265,-0.093,0.12,0.027,0.0735,-0.093,400.22,0.0
2026-05-28T02:14:27.754851+00:00,1779934467754,delta,0.973,0.88,0.9265,-0.093,0.12,0.027,0.0735,-0.093,580.22,0.0
2026-05-28T02:14:27.755662+00:00,1779934467755,delta,0.973,0.88,0.9265,-0.093,0.12,0.027,0.0735,-0.093,580.22,0.0
2026-05-28T02:14:27.756191+00:00,1779934467756,delta,0.973,0.88,0.9265,-0.093,0.12,0.027,0.0735,-0.093,580.22,0.0
2026-05-28T02:14:27.776584+00:00,1779934467776,delta,0.973,0.88,0.9265,-0.093,0.12,0.027,0.0735,-0.093,547.0,0.0
2026-05-28T02:14:27.777355+00:00,1779934467777,delta,0.973,0.88,0.9265,-0.093,0.12,0.027,0.0735,-0.093,547.0,0.0
2026-05-28T02:14:27.777991+00:00,1779934467777,delta,0.973,0.88,0.9265,-0.093,0.12,0.027,0.0735,-0.093,572.0,0.0
2026-05-28T02:14:27.778524+00:00,1779934467778,delta,0.973,0.88,0.9265,-0.093,0.12,0.027,0.0735,-0.093,555.0,0.0
2026-05-28T02:14:27.779171+00:00,1779934467779,delta,0.973,0.88,0.9265,-0.093,0.12,0.027,0.0735,-0.093,546.24,0.0
2026-05-28T02:14:27.784908+00:00,1779934467784,delta,0.973,0.88,0.9265,-0.093,0.12,0.027,0.0735,-0.093,546.24,0.0
2026-05-28T02:14:27.786738+00:00,1779934467786,delta,0.973,0.88,0.9265,-0.093,0.12,0.027,0.0735,-0.093,579.49,0.0
2026-05-28T02:14:27.803757+00:00,1779934467803,delta,0.973,0.88,0.9265,-0.093,0.12,0.027,0.0735,-0.093,399.49,0.0
2026-05-28T02:14:27.805294+00:00,1779934467805,delta,0.973,0.88,0.9265,-0.093,0.12,0.027,0.0735,-0.093,399.49,0.0
2026-05-28T02:14:27.805974+00:00,1779934467805,delta,0.973,0.88,0.9265,-0.093,0.12,0.027,0.0735,-0.093,208.25,0.0
2026-05-28T02:14:27.806507+00:00,1779934467806,delta,0.973,0.88,0.9265,-0.093,0.12,0.027,0.0735,-0.093,199.49,0.0
2026-05-28T02:14:27.830941+00:00,1779934467830,delta,0.973,0.88,0.9265,-0.093,0.12,0.027,0.0735,-0.093,199.49,0.0
2026-05-28T02:14:27.831630+00:00,1779934467831,delta,0.973,0.88,0.9265,-0.093,0.12,0.027,0.0735,-0.093,199.49,0.0
2026-05-28T02:14:27.860618+00:00,1779934467860,delta,0.973,0.88,0.9265,-0.093,0.12,0.027,0.0735,-0.093,399.49,0.0
2026-05-28T02:14:27.861389+00:00,1779934467861,delta,0.973,0.88,0.9265,-0.093,0.12,0.027,0.0735,-0.093,579.49,0.0
2026-05-28T02:14:27.861926+00:00,1779934467861,delta,0.973,0.88,0.9265,-0.093,0.12,0.027,0.0735,-0.093,555.0,0.0
2026-05-28T02:14:27.862357+00:00,1779934467862,delta,0.973,0.88,0.9265,-0.093,0.12,0.027,0.0735,-0.093,555.0,0.0
2026-05-28T02:14:27.862831+00:00,1779934467862,delta,0.973,0.88,0.9265,-0.093,0.12,0.027,0.0735,-0.093,555.0,0.0
2026-05-28T02:14:27.895126+00:00,1779934467895,delta,0.973,0.88,0.9265,-0.093,0.12,0.027,0.0735,-0.093,588.29,0.0
2026-05-28T02:14:27.895846+00:00,1779934467895,delta,0.973,0.88,0.9265,-0.093,0.12,0.027,0.0735,-0.093,588.29,0.0
2026-05-28T02:14:27.896612+00:00,1779934467896,delta,0.973,0.88,0.9265,-0.093,0.12,0.027,0.0735,-0.093,588.29,0.0
2026-05-28T02:14:27.917723+00:00,1779934467917,delta,0.973,0.88,0.9265,-0.093,0.12,0.027,0.0735,-0.093,555.0,0.0
2026-05-28T02:14:27.919918+00:00,1779934467919,delta,0.973,0.88,0.9265,-0.093,0.12,0.027,0.0735,-0.093,588.25,0.0
2026-05-28T02:14:27.944153+00:00,1779934467944,delta,0.973,0.88,0.9265,-0.093,0.12,0.027,0.0735,-0.093,571.25,0.0
2026-05-28T02:14:27.947321+00:00,1779934467947,delta,0.973,0.88,0.9265,-0.093,0.12,0.027,0.0735,-0.093,571.25,0.0
2026-05-28T02:14:27.947914+00:00,1779934467947,delta,0.973,0.88,0.9265,-0.093,0.12,0.027,0.0735,-0.093,571.25,0.0
2026-05-28T02:14:27.967139+00:00,1779934467967,delta,0.973,0.88,0.9265,-0.093,0.12,0.027,0.0735,-0.093,571.25,0.0
2026-05-28T02:14:27.969381+00:00,1779934467969,delta,0.973,0.88,0.9265,-0.093,0.12,0.027,0.0735,-0.093,571.25,0.0
2026-05-28T02:14:27.970276+00:00,1779934467970,delta,0.973,0.88,0.9265,-0.093,0.12,0.027,0.0735,-0.093,571.25,0.0
2026-05-28T02:14:27.993062+00:00,1779934467993,delta,0.973,0.88,0.9265,-0.093,0.12,0.027,0.0735,-0.093,388.25,0.0
2026-05-28T02:14:27.993721+00:00,1779934467993,delta,0.973,0.88,0.9265,-0.093,0.12,0.027,0.0735,-0.093,388.25,0.0
2026-05-28T02:14:27.994159+00:00,1779934467994,delta,0.973,0.88,0.9265,-0.093,0.12,0.027,0.0735,-0.093,208.25,0.0
2026-05-28T02:14:28.021293+00:00,1779934468021,delta,0.973,0.88,0.9265,-0.093,0.12,0.027,0.0735,-0.093,208.25,0.0
2026-05-28T02:14:28.021927+00:00,1779934468021,delta,0.973,0.88,0.9265,-0.093,0.12,0.027,0.0735,-0.093,208.25,0.0
2026-05-28T02:14:28.022486+00:00,1779934468022,delta,0.973,0.88,0.9265,-0.093,0.12,0.027,0.0735,-0.093,408.25,0.0
2026-05-28T02:14:28.022885+00:00,1779934468022,delta,0.973,0.88,0.9265,-0.093,0.12,0.027,0.0735,-0.093,408.25,0.0
2026-05-28T02:14:28.049843+00:00,1779934468049,delta,0.973,0.88,0.9265,-0.093,0.12,0.027,0.0735,-0.093,588.25,0.0
2026-05-28T02:14:28.050808+00:00,1779934468050,delta,0.973,0.88,0.9265,-0.093,0.12,0.027,0.0735,-0.093,730.0,0.0
2026-05-28T02:14:28.051599+00:00,1779934468051,delta,0.973,0.88,0.9265,-0.093,0.12,0.027,0.0735,-0.093,730.0,0.0
2026-05-28T02:14:28.053129+00:00,1779934468053,delta,0.973,0.88,0.9265,-0.093,0.12,0.027,0.0735,-0.093,730.0,0.0
2026-05-28T02:14:28.114222+00:00,1779934468114,delta,0.973,0.88,0.9265,-0.093,0.12,0.027,0.0735,-0.093,730.0,0.0
2026-05-28T02:14:28.115130+00:00,1779934468115,delta,0.973,0.88,0.9265,-0.093,0.12,0.027,0.0735,-0.093,730.0,0.0
2026-05-28T02:14:28.116094+00:00,1779934468116,delta,0.973,0.88,0.9265,-0.093,0.12,0.027,0.0735,-0.093,730.0,0.0
2026-05-28T02:14:28.117391+00:00,1779934468117,delta,0.973,0.88,0.9265,-0.093,0.12,0.027,0.0735,-0.093,730.0,0.0
2026-05-28T02:14:28.140428+00:00,1779934468140,delta,0.973,0.88,0.9265,-0.093,0.12,0.027,0.0735,-0.093,763.29,0.0
2026-05-28T02:14:28.141067+00:00,1779934468141,delta,0.973,0.88,0.9265,-0.093,0.12,0.027,0.0735,-0.093,763.29,0.0
2026-05-28T02:14:28.141597+00:00,1779934468141,delta,0.973,0.88,0.9265,-0.093,0.12,0.027,0.0735,-0.093,763.29,0.0
2026-05-28T02:14:28.143212+00:00,1779934468143,delta,0.973,0.88,0.9265,-0.093,0.12,0.027,0.0735,-0.093,763.29,0.0
2026-05-28T02:14:28.143875+00:00,1779934468143,delta,0.973,0.88,0.9265,-0.093,0.12,0.027,0.0735,-0.093,763.29,0.0
2026-05-28T02:14:28.144512+00:00,1779934468144,delta,0.973,0.88,0.9265,-0.093,0.12,0.027,0.0735,-0.093,763.29,0.0
2026-05-28T02:14:28.198490+00:00,1779934468198,delta,0.973,0.88,0.9265,-0.093,0.12,0.027,0.0735,-0.093,563.29,0.0
2026-05-28T02:14:28.199933+00:00,1779934468199,delta,0.973,0.88,0.9265,-0.093,0.12,0.027,0.0735,-0.093,563.29,0.0
2026-05-28T02:14:28.200902+00:00,1779934468200,delta,0.973,0.88,0.9265,-0.093,0.12,0.027,0.0735,-0.093,383.29,0.0
2026-05-28T02:14:28.202138+00:00,1779934468202,delta,0.973,0.88,0.9265,-0.093,0.12,0.027,0.0735,-0.093,383.29,0.0
2026-05-28T02:14:28.203013+00:00,1779934468203,delta,0.973,0.88,0.9265,-0.093,0.12,0.027,0.0735,-0.093,383.29,0.0
2026-05-28T02:14:28.203558+00:00,1779934468203,delta,0.973,0.88,0.9265,-0.093,0.12,0.027,0.0735,-0.093,383.29,0.0
2026-05-28T02:14:28.204019+00:00,1779934468204,delta,0.973,0.88,0.9265,-0.093,0.12,0.027,0.0735,-0.093,383.29,0.0
2026-05-28T02:14:28.204444+00:00,1779934468204,delta,0.973,0.88,0.9265,-0.093,0.12,0.027,0.0735,-0.093,383.29,0.0
2026-05-28T02:14:28.220184+00:00,1779934468220,delta,0.973,0.88,0.9265,-0.093,0.12,0.027,0.0735,-0.093,383.29,0.0
2026-05-28T02:14:28.221115+00:00,1779934468221,delta,0.973,0.88,0.9265,-0.093,0.12,0.027,0.0735,-0.093,258.29,0.0
2026-05-28T02:14:28.221842+00:00,1779934468221,delta,0.973,0.88,0.9265,-0.093,0.12,0.027,0.0735,-0.093,258.29,0.0
2026-05-28T02:14:28.222525+00:00,1779934468222,delta,0.973,0.88,0.9265,-0.093,0.12,0.027,0.0735,-0.093,438.29,0.0
2026-05-28T02:14:28.223038+00:00,1779934468223,delta,0.973,0.88,0.9265,-0.093,0.12,0.027,0.0735,-0.093,438.29,0.0
2026-05-28T02:14:28.223531+00:00,1779934468223,delta,0.973,0.88,0.9265,-0.093,0.12,0.027,0.0735,-0.093,438.29,0.0
2026-05-28T02:14:28.224094+00:00,1779934468224,delta,0.973,0.88,0.9265,-0.093,0.12,0.027,0.0735,-0.093,438.29,0.0
2026-05-28T02:14:28.224566+00:00,1779934468224,delta,0.973,0.88,0.9265,-0.093,0.12,0.027,0.0735,-0.093,438.29,0.0
2026-05-28T02:14:28.225036+00:00,1779934468225,delta,0.973,0.88,0.9265,-0.093,0.12,0.027,0.0735,-0.093,438.29,0.0
2026-05-28T02:14:28.246526+00:00,1779934468246,delta,0.973,0.88,0.9265,-0.093,0.12,0.027,0.0735,-0.093,638.29,0.0
2026-05-28T02:14:28.247291+00:00,1779934468247,delta,0.973,0.88,0.9265,-0.093,0.12,0.027,0.0735,-0.093,618.29,0.0
2026-05-28T02:14:28.247975+00:00,1779934468247,delta,0.973,0.88,0.9265,-0.093,0.12,0.027,0.0735,-0.093,618.29,0.0
2026-05-28T02:14:28.248411+00:00,1779934468248,delta,0.973,0.88,0.9265,-0.093,0.12,0.027,0.0735,-0.093,618.29,0.0
2026-05-28T02:14:28.272291+00:00,1779934468272,delta,0.973,0.88,0.9265,-0.093,0.12,0.027,0.0735,-0.093,588.29,0.0
2026-05-28T02:14:28.272914+00:00,1779934468272,delta,0.973,0.88,0.9265,-0.093,0.12,0.027,0.0735,-0.093,588.29,0.0
2026-05-28T02:14:28.273368+00:00,1779934468273,delta,0.973,0.88,0.9265,-0.093,0.12,0.027,0.0735,-0.093,555.0,0.0
2026-05-28T02:14:28.273872+00:00,1779934468273,delta,0.973,0.88,0.9265,-0.093,0.12,0.027,0.0735,-0.093,555.0,0.0
2026-05-28T02:14:28.274358+00:00,1779934468274,delta,0.973,0.88,0.9265,-0.093,0.12,0.027,0.0735,-0.093,555.0,0.0
2026-05-28T02:14:28.274877+00:00,1779934468274,delta,0.973,0.88,0.9265,-0.093,0.12,0.027,0.0735,-0.093,555.0,0.0
2026-05-28T02:14:28.275383+00:00,1779934468275,delta,0.973,0.88,0.9265,-0.093,0.12,0.027,0.0735,-0.093,588.25,0.0
2026-05-28T02:14:28.275860+00:00,1779934468275,delta,0.973,0.88,0.9265,-0.093,0.12,0.027,0.0735,-0.093,588.25,0.0
2026-05-28T02:14:28.281300+00:00,1779934468281,delta,0.973,0.88,0.9265,-0.093,0.12,0.027,0.0735,-0.093,613.25,0.0
2026-05-28T02:14:28.303082+00:00,1779934468303,delta,0.973,0.88,0.9265,-0.093,0.12,0.027,0.0735,-0.093,613.25,0.0
2026-05-28T02:14:28.326131+00:00,1779934468326,delta,0.973,0.88,0.9265,-0.093,0.12,0.027,0.0735,-0.093,613.25,0.0
2026-05-28T02:14:28.326787+00:00,1779934468326,delta,0.973,0.88,0.9265,-0.093,0.12,0.027,0.0735,-0.093,613.25,0.0
2026-05-28T02:14:28.327314+00:00,1779934468327,delta,0.973,0.88,0.9265,-0.093,0.12,0.027,0.0735,-0.093,613.25,0.0
2026-05-28T02:14:28.327826+00:00,1779934468327,delta,0.973,0.88,0.9265,-0.093,0.12,0.027,0.0735,-0.093,613.25,0.0
2026-05-28T02:14:28.328418+00:00,1779934468328,delta,0.973,0.88,0.9265,-0.093,0.12,0.027,0.0735,-0.093,626.25,0.0
2026-05-28T02:14:28.354478+00:00,1779934468354,delta,0.973,0.88,0.9265,-0.093,0.12,0.027,0.0735,-0.093,626.25,0.0
2026-05-28T02:14:28.376778+00:00,1779934468376,delta,0.973,0.88,0.9265,-0.093,0.12,0.027,0.0735,-0.093,626.25,0.0
2026-05-28T02:14:28.377363+00:00,1779934468377,delta,0.973,0.88,0.9265,-0.093,0.12,0.027,0.0735,-0.093,626.25,0.0
2026-05-28T02:14:28.405869+00:00,1779934468405,delta,0.973,0.88,0.9265,-0.093,0.12,0.027,0.0735,-0.093,626.25,0.0
2026-05-28T02:14:28.406551+00:00,1779934468406,delta,0.973,0.88,0.9265,-0.093,0.12,0.027,0.0735,-0.093,676.25,0.0
2026-05-28T02:14:28.430061+00:00,1779934468430,delta,0.973,0.88,0.9265,-0.093,0.12,0.027,0.0735,-0.093,676.25,0.0
2026-05-28T02:14:28.430803+00:00,1779934468430,delta,0.973,0.88,0.9265,-0.093,0.12,0.027,0.0735,-0.093,676.25,0.0
2026-05-28T02:14:28.431535+00:00,1779934468431,delta,0.973,0.88,0.9265,-0.093,0.12,0.027,0.0735,-0.093,629.4,0.0
2026-05-28T02:14:28.450319+00:00,1779934468450,delta,0.973,0.88,0.9265,-0.093,0.12,0.027,0.0735,-0.093,629.4,0.0
2026-05-28T02:14:28.451019+00:00,1779934468451,delta,0.973,0.88,0.9265,-0.093,0.12,0.027,0.0735,-0.093,629.4,0.0
2026-05-28T02:14:28.478781+00:00,1779934468478,delta,0.973,0.88,0.9265,-0.093,0.12,0.027,0.0735,-0.093,629.4,0.0
2026-05-28T02:14:28.479528+00:00,1779934468479,delta,0.973,0.88,0.9265,-0.093,0.12,0.027,0.0735,-0.093,629.4,0.0
2026-05-28T02:14:28.480116+00:00,1779934468480,delta,0.973,0.88,0.9265,-0.093,0.12,0.027,0.0735,-0.093,629.4,0.0
2026-05-28T02:14:28.480633+00:00,1779934468480,delta,0.973,0.88,0.9265,-0.093,0.12,0.027,0.0735,-0.093,629.4,0.0
2026-05-28T02:14:28.481068+00:00,1779934468481,delta,0.973,0.88,0.9265,-0.093,0.12,0.027,0.0735,-0.093,629.4,0.0
2026-05-28T02:14:28.506773+00:00,1779934468506,delta,0.973,0.88,0.9265,-0.093,0.12,0.027,0.0735,-0.093,629.4,0.0
2026-05-28T02:14:28.508509+00:00,1779934468508,delta,0.973,0.88,0.9265,-0.093,0.12,0.027,0.0735,-0.093,629.4,0.0
2026-05-28T02:14:28.509076+00:00,1779934468509,delta,0.973,0.88,0.9265,-0.093,0.12,0.027,0.0735,-0.093,629.4,0.0
2026-05-28T02:14:28.538392+00:00,1779934468538,delta,0.973,0.88,0.9265,-0.093,0.12,0.027,0.0735,-0.093,579.4,0.0
2026-05-28T02:14:28.539293+00:00,1779934468539,delta,0.973,0.88,0.9265,-0.093,0.12,0.027,0.0735,-0.093,579.4,0.0
2026-05-28T02:14:28.539910+00:00,1779934468539,delta,0.973,0.88,0.9265,-0.093,0.12,0.027,0.0735,-0.093,566.4,0.0
2026-05-28T02:14:28.540340+00:00,1779934468540,delta,0.973,0.88,0.9265,-0.093,0.12,0.027,0.0735,-0.093,581.4,0.0
2026-05-28T02:14:28.540773+00:00,1779934468540,delta,0.973,0.88,0.9265,-0.093,0.12,0.027,0.0735,-0.093,581.4,0.0
2026-05-28T02:14:28.541169+00:00,1779934468541,delta,0.973,0.88,0.9265,-0.093,0.12,0.027,0.0735,-0.093,581.4,0.0
2026-05-28T02:14:28.541604+00:00,1779934468541,delta,0.973,0.88,0.9265,-0.093,0.12,0.027,0.0735,-0.093,581.4,0.0
2026-05-28T02:14:28.542131+00:00,1779934468542,delta,0.973,0.88,0.9265,-0.093,0.12,0.027,0.0735,-0.093,581.4,0.0
2026-05-28T02:14:28.542707+00:00,1779934468542,delta,0.973,0.88,0.9265,-0.093,0.12,0.027,0.0735,-0.093,581.4,0.0
2026-05-28T02:14:28.567316+00:00,1779934468567,delta,0.973,0.88,0.9265,-0.093,0.12,0.027,0.0735,-0.093,581.4,0.0
2026-05-28T02:14:28.568669+00:00,1779934468568,delta,0.973,0.88,0.9265,-0.093,0.12,0.027,0.0735,-0.093,581.4,0.0
2026-05-28T02:14:28.570240+00:00,1779934468570,delta,0.973,0.88,0.9265,-0.093,0.12,0.027,0.0735,-0.093,581.4,0.0
2026-05-28T02:14:28.570829+00:00,1779934468570,delta,0.973,0.88,0.9265,-0.093,0.12,0.027,0.0735,-0.093,581.4,0.0
2026-05-28T02:14:28.592381+00:00,1779934468592,delta,0.973,0.88,0.9265,-0.093,0.12,0.027,0.0735,-0.093,548.15,0.0
2026-05-28T02:14:28.593149+00:00,1779934468593,delta,0.973,0.88,0.9265,-0.093,0.12,0.027,0.0735,-0.093,548.15,0.0
2026-05-28T02:14:28.593730+00:00,1779934468593,delta,0.973,0.88,0.9265,-0.093,0.12,0.027,0.0735,-0.093,548.15,0.0
2026-05-28T02:14:28.594212+00:00,1779934468594,delta,0.973,0.88,0.9265,-0.093,0.12,0.027,0.0735,-0.093,548.15,0.0
2026-05-28T02:14:28.594637+00:00,1779934468594,delta,0.973,0.88,0.9265,-0.093,0.12,0.027,0.0735,-0.093,581.37,0.0
2026-05-28T02:14:28.606908+00:00,1779934468606,delta,0.973,0.88,0.9265,-0.093,0.12,0.027,0.0735,-0.093,581.37,0.0
2026-05-28T02:14:28.607734+00:00,1779934468607,delta,0.973,0.88,0.9265,-0.093,0.12,0.027,0.0735,-0.093,581.37,0.0
2026-05-28T02:14:28.608283+00:00,1779934468608,delta,0.973,0.88,0.9265,-0.093,0.12,0.027,0.0735,-0.093,581.37,0.0
2026-05-28T02:14:28.633446+00:00,1779934468633,delta,0.973,0.88,0.9265,-0.093,0.12,0.027,0.0735,-0.093,581.37,0.0
2026-05-28T02:14:28.634254+00:00,1779934468634,delta,0.973,0.88,0.9265,-0.093,0.12,0.027,0.0735,-0.093,581.37,0.0
2026-05-28T02:14:28.635834+00:00,1779934468635,delta,0.973,0.88,0.9265,-0.093,0.12,0.027,0.0735,-0.093,581.37,0.0
2026-05-28T02:14:28.660414+00:00,1779934468660,delta,0.973,0.88,0.9265,-0.093,0.12,0.027,0.0735,-0.093,581.37,0.0
2026-05-28T02:14:28.661128+00:00,1779934468661,delta,0.973,0.88,0.9265,-0.093,0.12,0.027,0.0735,-0.093,581.37,0.0
2026-05-28T02:14:28.661608+00:00,1779934468661,delta,0.973,0.88,0.9265,-0.093,0.12,0.027,0.0735,-0.093,581.37,0.0
2026-05-28T02:14:28.662034+00:00,1779934468662,delta,0.973,0.88,0.9265,-0.093,0.12,0.027,0.0735,-0.093,581.37,0.0
2026-05-28T02:14:28.662450+00:00,1779934468662,delta,0.973,0.88,0.9265,-0.093,0.12,0.027,0.0735,-0.093,584.37,0.0
2026-05-28T02:14:28.686689+00:00,1779934468686,delta,0.973,0.88,0.9265,-0.093,0.12,0.027,0.0735,-0.093,584.37,0.0
2026-05-28T02:14:28.687604+00:00,1779934468687,delta,0.973,0.88,0.9265,-0.093,0.12,0.027,0.0735,-0.093,569.37,0.0
2026-05-28T02:14:28.688362+00:00,1779934468688,delta,0.973,0.88,0.9265,-0.093,0.12,0.027,0.0735,-0.093,536.15,0.0
2026-05-28T02:14:28.688954+00:00,1779934468688,delta,0.973,0.88,0.9265,-0.093,0.12,0.027,0.0735,-0.093,414.6,0.0
2026-05-28T02:14:28.717932+00:00,1779934468717,delta,0.973,0.88,0.9265,-0.093,0.12,0.027,0.0735,-0.093,414.6,0.0
2026-05-28T02:14:28.719812+00:00,1779934468719,delta,0.973,0.88,0.9265,-0.093,0.12,0.027,0.0735,-0.093,414.6,0.0
2026-05-28T02:14:28.720483+00:00,1779934468720,delta,0.973,0.88,0.9265,-0.093,0.12,0.027,0.0735,-0.093,414.6,0.0
2026-05-28T02:14:28.720994+00:00,1779934468720,delta,0.973,0.88,0.9265,-0.093,0.12,0.027,0.0735,-0.093,403.0,0.0
2026-05-28T02:14:28.721553+00:00,1779934468721,delta,0.973,0.88,0.9265,-0.093,0.12,0.027,0.0735,-0.093,361.6,0.0
2026-05-28T02:14:28.722183+00:00,1779934468722,delta,0.973,0.88,0.9265,-0.093,0.12,0.027,0.0735,-0.093,203.0,0.0
2026-05-28T02:14:28.722669+00:00,1779934468722,delta,0.973,0.88,0.9265,-0.093,0.12,0.027,0.0735,-0.093,203.0,0.0
2026-05-28T02:14:28.748349+00:00,1779934468748,delta,0.973,0.88,0.9265,-0.093,0.12,0.027,0.0735,-0.093,203.0,0.0
2026-05-28T02:14:28.749086+00:00,1779934468749,delta,0.973,0.88,0.9265,-0.093,0.12,0.027,0.0735,-0.093,203.0,0.0
2026-05-28T02:14:28.749986+00:00,1779934468749,delta,0.973,0.88,0.9265,-0.093,0.12,0.027,0.0735,-0.093,353.0,0.0
2026-05-28T02:14:28.750573+00:00,1779934468750,delta,0.973,0.88,0.9265,-0.093,0.12,0.027,0.0735,-0.093,353.0,0.0
2026-05-28T02:14:28.751439+00:00,1779934468751,delta,0.973,0.88,0.9265,-0.093,0.12,0.027,0.0735,-0.093,353.0,0.0
2026-05-28T02:14:28.752765+00:00,1779934468752,delta,0.973,0.88,0.9265,-0.093,0.12,0.027,0.0735,-0.093,353.0,0.0
2026-05-28T02:14:28.753420+00:00,1779934468753,delta,0.973,0.88,0.9265,-0.093,0.12,0.027,0.0735,-0.093,353.0,0.0
2026-05-28T02:14:28.753943+00:00,1779934468753,delta,0.973,0.88,0.9265,-0.093,0.12,0.027,0.0735,-0.093,211.25,0.0
2026-05-28T02:14:28.754485+00:00,1779934468754,delta,0.973,0.88,0.9265,-0.093,0.12,0.027,0.0735,-0.093,391.25,0.0
2026-05-28T02:14:28.754927+00:00,1779934468754,delta,0.973,0.88,0.9265,-0.093,0.12,0.027,0.0735,-0.093,391.25,0.0
2026-05-28T02:14:28.755311+00:00,1779934468755,delta,0.973,0.88,0.9265,-0.093,0.12,0.027,0.0735,-0.093,391.25,0.0
2026-05-28T02:14:28.772734+00:00,1779934468772,delta,0.973,0.88,0.9265,-0.093,0.12,0.027,0.0735,-0.093,391.25,0.0
2026-05-28T02:14:28.773362+00:00,1779934468773,delta,0.973,0.88,0.9265,-0.093,0.12,0.027,0.0735,-0.093,391.25,0.0
2026-05-28T02:14:28.773956+00:00,1779934468773,delta,0.973,0.88,0.9265,-0.093,0.12,0.027,0.0735,-0.093,391.25,0.0
2026-05-28T02:14:28.774384+00:00,1779934468774,delta,0.973,0.88,0.9265,-0.093,0.12,0.027,0.0735,-0.093,591.25,0.0
2026-05-28T02:14:28.796685+00:00,1779934468796,delta,0.973,0.88,0.9265,-0.093,0.12,0.027,0.0735,-0.093,591.25,0.0
2026-05-28T02:14:28.797331+00:00,1779934468797,delta,0.973,0.88,0.9265,-0.093,0.12,0.027,0.0735,-0.093,641.25,0.0
2026-05-28T02:14:28.798071+00:00,1779934468798,delta,0.973,0.88,0.9265,-0.093,0.12,0.027,0.0735,-0.093,641.25,0.0
2026-05-28T02:14:28.798580+00:00,1779934468798,delta,0.973,0.88,0.9265,-0.093,0.12,0.027,0.0735,-0.093,641.25,0.0
2026-05-28T02:14:28.799083+00:00,1779934468799,delta,0.973,0.88,0.9265,-0.093,0.12,0.027,0.0735,-0.093,783.0,0.0
2026-05-28T02:14:28.799595+00:00,1779934468799,delta,0.973,0.88,0.9265,-0.093,0.12,0.027,0.0735,-0.093,783.0,0.0
2026-05-28T02:14:28.825593+00:00,1779934468825,delta,0.973,0.88,0.9265,-0.093,0.12,0.027,0.0735,-0.093,783.0,0.0
2026-05-28T02:14:28.826341+00:00,1779934468826,delta,0.973,0.88,0.9265,-0.093,0.12,0.027,0.0735,-0.093,816.22,0.0
2026-05-28T02:14:28.826979+00:00,1779934468826,delta,0.973,0.88,0.9265,-0.093,0.12,0.027,0.0735,-0.093,816.22,0.0
2026-05-28T02:14:28.827377+00:00,1779934468827,delta,0.973,0.88,0.9265,-0.093,0.12,0.027,0.0735,-0.093,816.22,0.0
2026-05-28T02:14:28.827793+00:00,1779934468827,delta,0.973,0.88,0.9265,-0.093,0.12,0.027,0.0735,-0.093,816.22,0.0
2026-05-28T02:14:28.850454+00:00,1779934468850,delta,0.973,0.88,0.9265,-0.093,0.12,0.027,0.0735,-0.093,816.22,0.0
2026-05-28T02:14:28.851414+00:00,1779934468851,delta,0.973,0.88,0.9265,-0.093,0.12,0.027,0.0735,-0.093,636.22,0.0
2026-05-28T02:14:28.852991+00:00,1779934468852,delta,0.973,0.88,0.9265,-0.093,0.12,0.027,0.0735,-0.093,436.22,0.0
2026-05-28T02:14:28.853648+00:00,1779934468853,delta,0.973,0.88,0.9265,-0.093,0.12,0.027,0.0735,-0.093,436.22,0.0
2026-05-28T02:14:28.854151+00:00,1779934468854,delta,0.973,0.88,0.9265,-0.093,0.12,0.027,0.0735,-0.093,436.22,0.0
2026-05-28T02:14:28.854542+00:00,1779934468854,delta,0.973,0.88,0.9265,-0.093,0.12,0.027,0.0735,-0.093,436.22,0.0
2026-05-28T02:14:28.854932+00:00,1779934468854,delta,0.973,0.88,0.9265,-0.093,0.12,0.027,0.0735,-0.093,436.22,0.0
2026-05-28T02:14:28.855294+00:00,1779934468855,delta,0.973,0.88,0.9265,-0.093,0.12,0.027,0.0735,-0.093,436.22,0.0
2026-05-28T02:14:28.879720+00:00,1779934468879,delta,0.973,0.88,0.9265,-0.093,0.12,0.027,0.0735,-0.093,436.22,0.0
2026-05-28T02:14:28.880481+00:00,1779934468880,delta,0.973,0.88,0.9265,-0.093,0.12,0.027,0.0735,-0.093,436.22,0.0
2026-05-28T02:14:28.880939+00:00,1779934468880,delta,0.973,0.88,0.9265,-0.093,0.12,0.027,0.0735,-0.093,436.22,0.0
2026-05-28T02:14:28.881389+00:00,1779934468881,delta,0.973,0.88,0.9265,-0.093,0.12,0.027,0.0735,-0.093,436.22,0.0
2026-05-28T02:14:28.881783+00:00,1779934468881,delta,0.973,0.88,0.9265,-0.093,0.12,0.027,0.0735,-0.093,436.22,0.0
2026-05-28T02:14:28.897559+00:00,1779934468897,delta,0.973,0.88,0.9265,-0.093,0.12,0.027,0.0735,-0.093,436.22,0.0
2026-05-28T02:14:28.898242+00:00,1779934468898,delta,0.973,0.88,0.9265,-0.093,0.12,0.027,0.0735,-0.093,436.22,0.0
2026-05-28T02:14:28.898859+00:00,1779934468898,delta,0.973,0.88,0.9265,-0.093,0.12,0.027,0.0735,-0.093,436.22,0.0
2026-05-28T02:14:28.899371+00:00,1779934468899,delta,0.973,0.88,0.9265,-0.093,0.12,0.027,0.0735,-0.093,436.22,0.0
2026-05-28T02:14:28.899821+00:00,1779934468899,delta,0.973,0.88,0.9265,-0.093,0.12,0.027,0.0735,-0.093,441.22,0.0
2026-05-28T02:14:28.900306+00:00,1779934468900,delta,0.973,0.88,0.9265,-0.093,0.12,0.027,0.0735,-0.093,641.22,0.0
2026-05-28T02:14:28.900893+00:00,1779934468900,delta,0.973,0.88,0.9265,-0.093,0.12,0.027,0.0735,-0.093,608.0,0.0
2026-05-28T02:14:28.901942+00:00,1779934468901,delta,0.973,0.88,0.9265,-0.093,0.12,0.027,0.0735,-0.093,608.0,0.0
2026-05-28T02:14:28.902801+00:00,1779934468902,delta,0.973,0.88,0.9265,-0.093,0.12,0.027,0.0735,-0.093,608.0,0.0
2026-05-28T02:14:28.926252+00:00,1779934468926,delta,0.973,0.88,0.9265,-0.093,0.12,0.027,0.0735,-0.093,641.29,0.0
2026-05-28T02:14:28.927076+00:00,1779934468927,delta,0.973,0.88,0.9265,-0.093,0.12,0.027,0.0735,-0.093,441.29,0.0
2026-05-28T02:14:28.927691+00:00,1779934468927,delta,0.973,0.88,0.9265,-0.093,0.12,0.027,0.0735,-0.093,441.29,0.0
2026-05-28T02:14:28.928150+00:00,1779934468928,delta,0.973,0.88,0.9265,-0.093,0.12,0.027,0.0735,-0.093,436.29,0.0
2026-05-28T02:14:28.948253+00:00,1779934468948,delta,0.973,0.88,0.9265,-0.093,0.12,0.027,0.0735,-0.093,436.29,0.0
2026-05-28T02:14:28.949148+00:00,1779934468949,delta,0.973,0.88,0.9265,-0.093,0.12,0.027,0.0735,-0.093,403.0,0.0
2026-05-28T02:14:28.949887+00:00,1779934468949,delta,0.973,0.88,0.9265,-0.093,0.12,0.027,0.0735,-0.093,353.0,0.0
2026-05-28T02:14:28.950376+00:00,1779934468950,delta,0.973,0.88,0.9265,-0.093,0.12,0.027,0.0735,-0.093,228.0,0.0
2026-05-28T02:14:28.975970+00:00,1779934468975,delta,0.973,0.88,0.9265,-0.093,0.12,0.027,0.0735,-0.093,228.0,0.0
2026-05-28T02:14:28.977123+00:00,1779934468977,delta,0.974,0.88,0.927,-0.094,0.12,0.026,0.073,-0.094,250.0,0.0
2026-05-28T02:14:28.977984+00:00,1779934468977,delta,0.974,0.88,0.927,-0.094,0.12,0.026,0.073,-0.094,430.0,0.0
2026-05-28T02:14:28.978734+00:00,1779934468978,delta,0.974,0.88,0.927,-0.094,0.12,0.026,0.073,-0.094,430.0,0.0
2026-05-28T02:14:28.979287+00:00,1779934468979,delta,0.974,0.88,0.927,-0.094,0.12,0.026,0.073,-0.094,463.25,0.0
2026-05-28T02:14:28.979718+00:00,1779934468979,delta,0.974,0.88,0.927,-0.094,0.12,0.026,0.073,-0.094,463.25,0.0
2026-05-28T02:14:28.980133+00:00,1779934468980,delta,0.974,0.88,0.927,-0.094,0.12,0.026,0.073,-0.094,413.25,0.0
2026-05-28T02:14:28.980544+00:00,1779934468980,delta,0.974,0.88,0.927,-0.094,0.12,0.026,0.073,-0.094,413.25,0.0
2026-05-28T02:14:29.008571+00:00,1779934469008,delta,0.974,0.88,0.927,-0.094,0.12,0.026,0.073,-0.094,413.25,0.0
2026-05-28T02:14:29.009224+00:00,1779934469009,delta,0.974,0.88,0.927,-0.094,0.12,0.026,0.073,-0.094,413.25,0.0
2026-05-28T02:14:29.009705+00:00,1779934469009,delta,0.974,0.88,0.927,-0.094,0.12,0.026,0.073,-0.094,413.25,0.0
2026-05-28T02:14:29.010153+00:00,1779934469010,delta,0.974,0.88,0.927,-0.094,0.12,0.026,0.073,-0.094,413.25,0.0
2026-05-28T02:14:29.010544+00:00,1779934469010,delta,0.974,0.88,0.927,-0.094,0.12,0.026,0.073,-0.094,413.25,0.0
2026-05-28T02:14:29.034572+00:00,1779934469034,delta,0.974,0.88,0.927,-0.094,0.12,0.026,0.073,-0.094,413.25,0.0
2026-05-28T02:14:29.036467+00:00,1779934469036,delta,0.974,0.88,0.927,-0.094,0.12,0.026,0.073,-0.094,413.25,0.0
2026-05-28T02:14:29.037054+00:00,1779934469037,delta,0.974,0.88,0.927,-0.094,0.12,0.026,0.073,-0.094,413.25,0.0
2026-05-28T02:14:29.037475+00:00,1779934469037,delta,0.974,0.88,0.927,-0.094,0.12,0.026,0.073,-0.094,233.25,0.0
2026-05-28T02:14:29.037851+00:00,1779934469037,delta,0.973,0.88,0.9265,-0.093,0.12,0.027,0.0735,-0.093,294.54,0.0
2026-05-28T02:14:29.038299+00:00,1779934469038,delta,0.973,0.88,0.9265,-0.093,0.12,0.027,0.0735,-0.093,261.25,0.0
2026-05-28T02:14:29.038668+00:00,1779934469038,delta,0.973,0.88,0.9265,-0.093,0.12,0.027,0.0735,-0.093,403.0,0.0
2026-05-28T02:14:29.039068+00:00,1779934469039,delta,0.973,0.88,0.9265,-0.093,0.12,0.027,0.0735,-0.093,403.0,0.0
2026-05-28T02:14:29.039449+00:00,1779934469039,delta,0.973,0.88,0.9265,-0.093,0.12,0.027,0.0735,-0.093,403.0,0.0
2026-05-28T02:14:29.064964+00:00,1779934469064,delta,0.974,0.88,0.927,-0.094,0.12,0.026,0.073,-0.094,261.19,0.0
2026-05-28T02:14:29.065642+00:00,1779934469065,delta,0.974,0.88,0.927,-0.094,0.12,0.026,0.073,-0.094,240.64,0.0
2026-05-28T02:14:29.066285+00:00,1779934469066,delta,0.974,0.88,0.927,-0.094,0.12,0.026,0.073,-0.094,240.64,0.0
2026-05-28T02:14:29.066748+00:00,1779934469066,delta,0.974,0.88,0.927,-0.094,0.12,0.026,0.073,-0.094,240.64,0.0
2026-05-28T02:14:29.067193+00:00,1779934469067,delta,0.974,0.88,0.927,-0.094,0.12,0.026,0.073,-0.094,240.64,0.0
2026-05-28T02:14:29.067682+00:00,1779934469067,delta,0.974,0.88,0.927,-0.094,0.12,0.026,0.073,-0.094,440.64,0.0
2026-05-28T02:14:29.069284+00:00,1779934469069,delta,0.974,0.88,0.927,-0.094,0.12,0.026,0.073,-0.094,440.64,0.0
2026-05-28T02:14:29.070201+00:00,1779934469070,delta,0.974,0.88,0.927,-0.094,0.12,0.026,0.073,-0.094,440.64,0.0
2026-05-28T02:14:29.070742+00:00,1779934469070,delta,0.974,0.88,0.927,-0.094,0.12,0.026,0.073,-0.094,440.64,0.0
2026-05-28T02:14:29.071138+00:00,1779934469071,delta,0.974,0.88,0.927,-0.094,0.12,0.026,0.073,-0.094,440.64,0.0
2026-05-28T02:14:29.088976+00:00,1779934469088,delta,0.974,0.88,0.927,-0.094,0.12,0.026,0.073,-0.094,620.64,0.0
2026-05-28T02:14:29.089676+00:00,1779934469089,delta,0.974,0.88,0.927,-0.094,0.12,0.026,0.073,-0.094,620.64,0.0
2026-05-28T02:14:29.090305+00:00,1779934469090,delta,0.973,0.88,0.9265,-0.093,0.12,0.027,0.0735,-0.093,783.0,0.0
2026-05-28T02:14:29.091721+00:00,1779934469091,delta,0.973,0.88,0.9265,-0.093,0.12,0.027,0.0735,-0.093,783.0,0.0
2026-05-28T02:14:29.092340+00:00,1779934469092,delta,0.973,0.88,0.9265,-0.093,0.12,0.027,0.0735,-0.093,783.0,0.0
2026-05-28T02:14:29.105125+00:00,1779934469105,delta,0.973,0.88,0.9265,-0.093,0.12,0.027,0.0735,-0.093,733.0,0.0
2026-05-28T02:14:29.106004+00:00,1779934469106,delta,0.974,0.88,0.927,-0.094,0.12,0.026,0.073,-0.094,608.0,0.0
2026-05-28T02:14:29.106638+00:00,1779934469106,delta,0.974,0.88,0.927,-0.094,0.12,0.026,0.073,-0.094,608.0,0.0
2026-05-28T02:14:29.107191+00:00,1779934469107,delta,0.974,0.88,0.927,-0.094,0.12,0.026,0.073,-0.094,608.0,0.0
2026-05-28T02:14:29.110379+00:00,1779934469110,delta,0.974,0.88,0.927,-0.094,0.12,0.026,0.073,-0.094,608.0,0.0
2026-05-28T02:14:29.111058+00:00,1779934469111,delta,0.974,0.88,0.927,-0.094,0.12,0.026,0.073,-0.094,608.0,0.0
2026-05-28T02:14:29.111652+00:00,1779934469111,delta,0.974,0.88,0.927,-0.094,0.12,0.026,0.073,-0.094,608.0,0.0
2026-05-28T02:14:29.112228+00:00,1779934469112,delta,0.974,0.88,0.927,-0.094,0.12,0.026,0.073,-0.094,608.0,0.0
2026-05-28T02:14:29.112645+00:00,1779934469112,delta,0.974,0.88,0.927,-0.094,0.12,0.026,0.073,-0.094,608.0,0.0
2026-05-28T02:14:29.113073+00:00,1779934469113,delta,0.974,0.88,0.927,-0.094,0.12,0.026,0.073,-0.094,608.0,0.0
2026-05-28T02:14:29.113585+00:00,1779934469113,delta,0.974,0.88,0.927,-0.094,0.12,0.026,0.073,-0.094,608.0,0.0
2026-05-28T02:14:29.114032+00:00,1779934469114,delta,0.974,0.88,0.927,-0.094,0.12,0.026,0.073,-0.094,608.0,0.0
2026-05-28T02:14:29.114446+00:00,1779934469114,delta,0.974,0.88,0.927,-0.094,0.12,0.026,0.073,-0.094,608.0,0.0
2026-05-28T02:14:29.131975+00:00,1779934469131,delta,0.974,0.88,0.927,-0.094,0.12,0.026,0.073,-0.094,641.22,0.0
2026-05-28T02:14:29.132716+00:00,1779934469132,delta,0.978,0.88,0.929,-0.098,0.12,0.022,0.071,-0.098,638.22,0.0
2026-05-28T02:14:29.133272+00:00,1779934469133,delta,0.98,0.88,0.93,-0.1,0.12,0.02,0.07,-0.1,400.0,0.0
2026-05-28T02:14:29.133725+00:00,1779934469133,delta,0.98,0.88,0.93,-0.1,0.12,0.02,0.07,-0.1,400.0,0.0
2026-05-28T02:14:29.134310+00:00,1779934469134,delta,0.98,0.88,0.93,-0.1,0.12,0.02,0.07,-0.1,575.0,0.0
2026-05-28T02:14:29.135250+00:00,1779934469135,delta,0.98,0.88,0.93,-0.1,0.12,0.02,0.07,-0.1,525.0,0.0
2026-05-28T02:14:29.156400+00:00,1779934469156,delta,0.98,0.88,0.93,-0.1,0.12,0.02,0.07,-0.1,525.0,0.0
2026-05-28T02:14:29.157139+00:00,1779934469157,delta,0.98,0.88,0.93,-0.1,0.12,0.02,0.07,-0.1,525.0,0.0
2026-05-28T02:14:29.157735+00:00,1779934469157,delta,0.98,0.88,0.93,-0.1,0.12,0.02,0.07,-0.1,525.0,0.0
2026-05-28T02:14:29.158251+00:00,1779934469158,delta,0.98,0.88,0.93,-0.1,0.12,0.02,0.07,-0.1,525.0,0.0
2026-05-28T02:14:29.158781+00:00,1779934469158,delta,0.98,0.88,0.93,-0.1,0.12,0.02,0.07,-0.1,525.0,0.0
2026-05-28T02:14:29.159246+00:00,1779934469159,delta,0.98,0.88,0.93,-0.1,0.12,0.02,0.07,-0.1,525.0,0.0
2026-05-28T02:14:29.159797+00:00,1779934469159,delta,0.98,0.88,0.93,-0.1,0.12,0.02,0.07,-0.1,525.0,0.0
2026-05-28T02:14:29.164842+00:00,1779934469164,delta,0.98,0.88,0.93,-0.1,0.12,0.02,0.07,-0.1,525.0,0.0
2026-05-28T02:14:29.165494+00:00,1779934469165,delta,0.98,0.88,0.93,-0.1,0.12,0.02,0.07,-0.1,525.0,0.0
2026-05-28T02:14:29.183190+00:00,1779934469183,delta,0.98,0.88,0.93,-0.1,0.12,0.02,0.07,-0.1,525.0,0.0
2026-05-28T02:14:29.183939+00:00,1779934469183,delta,0.98,0.88,0.93,-0.1,0.12,0.02,0.07,-0.1,525.0,0.0
2026-05-28T02:14:29.185131+00:00,1779934469185,delta,0.98,0.88,0.93,-0.1,0.12,0.02,0.07,-0.1,563.49,0.0
2026-05-28T02:14:29.186476+00:00,1779934469186,delta,0.98,0.88,0.93,-0.1,0.12,0.02,0.07,-0.1,563.49,0.0
2026-05-28T02:14:29.213051+00:00,1779934469213,delta,0.98,0.88,0.93,-0.1,0.12,0.02,0.07,-0.1,563.49,0.0
2026-05-28T02:14:29.213699+00:00,1779934469213,delta,0.98,0.88,0.93,-0.1,0.12,0.02,0.07,-0.1,563.49,0.0
2026-05-28T02:14:29.214264+00:00,1779934469214,delta,0.98,0.88,0.93,-0.1,0.12,0.02,0.07,-0.1,547.54,0.0
2026-05-28T02:14:29.241654+00:00,1779934469241,delta,0.98,0.88,0.93,-0.1,0.12,0.02,0.07,-0.1,547.54,0.0
2026-05-28T02:14:29.266311+00:00,1779934469266,delta,0.981,0.88,0.9305,-0.101,0.12,0.019,0.0695,-0.101,395.54,0.0
2026-05-28T02:14:29.268270+00:00,1779934469268,delta,0.981,0.88,0.9305,-0.101,0.12,0.019,0.0695,-0.101,395.54,0.0
2026-05-28T02:14:29.269873+00:00,1779934469269,delta,0.981,0.88,0.9305,-0.101,0.12,0.019,0.0695,-0.101,395.54,0.0
2026-05-28T02:14:29.270635+00:00,1779934469270,delta,0.981,0.88,0.9305,-0.101,0.12,0.019,0.0695,-0.101,395.54,0.0
2026-05-28T02:14:29.271147+00:00,1779934469271,delta,0.981,0.88,0.9305,-0.101,0.12,0.019,0.0695,-0.101,395.54,0.0
2026-05-28T02:14:29.271601+00:00,1779934469271,delta,0.981,0.88,0.9305,-0.101,0.12,0.019,0.0695,-0.101,392.18,0.0
2026-05-28T02:14:29.272040+00:00,1779934469272,delta,0.981,0.88,0.9305,-0.101,0.12,0.019,0.0695,-0.101,392.18,0.0
2026-05-28T02:14:29.272527+00:00,1779934469272,delta,0.981,0.88,0.9305,-0.101,0.12,0.019,0.0695,-0.101,392.18,0.0
2026-05-28T02:14:29.290865+00:00,1779934469290,delta,0.981,0.88,0.9305,-0.101,0.12,0.019,0.0695,-0.101,392.18,0.0
2026-05-28T02:14:29.291559+00:00,1779934469291,delta,0.981,0.88,0.9305,-0.101,0.12,0.019,0.0695,-0.101,442.18,0.0
2026-05-28T02:14:29.292280+00:00,1779934469292,delta,0.981,0.88,0.9305,-0.101,0.12,0.019,0.0695,-0.101,442.18,0.0
2026-05-28T02:14:29.293341+00:00,1779934469293,delta,0.981,0.88,0.9305,-0.101,0.12,0.019,0.0695,-0.101,442.18,0.0
2026-05-28T02:14:29.293801+00:00,1779934469293,delta,0.981,0.88,0.9305,-0.101,0.12,0.019,0.0695,-0.101,442.18,0.0
2026-05-28T02:14:29.319870+00:00,1779934469319,delta,0.981,0.88,0.9305,-0.101,0.12,0.019,0.0695,-0.101,403.69,0.0
2026-05-28T02:14:29.325334+00:00,1779934469325,delta,0.981,0.88,0.9305,-0.101,0.12,0.019,0.0695,-0.101,403.69,0.0
2026-05-28T02:14:29.325999+00:00,1779934469325,delta,0.981,0.88,0.9305,-0.101,0.12,0.019,0.0695,-0.101,403.69,0.0
2026-05-28T02:14:29.326617+00:00,1779934469326,delta,0.981,0.88,0.9305,-0.101,0.12,0.019,0.0695,-0.101,403.69,0.0
2026-05-28T02:14:29.327167+00:00,1779934469327,delta,0.981,0.88,0.9305,-0.101,0.12,0.019,0.0695,-0.101,403.69,0.0
2026-05-28T02:14:29.327816+00:00,1779934469327,delta,0.981,0.88,0.9305,-0.101,0.12,0.019,0.0695,-0.101,403.69,0.0
2026-05-28T02:14:29.328412+00:00,1779934469328,delta,0.981,0.88,0.9305,-0.101,0.12,0.019,0.0695,-0.101,403.69,0.0
2026-05-28T02:14:29.328953+00:00,1779934469328,delta,0.981,0.88,0.9305,-0.101,0.12,0.019,0.0695,-0.101,403.69,0.0
2026-05-28T02:14:29.330220+00:00,1779934469330,delta,0.981,0.88,0.9305,-0.101,0.12,0.019,0.0695,-0.101,403.69,0.0
2026-05-28T02:14:29.342334+00:00,1779934469342,delta,0.981,0.88,0.9305,-0.101,0.12,0.019,0.0695,-0.101,403.69,0.0
2026-05-28T02:14:29.343074+00:00,1779934469343,delta,0.981,0.88,0.9305,-0.101,0.12,0.019,0.0695,-0.101,403.69,0.0
2026-05-28T02:14:29.343598+00:00,1779934469343,delta,0.981,0.88,0.9305,-0.101,0.12,0.019,0.0695,-0.101,442.14,0.0
2026-05-28T02:14:29.369877+00:00,1779934469369,delta,0.981,0.88,0.9305,-0.101,0.12,0.019,0.0695,-0.101,442.14,0.0
2026-05-28T02:14:29.370658+00:00,1779934469370,delta,0.981,0.88,0.9305,-0.101,0.12,0.019,0.0695,-0.101,392.14,0.0
2026-05-28T02:14:29.371092+00:00,1779934469371,delta,0.981,0.88,0.9305,-0.101,0.12,0.019,0.0695,-0.101,392.14,0.0
2026-05-28T02:14:29.371502+00:00,1779934469371,delta,0.981,0.88,0.9305,-0.101,0.12,0.019,0.0695,-0.101,392.14,0.0
2026-05-28T02:14:29.371938+00:00,1779934469371,delta,0.981,0.88,0.9305,-0.101,0.12,0.019,0.0695,-0.101,392.14,0.0
2026-05-28T02:14:29.372332+00:00,1779934469372,delta,0.981,0.88,0.9305,-0.101,0.12,0.019,0.0695,-0.101,392.14,0.0
2026-05-28T02:14:29.392513+00:00,1779934469392,delta,0.981,0.88,0.9305,-0.101,0.12,0.019,0.0695,-0.101,392.14,0.0
2026-05-28T02:14:29.439411+00:00,1779934469439,delta,0.981,0.88,0.9305,-0.101,0.12,0.019,0.0695,-0.101,392.14,0.0
2026-05-28T02:14:29.440213+00:00,1779934469440,delta,0.981,0.88,0.9305,-0.101,0.12,0.019,0.0695,-0.101,392.14,0.0
2026-05-28T02:14:29.440896+00:00,1779934469440,delta,0.981,0.88,0.9305,-0.101,0.12,0.019,0.0695,-0.101,392.14,0.0
2026-05-28T02:14:29.441293+00:00,1779934469441,delta,0.981,0.88,0.9305,-0.101,0.12,0.019,0.0695,-0.101,392.14,0.0
2026-05-28T02:14:29.468669+00:00,1779934469468,delta,0.981,0.88,0.9305,-0.101,0.12,0.019,0.0695,-0.101,392.14,0.0
2026-05-28T02:14:29.470266+00:00,1779934469470,delta,0.981,0.88,0.9305,-0.101,0.12,0.019,0.0695,-0.101,392.14,0.0
2026-05-28T02:14:29.493393+00:00,1779934469493,delta,0.981,0.88,0.9305,-0.101,0.12,0.019,0.0695,-0.101,392.14,0.0
2026-05-28T02:14:29.494087+00:00,1779934469494,delta,0.981,0.88,0.9305,-0.101,0.12,0.019,0.0695,-0.101,392.14,0.0
2026-05-28T02:14:29.494635+00:00,1779934469494,delta,0.981,0.88,0.9305,-0.101,0.12,0.019,0.0695,-0.101,392.14,0.0
2026-05-28T02:14:29.495047+00:00,1779934469495,delta,0.981,0.88,0.9305,-0.101,0.12,0.019,0.0695,-0.101,392.14,0.0
2026-05-28T02:14:29.521447+00:00,1779934469521,delta,0.981,0.88,0.9305,-0.101,0.12,0.019,0.0695,-0.101,392.14,0.0
2026-05-28T02:14:29.522290+00:00,1779934469522,delta,0.981,0.88,0.9305,-0.101,0.12,0.019,0.0695,-0.101,392.14,0.0
2026-05-28T02:14:29.571977+00:00,1779934469571,delta,0.981,0.88,0.9305,-0.101,0.12,0.019,0.0695,-0.101,392.14,0.0
2026-05-28T02:14:29.572719+00:00,1779934469572,delta,0.981,0.88,0.9305,-0.101,0.12,0.019,0.0695,-0.101,442.14,0.0
2026-05-28T02:14:29.573363+00:00,1779934469573,delta,0.981,0.88,0.9305,-0.101,0.12,0.019,0.0695,-0.101,439.14,0.0
2026-05-28T02:14:29.573918+00:00,1779934469573,delta,0.981,0.88,0.9305,-0.101,0.12,0.019,0.0695,-0.101,439.14,0.0
2026-05-28T02:14:29.574363+00:00,1779934469574,delta,0.981,0.88,0.9305,-0.101,0.12,0.019,0.0695,-0.101,439.14,0.0
2026-05-28T02:14:29.575014+00:00,1779934469575,delta,0.981,0.88,0.9305,-0.101,0.12,0.019,0.0695,-0.101,439.14,0.0
2026-05-28T02:14:29.575612+00:00,1779934469575,delta,0.981,0.88,0.9305,-0.101,0.12,0.019,0.0695,-0.101,439.14,0.0
2026-05-28T02:14:29.632685+00:00,1779934469632,delta,0.981,0.88,0.9305,-0.101,0.12,0.019,0.0695,-0.101,439.14,0.0
2026-05-28T02:14:29.633567+00:00,1779934469633,delta,0.981,0.88,0.9305,-0.101,0.12,0.019,0.0695,-0.101,389.14,0.0
2026-05-28T02:14:29.634369+00:00,1779934469634,delta,0.981,0.88,0.9305,-0.101,0.12,0.019,0.0695,-0.101,389.14,0.0
2026-05-28T02:14:29.636177+00:00,1779934469636,delta,0.981,0.88,0.9305,-0.101,0.12,0.019,0.0695,-0.101,389.14,0.0
2026-05-28T02:14:29.637148+00:00,1779934469637,delta,0.981,0.88,0.9305,-0.101,0.12,0.019,0.0695,-0.101,389.14,0.0
2026-05-28T02:14:29.637694+00:00,1779934469637,delta,0.981,0.88,0.9305,-0.101,0.12,0.019,0.0695,-0.101,389.14,0.0
2026-05-28T02:14:29.638213+00:00,1779934469638,delta,0.981,0.88,0.9305,-0.101,0.12,0.019,0.0695,-0.101,389.14,0.0
2026-05-28T02:14:29.668532+00:00,1779934469668,delta,0.981,0.88,0.9305,-0.101,0.12,0.019,0.0695,-0.101,389.14,0.0
2026-05-28T02:14:29.670276+00:00,1779934469670,delta,0.981,0.88,0.9305,-0.101,0.12,0.019,0.0695,-0.101,389.14,0.0
2026-05-28T02:14:29.688860+00:00,1779934469688,delta,0.981,0.88,0.9305,-0.101,0.12,0.019,0.0695,-0.101,389.14,0.0
2026-05-28T02:14:29.689556+00:00,1779934469689,delta,0.981,0.88,0.9305,-0.101,0.12,0.019,0.0695,-0.101,389.14,0.0
2026-05-28T02:14:29.695290+00:00,1779934469695,delta,0.981,0.88,0.9305,-0.101,0.12,0.019,0.0695,-0.101,389.14,0.0
2026-05-28T02:14:29.695902+00:00,1779934469695,delta,0.981,0.88,0.9305,-0.101,0.12,0.019,0.0695,-0.101,389.14,0.0
2026-05-28T02:14:29.696348+00:00,1779934469696,delta,0.981,0.88,0.9305,-0.101,0.12,0.019,0.0695,-0.101,389.14,0.0
2026-05-28T02:14:29.696864+00:00,1779934469696,delta,0.981,0.88,0.9305,-0.101,0.12,0.019,0.0695,-0.101,372.5,0.0
2026-05-28T02:14:29.697439+00:00,1779934469697,delta,0.981,0.88,0.9305,-0.101,0.12,0.019,0.0695,-0.101,357.18,0.0
2026-05-28T02:14:29.697992+00:00,1779934469697,delta,0.981,0.88,0.9305,-0.101,0.12,0.019,0.0695,-0.101,357.18,0.0
2026-05-28T02:14:29.715214+00:00,1779934469715,delta,0.981,0.88,0.9305,-0.101,0.12,0.019,0.0695,-0.101,334.05,0.0
2026-05-28T02:14:29.715923+00:00,1779934469715,delta,0.981,0.88,0.9305,-0.101,0.12,0.019,0.0695,-0.101,331.42,0.0
2026-05-28T02:14:29.716754+00:00,1779934469716,delta,0.981,0.88,0.9305,-0.101,0.12,0.019,0.0695,-0.101,274.69,0.0
2026-05-28T02:14:29.741806+00:00,1779934469741,delta,0.981,0.88,0.9305,-0.101,0.12,0.019,0.0695,-0.101,274.69,0.0
2026-05-28T02:14:29.742468+00:00,1779934469742,delta,0.981,0.88,0.9305,-0.101,0.12,0.019,0.0695,-0.101,274.69,0.0
2026-05-28T02:14:29.768356+00:00,1779934469768,delta,0.981,0.88,0.9305,-0.101,0.12,0.019,0.0695,-0.101,274.69,0.0
2026-05-28T02:14:29.770661+00:00,1779934469770,delta,0.981,0.88,0.9305,-0.101,0.12,0.019,0.0695,-0.101,274.69,0.0
2026-05-28T02:14:29.772189+00:00,1779934469772,delta,0.981,0.88,0.9305,-0.101,0.12,0.019,0.0695,-0.101,274.69,0.0
2026-05-28T02:14:29.772735+00:00,1779934469772,delta,0.981,0.88,0.9305,-0.101,0.12,0.019,0.0695,-0.101,274.69,0.0
2026-05-28T02:14:29.797743+00:00,1779934469797,delta,0.981,0.88,0.9305,-0.101,0.12,0.019,0.0695,-0.101,313.18,0.0
2026-05-28T02:14:29.818476+00:00,1779934469818,delta,0.981,0.88,0.9305,-0.101,0.12,0.019,0.0695,-0.101,263.18,0.0
2026-05-28T02:14:29.820740+00:00,1779934469820,delta,0.981,0.88,0.9305,-0.101,0.12,0.019,0.0695,-0.101,263.18,0.0
2026-05-28T02:14:29.821696+00:00,1779934469821,delta,0.981,0.88,0.9305,-0.101,0.12,0.019,0.0695,-0.101,263.18,0.0
2026-05-28T02:14:29.822454+00:00,1779934469822,delta,0.981,0.88,0.9305,-0.101,0.12,0.019,0.0695,-0.101,263.18,0.0
2026-05-28T02:14:29.881699+00:00,1779934469881,delta,0.981,0.88,0.9305,-0.101,0.12,0.019,0.0695,-0.101,263.18,0.0
2026-05-28T02:14:29.882829+00:00,1779934469882,delta,0.981,0.88,0.9305,-0.101,0.12,0.019,0.0695,-0.101,263.18,0.0
2026-05-28T02:14:29.903489+00:00,1779934469903,delta,0.981,0.88,0.9305,-0.101,0.12,0.019,0.0695,-0.101,263.18,0.0
2026-05-28T02:14:29.905195+00:00,1779934469905,delta,0.981,0.88,0.9305,-0.101,0.12,0.019,0.0695,-0.101,254.16,0.0
2026-05-28T02:14:29.905955+00:00,1779934469905,delta,0.981,0.88,0.9305,-0.101,0.12,0.019,0.0695,-0.101,254.16,0.0
2026-05-28T02:14:29.906644+00:00,1779934469906,delta,0.981,0.88,0.9305,-0.101,0.12,0.019,0.0695,-0.101,254.16,0.0
2026-05-28T02:14:29.977964+00:00,1779934469977,delta,0.981,0.88,0.9305,-0.101,0.12,0.019,0.0695,-0.101,254.16,0.0
2026-05-28T02:14:29.978780+00:00,1779934469978,delta,0.981,0.88,0.9305,-0.101,0.12,0.019,0.0695,-0.101,254.16,0.0
2026-05-28T02:14:29.979249+00:00,1779934469979,delta,0.981,0.88,0.9305,-0.101,0.12,0.019,0.0695,-0.101,254.16,0.0
2026-05-28T02:14:29.979699+00:00,1779934469979,delta,0.981,0.88,0.9305,-0.101,0.12,0.019,0.0695,-0.101,254.16,0.0
2026-05-28T02:14:29.980092+00:00,1779934469980,delta,0.981,0.88,0.9305,-0.101,0.12,0.019,0.0695,-0.101,254.16,0.0
2026-05-28T02:14:30.004746+00:00,1779934470004,delta,0.981,0.88,0.9305,-0.101,0.12,0.019,0.0695,-0.101,254.16,0.0
2026-05-28T02:14:30.033234+00:00,1779934470033,delta,0.981,0.88,0.9305,-0.101,0.12,0.019,0.0695,-0.101,254.16,0.0
2026-05-28T02:14:30.034424+00:00,1779934470034,delta,0.981,0.88,0.9305,-0.101,0.12,0.019,0.0695,-0.101,254.16,0.0
2026-05-28T02:14:30.035303+00:00,1779934470035,delta,0.981,0.88,0.9305,-0.101,0.12,0.019,0.0695,-0.101,254.16,0.0
2026-05-28T02:14:30.036255+00:00,1779934470036,delta,0.981,0.88,0.9305,-0.101,0.12,0.019,0.0695,-0.101,254.16,0.0
2026-05-28T02:14:30.064330+00:00,1779934470064,delta,0.981,0.88,0.9305,-0.101,0.12,0.019,0.0695,-0.101,254.16,0.0
2026-05-28T02:14:30.065109+00:00,1779934470065,delta,0.981,0.88,0.9305,-0.101,0.12,0.019,0.0695,-0.101,254.16,0.0
2026-05-28T02:14:30.065728+00:00,1779934470065,delta,0.981,0.88,0.9305,-0.101,0.12,0.019,0.0695,-0.101,254.16,0.0
2026-05-28T02:14:30.066234+00:00,1779934470066,delta,0.981,0.88,0.9305,-0.101,0.12,0.019,0.0695,-0.101,254.16,0.0
2026-05-28T02:14:30.096495+00:00,1779934470096,delta,0.981,0.88,0.9305,-0.101,0.12,0.019,0.0695,-0.101,254.16,0.0
2026-05-28T02:14:30.097282+00:00,1779934470097,delta,0.981,0.88,0.9305,-0.101,0.12,0.019,0.0695,-0.101,213.49,0.0
2026-05-28T02:14:30.097913+00:00,1779934470097,delta,0.981,0.88,0.9305,-0.101,0.12,0.019,0.0695,-0.101,175.0,0.0
2026-05-28T02:14:30.098349+00:00,1779934470098,delta,0.981,0.88,0.9305,-0.101,0.12,0.019,0.0695,-0.101,154.16,0.0
2026-05-28T02:14:30.098743+00:00,1779934470098,delta,0.981,0.88,0.9305,-0.101,0.12,0.019,0.0695,-0.101,154.16,0.0
2026-05-28T02:14:30.099137+00:00,1779934470099,delta,0.981,0.88,0.9305,-0.101,0.12,0.019,0.0695,-0.101,154.16,0.0
2026-05-28T02:14:30.099518+00:00,1779934470099,delta,0.981,0.88,0.9305,-0.101,0.12,0.019,0.0695,-0.101,154.16,0.0
2026-05-28T02:14:30.099971+00:00,1779934470099,delta,0.981,0.88,0.9305,-0.101,0.12,0.019,0.0695,-0.101,154.16,0.0
2026-05-28T02:14:30.100393+00:00,1779934470100,delta,0.981,0.88,0.9305,-0.101,0.12,0.019,0.0695,-0.101,154.16,0.0
2026-05-28T02:14:30.117933+00:00,1779934470117,delta,0.981,0.88,0.9305,-0.101,0.12,0.019,0.0695,-0.101,154.16,0.0
2026-05-28T02:14:30.118715+00:00,1779934470118,delta,0.981,0.88,0.9305,-0.101,0.12,0.019,0.0695,-0.101,154.16,0.0
2026-05-28T02:14:30.119426+00:00,1779934470119,delta,0.981,0.88,0.9305,-0.101,0.12,0.019,0.0695,-0.101,154.16,0.0
2026-05-28T02:14:30.125005+00:00,1779934470125,delta,0.981,0.88,0.9305,-0.101,0.12,0.019,0.0695,-0.101,154.16,0.0
2026-05-28T02:14:30.125801+00:00,1779934470125,delta,0.981,0.88,0.9305,-0.101,0.12,0.019,0.0695,-0.101,154.16,0.0
2026-05-28T02:14:30.146183+00:00,1779934470146,delta,0.981,0.88,0.9305,-0.101,0.12,0.019,0.0695,-0.101,154.16,0.0
2026-05-28T02:14:30.146865+00:00,1779934470146,delta,0.981,0.88,0.9305,-0.101,0.12,0.019,0.0695,-0.101,154.16,0.0
2026-05-28T02:14:30.147830+00:00,1779934470147,delta,0.981,0.88,0.9305,-0.101,0.12,0.019,0.0695,-0.101,154.16,0.0
2026-05-28T02:14:30.148877+00:00,1779934470148,delta,0.981,0.88,0.9305,-0.101,0.12,0.019,0.0695,-0.101,154.16,0.0
2026-05-28T02:14:30.181555+00:00,1779934470181,delta,0.981,0.88,0.9305,-0.101,0.12,0.019,0.0695,-0.101,154.16,0.0
2026-05-28T02:14:30.182168+00:00,1779934470182,delta,0.981,0.88,0.9305,-0.101,0.12,0.019,0.0695,-0.101,154.16,0.0
2026-05-28T02:14:30.182640+00:00,1779934470182,delta,0.981,0.88,0.9305,-0.101,0.12,0.019,0.0695,-0.101,192.73,0.0
2026-05-28T02:14:30.183097+00:00,1779934470183,delta,0.981,0.88,0.9305,-0.101,0.12,0.019,0.0695,-0.101,192.73,0.0
2026-05-28T02:14:30.183515+00:00,1779934470183,delta,0.981,0.88,0.9305,-0.101,0.12,0.019,0.0695,-0.101,192.73,0.0
2026-05-28T02:14:30.184013+00:00,1779934470184,delta,0.981,0.88,0.9305,-0.101,0.12,0.019,0.0695,-0.101,192.73,0.0
2026-05-28T02:14:30.184595+00:00,1779934470184,delta,0.981,0.88,0.9305,-0.101,0.12,0.019,0.0695,-0.101,192.73,0.0
2026-05-28T02:14:30.185391+00:00,1779934470185,delta,0.981,0.88,0.9305,-0.101,0.12,0.019,0.0695,-0.101,192.73,0.0
2026-05-28T02:14:30.205518+00:00,1779934470205,delta,0.981,0.88,0.9305,-0.101,0.12,0.019,0.0695,-0.101,192.73,0.0
2026-05-28T02:14:30.206428+00:00,1779934470206,delta,0.981,0.88,0.9305,-0.101,0.12,0.019,0.0695,-0.101,192.73,0.0
2026-05-28T02:14:30.208264+00:00,1779934470208,delta,0.981,0.88,0.9305,-0.101,0.12,0.019,0.0695,-0.101,192.73,0.0
2026-05-28T02:14:30.208968+00:00,1779934470208,delta,0.981,0.88,0.9305,-0.101,0.12,0.019,0.0695,-0.101,192.73,0.0
2026-05-28T02:14:30.209486+00:00,1779934470209,delta,0.981,0.88,0.9305,-0.101,0.12,0.019,0.0695,-0.101,192.73,0.0
2026-05-28T02:14:30.209976+00:00,1779934470209,delta,0.981,0.88,0.9305,-0.101,0.12,0.019,0.0695,-0.101,50.0,0.0
2026-05-28T02:14:30.210859+00:00,1779934470210,delta,0.981,0.88,0.9305,-0.101,0.12,0.019,0.0695,-0.101,50.0,0.0
2026-05-28T02:14:30.211359+00:00,1779934470211,delta,0.981,0.88,0.9305,-0.101,0.12,0.019,0.0695,-0.101,52.0,0.0
2026-05-28T02:14:30.211842+00:00,1779934470211,delta,0.981,0.88,0.9305,-0.101,0.12,0.019,0.0695,-0.101,52.0,0.0
2026-05-28T02:14:30.212245+00:00,1779934470212,delta,0.981,0.88,0.9305,-0.101,0.12,0.019,0.0695,-0.101,52.0,0.0
2026-05-28T02:14:30.234401+00:00,1779934470234,delta,0.981,0.88,0.9305,-0.101,0.12,0.019,0.0695,-0.101,52.0,0.0
2026-05-28T02:14:30.259865+00:00,1779934470259,delta,0.981,0.88,0.9305,-0.101,0.12,0.019,0.0695,-0.101,52.0,0.0
2026-05-28T02:14:30.260679+00:00,1779934470260,delta,0.981,0.88,0.9305,-0.101,0.12,0.019,0.0695,-0.101,52.0,0.0
2026-05-28T02:14:30.261302+00:00,1779934470261,delta,0.981,0.88,0.9305,-0.101,0.12,0.019,0.0695,-0.101,84.0,0.0
2026-05-28T02:14:30.261800+00:00,1779934470261,delta,0.981,0.88,0.9305,-0.101,0.12,0.019,0.0695,-0.101,84.0,0.0
2026-05-28T02:14:30.262231+00:00,1779934470262,delta,0.981,0.88,0.9305,-0.101,0.12,0.019,0.0695,-0.101,84.0,0.0
2026-05-28T02:14:30.289757+00:00,1779934470289,delta,0.981,0.88,0.9305,-0.101,0.12,0.019,0.0695,-0.101,84.0,0.0
2026-05-28T02:14:30.290655+00:00,1779934470290,delta,0.981,0.88,0.9305,-0.101,0.12,0.019,0.0695,-0.101,84.0,0.0
2026-05-28T02:14:30.291293+00:00,1779934470291,delta,0.981,0.88,0.9305,-0.101,0.12,0.019,0.0695,-0.101,84.0,0.0
2026-05-28T02:14:30.291789+00:00,1779934470291,delta,0.981,0.88,0.9305,-0.101,0.12,0.019,0.0695,-0.101,84.0,0.0
2026-05-28T02:14:30.292326+00:00,1779934470292,delta,0.981,0.88,0.9305,-0.101,0.12,0.019,0.0695,-0.101,84.0,0.0
2026-05-28T02:14:30.317219+00:00,1779934470317,delta,0.981,0.88,0.9305,-0.101,0.12,0.019,0.0695,-0.101,84.0,0.0
2026-05-28T02:14:30.318378+00:00,1779934470318,delta,0.981,0.88,0.9305,-0.101,0.12,0.019,0.0695,-0.101,84.0,0.0
2026-05-28T02:14:30.319014+00:00,1779934470319,delta,0.981,0.88,0.9305,-0.101,0.12,0.019,0.0695,-0.101,82.0,0.0
2026-05-28T02:14:30.319456+00:00,1779934470319,delta,0.981,0.88,0.9305,-0.101,0.12,0.019,0.0695,-0.101,120.49,0.0
2026-05-28T02:14:30.319883+00:00,1779934470319,delta,0.981,0.88,0.9305,-0.101,0.12,0.019,0.0695,-0.101,120.49,0.0
2026-05-28T02:14:30.320315+00:00,1779934470320,delta,0.981,0.88,0.9305,-0.101,0.12,0.019,0.0695,-0.101,171.49,0.0
2026-05-28T02:14:30.320767+00:00,1779934470320,delta,0.981,0.88,0.9305,-0.101,0.12,0.019,0.0695,-0.101,171.49,0.0
2026-05-28T02:14:30.321199+00:00,1779934470321,delta,0.981,0.88,0.9305,-0.101,0.12,0.019,0.0695,-0.101,171.49,0.0
2026-05-28T02:14:30.321581+00:00,1779934470321,delta,0.981,0.88,0.9305,-0.101,0.12,0.019,0.0695,-0.101,171.49,0.0
2026-05-28T02:14:30.322332+00:00,1779934470322,delta,0.981,0.88,0.9305,-0.101,0.12,0.019,0.0695,-0.101,171.49,0.0
2026-05-28T02:14:30.322817+00:00,1779934470322,delta,0.981,0.88,0.9305,-0.101,0.12,0.019,0.0695,-0.101,171.49,0.0
2026-05-28T02:14:30.323286+00:00,1779934470323,delta,0.981,0.88,0.9305,-0.101,0.12,0.019,0.0695,-0.101,171.49,0.0
2026-05-28T02:14:30.344613+00:00,1779934470344,delta,0.981,0.88,0.9305,-0.101,0.12,0.019,0.0695,-0.101,121.49,0.0
2026-05-28T02:14:30.345241+00:00,1779934470345,delta,0.981,0.88,0.9305,-0.101,0.12,0.019,0.0695,-0.101,171.49,0.0
2026-05-28T02:14:30.345811+00:00,1779934470345,delta,0.981,0.88,0.9305,-0.101,0.12,0.019,0.0695,-0.101,171.49,0.0
2026-05-28T02:14:30.346282+00:00,1779934470346,delta,0.981,0.88,0.9305,-0.101,0.12,0.019,0.0695,-0.101,293.65,0.0
2026-05-28T02:14:30.346727+00:00,1779934470346,delta,0.981,0.88,0.9305,-0.101,0.12,0.019,0.0695,-0.101,311.65,0.0
2026-05-28T02:14:30.347188+00:00,1779934470347,delta,0.981,0.88,0.9305,-0.101,0.12,0.019,0.0695,-0.101,311.65,0.0
2026-05-28T02:14:30.347679+00:00,1779934470347,delta,0.981,0.88,0.9305,-0.101,0.12,0.019,0.0695,-0.101,311.65,0.0
2026-05-28T02:14:30.348071+00:00,1779934470348,delta,0.981,0.88,0.9305,-0.101,0.12,0.019,0.0695,-0.101,311.65,0.0
2026-05-28T02:14:30.369967+00:00,1779934470369,delta,0.981,0.88,0.9305,-0.101,0.12,0.019,0.0695,-0.101,293.65,0.0
2026-05-28T02:14:30.370850+00:00,1779934470370,delta,0.981,0.88,0.9305,-0.101,0.12,0.019,0.0695,-0.101,255.16,0.0
2026-05-28T02:14:30.371516+00:00,1779934470371,delta,0.981,0.88,0.9305,-0.101,0.12,0.019,0.0695,-0.101,207.65,0.0
2026-05-28T02:14:30.372274+00:00,1779934470372,delta,0.981,0.88,0.9305,-0.101,0.12,0.019,0.0695,-0.101,207.65,0.0
2026-05-28T02:14:30.373393+00:00,1779934470373,delta,0.981,0.88,0.9305,-0.101,0.12,0.019,0.0695,-0.101,207.65,0.0
2026-05-28T02:14:30.421458+00:00,1779934470421,delta,0.981,0.88,0.9305,-0.101,0.12,0.019,0.0695,-0.101,207.65,0.0
2026-05-28T02:14:30.422152+00:00,1779934470422,delta,0.981,0.88,0.9305,-0.101,0.12,0.019,0.0695,-0.101,207.65,0.0
2026-05-28T02:14:30.422719+00:00,1779934470422,delta,0.981,0.88,0.9305,-0.101,0.12,0.019,0.0695,-0.101,207.65,0.0
2026-05-28T02:14:30.423244+00:00,1779934470423,delta,0.981,0.88,0.9305,-0.101,0.12,0.019,0.0695,-0.101,207.65,0.0
2026-05-28T02:14:30.423787+00:00,1779934470423,delta,0.981,0.88,0.9305,-0.101,0.12,0.019,0.0695,-0.101,207.65,0.0
2026-05-28T02:14:30.424236+00:00,1779934470424,delta,0.981,0.88,0.9305,-0.101,0.12,0.019,0.0695,-0.101,207.65,0.0
2026-05-28T02:14:30.424722+00:00,1779934470424,delta,0.981,0.88,0.9305,-0.101,0.12,0.019,0.0695,-0.101,246.14,0.0
2026-05-28T02:14:30.425212+00:00,1779934470425,delta,0.981,0.88,0.9305,-0.101,0.12,0.019,0.0695,-0.101,246.14,0.0
2026-05-28T02:14:30.425685+00:00,1779934470425,delta,0.981,0.88,0.9305,-0.101,0.12,0.019,0.0695,-0.101,246.14,0.0
2026-05-28T02:14:30.454885+00:00,1779934470454,delta,0.981,0.88,0.9305,-0.101,0.12,0.019,0.0695,-0.101,246.14,0.0
2026-05-28T02:14:30.455795+00:00,1779934470455,delta,0.981,0.88,0.9305,-0.101,0.12,0.019,0.0695,-0.101,242.65,0.0
2026-05-28T02:14:30.456440+00:00,1779934470456,delta,0.981,0.88,0.9305,-0.101,0.12,0.019,0.0695,-0.101,235.45,0.0
2026-05-28T02:14:30.457189+00:00,1779934470457,delta,0.981,0.88,0.9305,-0.101,0.12,0.019,0.0695,-0.101,235.45,0.0
2026-05-28T02:14:30.457897+00:00,1779934470457,delta,0.981,0.88,0.9305,-0.101,0.12,0.019,0.0695,-0.101,235.45,0.0
2026-05-28T02:14:30.458481+00:00,1779934470458,delta,0.981,0.88,0.9305,-0.101,0.12,0.019,0.0695,-0.101,235.45,0.0
2026-05-28T02:14:30.458940+00:00,1779934470458,delta,0.981,0.88,0.9305,-0.101,0.12,0.019,0.0695,-0.101,235.45,0.0
2026-05-28T02:14:30.482831+00:00,1779934470482,delta,0.981,0.88,0.9305,-0.101,0.12,0.019,0.0695,-0.101,235.45,0.0
2026-05-28T02:14:30.483492+00:00,1779934470483,delta,0.981,0.88,0.9305,-0.101,0.12,0.019,0.0695,-0.101,235.45,0.0
2026-05-28T02:14:30.484001+00:00,1779934470484,delta,0.981,0.88,0.9305,-0.101,0.12,0.019,0.0695,-0.101,235.45,0.0
2026-05-28T02:14:30.484539+00:00,1779934470484,delta,0.981,0.88,0.9305,-0.101,0.12,0.019,0.0695,-0.101,235.45,0.0
2026-05-28T02:14:30.518130+00:00,1779934470518,delta,0.981,0.88,0.9305,-0.101,0.12,0.019,0.0695,-0.101,235.45,0.0
2026-05-28T02:14:30.518846+00:00,1779934470518,delta,0.981,0.88,0.9305,-0.101,0.12,0.019,0.0695,-0.101,235.45,0.0
2026-05-28T02:14:30.519429+00:00,1779934470519,delta,0.981,0.88,0.9305,-0.101,0.12,0.019,0.0695,-0.101,235.45,0.0
2026-05-28T02:14:30.520219+00:00,1779934470520,delta,0.981,0.88,0.9305,-0.101,0.12,0.019,0.0695,-0.101,235.45,0.0
2026-05-28T02:14:30.521132+00:00,1779934470521,delta,0.981,0.88,0.9305,-0.101,0.12,0.019,0.0695,-0.101,235.45,0.0
2026-05-28T02:14:30.536545+00:00,1779934470536,delta,0.981,0.88,0.9305,-0.101,0.12,0.019,0.0695,-0.101,235.45,0.0
2026-05-28T02:14:30.538109+00:00,1779934470538,delta,0.981,0.88,0.9305,-0.101,0.12,0.019,0.0695,-0.101,192.65,0.0
2026-05-28T02:14:30.538653+00:00,1779934470538,delta,0.981,0.88,0.9305,-0.101,0.12,0.019,0.0695,-0.101,154.16,0.0
2026-05-28T02:14:30.539145+00:00,1779934470539,delta,0.981,0.88,0.9305,-0.101,0.12,0.019,0.0695,-0.101,139.09,0.0
2026-05-28T02:14:30.539744+00:00,1779934470539,delta,0.981,0.88,0.9305,-0.101,0.12,0.019,0.0695,-0.101,139.09,0.0
2026-05-28T02:14:30.540168+00:00,1779934470540,delta,0.981,0.88,0.9305,-0.101,0.12,0.019,0.0695,-0.101,139.09,0.0
2026-05-28T02:14:30.562907+00:00,1779934470562,delta,0.981,0.88,0.9305,-0.101,0.12,0.019,0.0695,-0.101,139.09,0.0
2026-05-28T02:14:30.563512+00:00,1779934470563,delta,0.981,0.88,0.9305,-0.101,0.12,0.019,0.0695,-0.101,139.09,0.0
2026-05-28T02:14:30.587698+00:00,1779934470587,delta,0.981,0.88,0.9305,-0.101,0.12,0.019,0.0695,-0.101,139.09,0.0
2026-05-28T02:14:30.588447+00:00,1779934470588,delta,0.981,0.88,0.9305,-0.101,0.12,0.019,0.0695,-0.101,139.09,0.0
2026-05-28T02:14:30.589890+00:00,1779934470589,delta,0.981,0.88,0.9305,-0.101,0.12,0.019,0.0695,-0.101,177.66,0.0
2026-05-28T02:14:30.615392+00:00,1779934470615,delta,0.981,0.88,0.9305,-0.101,0.12,0.019,0.0695,-0.101,174.61,0.0
2026-05-28T02:14:30.616123+00:00,1779934470616,delta,0.981,0.88,0.9305,-0.101,0.12,0.019,0.0695,-0.101,174.61,0.0
2026-05-28T02:14:30.616794+00:00,1779934470616,delta,0.981,0.88,0.9305,-0.101,0.12,0.019,0.0695,-0.101,174.61,0.0
2026-05-28T02:14:30.617481+00:00,1779934470617,delta,0.981,0.88,0.9305,-0.101,0.12,0.019,0.0695,-0.101,174.61,0.0
2026-05-28T02:14:30.618063+00:00,1779934470618,delta,0.981,0.88,0.9305,-0.101,0.12,0.019,0.0695,-0.101,174.61,0.0
2026-05-28T02:14:30.618648+00:00,1779934470618,delta,0.981,0.88,0.9305,-0.101,0.12,0.019,0.0695,-0.101,174.61,0.0
2026-05-28T02:14:30.619151+00:00,1779934470619,delta,0.981,0.88,0.9305,-0.101,0.12,0.019,0.0695,-0.101,174.61,0.0
2026-05-28T02:14:30.649535+00:00,1779934470649,delta,0.981,0.88,0.9305,-0.101,0.12,0.019,0.0695,-0.101,174.61,0.0
2026-05-28T02:14:30.650504+00:00,1779934470650,delta,0.981,0.88,0.9305,-0.101,0.12,0.019,0.0695,-0.101,174.61,0.0
2026-05-28T02:14:30.651522+00:00,1779934470651,delta,0.981,0.88,0.9305,-0.101,0.12,0.019,0.0695,-0.101,174.61,0.0
2026-05-28T02:14:30.652528+00:00,1779934470652,delta,0.981,0.88,0.9305,-0.101,0.12,0.019,0.0695,-0.101,174.61,0.0
2026-05-28T02:14:30.676348+00:00,1779934470676,delta,0.981,0.88,0.9305,-0.101,0.12,0.019,0.0695,-0.101,174.61,0.0
2026-05-28T02:14:30.677027+00:00,1779934470677,delta,0.981,0.88,0.9305,-0.101,0.12,0.019,0.0695,-0.101,174.61,0.0
2026-05-28T02:14:30.677831+00:00,1779934470677,delta,0.981,0.88,0.9305,-0.101,0.12,0.019,0.0695,-0.101,174.61,0.0
2026-05-28T02:14:30.678323+00:00,1779934470678,delta,0.981,0.88,0.9305,-0.101,0.12,0.019,0.0695,-0.101,174.61,0.0
2026-05-28T02:14:30.678784+00:00,1779934470678,delta,0.981,0.88,0.9305,-0.101,0.12,0.019,0.0695,-0.101,174.61,0.0
2026-05-28T02:14:30.704654+00:00,1779934470704,delta,0.981,0.88,0.9305,-0.101,0.12,0.019,0.0695,-0.101,174.61,0.0
2026-05-28T02:14:30.705312+00:00,1779934470705,delta,0.981,0.88,0.9305,-0.101,0.12,0.019,0.0695,-0.101,174.61,0.0
2026-05-28T02:14:30.754836+00:00,1779934470754,delta,0.981,0.88,0.9305,-0.101,0.12,0.019,0.0695,-0.101,174.61,0.0
2026-05-28T02:14:30.755767+00:00,1779934470755,delta,0.981,0.88,0.9305,-0.101,0.12,0.019,0.0695,-0.101,174.61,0.0
2026-05-28T02:14:30.777833+00:00,1779934470777,delta,0.981,0.88,0.9305,-0.101,0.12,0.019,0.0695,-0.101,174.61,0.0
2026-05-28T02:14:30.779092+00:00,1779934470779,delta,0.981,0.88,0.9305,-0.101,0.12,0.019,0.0695,-0.101,174.61,0.0
2026-05-28T02:14:30.780227+00:00,1779934470780,delta,0.981,0.88,0.9305,-0.101,0.12,0.019,0.0695,-0.101,174.61,0.0
2026-05-28T02:14:30.781437+00:00,1779934470781,delta,0.981,0.88,0.9305,-0.101,0.12,0.019,0.0695,-0.101,174.61,0.0
2026-05-28T02:14:30.782444+00:00,1779934470782,delta,0.981,0.88,0.9305,-0.101,0.12,0.019,0.0695,-0.101,174.61,0.0
2026-05-28T02:14:30.783137+00:00,1779934470783,delta,0.981,0.88,0.9305,-0.101,0.12,0.019,0.0695,-0.101,174.61,0.0
2026-05-28T02:14:30.783972+00:00,1779934470783,delta,0.981,0.88,0.9305,-0.101,0.12,0.019,0.0695,-0.101,141.41,0.0
2026-05-28T02:14:30.807010+00:00,1779934470807,delta,0.981,0.88,0.9305,-0.101,0.12,0.019,0.0695,-0.101,141.41,0.0
2026-05-28T02:14:30.807606+00:00,1779934470807,delta,0.981,0.88,0.9305,-0.101,0.12,0.019,0.0695,-0.101,141.41,0.0
2026-05-28T02:14:30.808210+00:00,1779934470808,delta,0.981,0.88,0.9305,-0.101,0.12,0.019,0.0695,-0.101,141.41,0.0
2026-05-28T02:14:30.808746+00:00,1779934470808,delta,0.981,0.88,0.9305,-0.101,0.12,0.019,0.0695,-0.101,141.41,0.0
2026-05-28T02:14:30.834527+00:00,1779934470834,delta,0.981,0.88,0.9305,-0.101,0.12,0.019,0.0695,-0.101,141.41,0.0
2026-05-28T02:14:30.836130+00:00,1779934470836,delta,0.981,0.88,0.9305,-0.101,0.12,0.019,0.0695,-0.101,141.41,0.0
2026-05-28T02:14:30.837180+00:00,1779934470837,delta,0.981,0.88,0.9305,-0.101,0.12,0.019,0.0695,-0.101,141.41,0.0
2026-05-28T02:14:30.838507+00:00,1779934470838,delta,0.981,0.88,0.9305,-0.101,0.12,0.019,0.0695,-0.101,51.41,0.0
2026-05-28T02:14:30.839073+00:00,1779934470839,delta,0.981,0.88,0.9305,-0.101,0.12,0.019,0.0695,-0.101,51.41,0.0
2026-05-28T02:14:30.839631+00:00,1779934470839,delta,0.981,0.88,0.9305,-0.101,0.12,0.019,0.0695,-0.101,51.41,0.0
2026-05-28T02:14:30.840083+00:00,1779934470840,delta,0.981,0.88,0.9305,-0.101,0.12,0.019,0.0695,-0.101,51.41,0.0
2026-05-28T02:14:30.843495+00:00,1779934470843,delta,0.981,0.88,0.9305,-0.101,0.12,0.019,0.0695,-0.101,51.41,0.0
2026-05-28T02:14:30.844172+00:00,1779934470844,delta,0.981,0.88,0.9305,-0.101,0.12,0.019,0.0695,-0.101,51.41,0.0
2026-05-28T02:14:30.962764+00:00,1779934470962,delta,0.981,0.88,0.9305,-0.101,0.12,0.019,0.0695,-0.101,51.41,0.0
2026-05-28T02:14:30.963437+00:00,1779934470963,delta,0.981,0.88,0.9305,-0.101,0.12,0.019,0.0695,-0.101,51.41,0.0
2026-05-28T02:14:30.964048+00:00,1779934470964,delta,0.981,0.88,0.9305,-0.101,0.12,0.019,0.0695,-0.101,38.57,0.0
2026-05-28T02:14:30.964553+00:00,1779934470964,delta,0.981,0.88,0.9305,-0.101,0.12,0.019,0.0695,-0.101,38.57,0.0
2026-05-28T02:14:30.965017+00:00,1779934470965,delta,0.981,0.88,0.9305,-0.101,0.12,0.019,0.0695,-0.101,38.57,0.0
2026-05-28T02:14:30.965524+00:00,1779934470965,delta,0.981,0.88,0.9305,-0.101,0.12,0.019,0.0695,-0.101,38.57,0.0
2026-05-28T02:14:30.966046+00:00,1779934470966,delta,0.981,0.88,0.9305,-0.101,0.12,0.019,0.0695,-0.101,38.57,0.0
2026-05-28T02:14:30.966563+00:00,1779934470966,delta,0.981,0.88,0.9305,-0.101,0.12,0.019,0.0695,-0.101,38.57,0.0
2026-05-28T02:14:30.967112+00:00,1779934470967,delta,0.981,0.88,0.9305,-0.101,0.12,0.019,0.0695,-0.101,38.57,0.0
2026-05-28T02:14:30.967626+00:00,1779934470967,delta,0.981,0.88,0.9305,-0.101,0.12,0.019,0.0695,-0.101,38.57,0.0
2026-05-28T02:14:30.968238+00:00,1779934470968,delta,0.981,0.88,0.9305,-0.101,0.12,0.019,0.0695,-0.101,38.57,0.0
2026-05-28T02:14:30.968840+00:00,1779934470968,delta,0.981,0.88,0.9305,-0.101,0.12,0.019,0.0695,-0.101,200.0,0.0
2026-05-28T02:14:30.969937+00:00,1779934470969,delta,0.981,0.88,0.9305,-0.101,0.12,0.019,0.0695,-0.101,200.0,0.0
2026-05-28T02:14:30.970531+00:00,1779934470970,delta,0.981,0.88,0.9305,-0.101,0.12,0.019,0.0695,-0.101,200.0,0.0
2026-05-28T02:14:30.971020+00:00,1779934470971,delta,0.981,0.88,0.9305,-0.101,0.12,0.019,0.0695,-0.101,200.0,0.0
2026-05-28T02:14:30.971499+00:00,1779934470971,delta,0.981,0.88,0.9305,-0.101,0.12,0.019,0.0695,-0.101,200.0,0.0
2026-05-28T02:14:30.972027+00:00,1779934470972,delta,0.981,0.88,0.9305,-0.101,0.12,0.019,0.0695,-0.101,200.0,0.0
2026-05-28T02:14:30.972523+00:00,1779934470972,delta,0.981,0.88,0.9305,-0.101,0.12,0.019,0.0695,-0.101,36.0,0.0
2026-05-28T02:14:30.972957+00:00,1779934470972,delta,0.981,0.88,0.9305,-0.101,0.12,0.019,0.0695,-0.101,36.0,0.0
2026-05-28T02:14:30.973398+00:00,1779934470973,delta,0.981,0.88,0.9305,-0.101,0.12,0.019,0.0695,-0.101,36.0,0.0
2026-05-28T02:14:30.973878+00:00,1779934470973,delta,0.981,0.88,0.9305,-0.101,0.12,0.019,0.0695,-0.101,36.0,0.0
2026-05-28T02:14:30.974296+00:00,1779934470974,delta,0.981,0.88,0.9305,-0.101,0.12,0.019,0.0695,-0.101,36.0,0.0
2026-05-28T02:14:30.974749+00:00,1779934470974,delta,0.981,0.88,0.9305,-0.101,0.12,0.019,0.0695,-0.101,36.0,0.0
2026-05-28T02:14:30.980258+00:00,1779934470980,delta,0.981,0.88,0.9305,-0.101,0.12,0.019,0.0695,-0.101,36.0,0.0
2026-05-28T02:14:30.981099+00:00,1779934470981,delta,0.981,0.88,0.9305,-0.101,0.12,0.019,0.0695,-0.101,36.0,0.0
2026-05-28T02:14:30.981876+00:00,1779934470981,delta,0.981,0.88,0.9305,-0.101,0.12,0.019,0.0695,-0.101,218.61,0.0
2026-05-28T02:14:30.982458+00:00,1779934470982,delta,0.981,0.88,0.9305,-0.101,0.12,0.019,0.0695,-0.101,48.0,0.0
2026-05-28T02:14:30.983004+00:00,1779934470983,delta,0.981,0.88,0.9305,-0.101,0.12,0.019,0.0695,-0.101,48.0,0.0
2026-05-28T02:14:30.983490+00:00,1779934470983,delta,0.981,0.88,0.9305,-0.101,0.12,0.019,0.0695,-0.101,48.0,0.0
2026-05-28T02:14:30.984004+00:00,1779934470984,delta,0.981,0.88,0.9305,-0.101,0.12,0.019,0.0695,-0.101,48.0,0.0
2026-05-28T02:14:30.984750+00:00,1779934470984,delta,0.981,0.88,0.9305,-0.101,0.12,0.019,0.0695,-0.101,48.0,0.0
2026-05-28T02:14:30.985600+00:00,1779934470985,delta,0.981,0.88,0.9305,-0.101,0.12,0.019,0.0695,-0.101,180.0,0.0
2026-05-28T02:14:30.987200+00:00,1779934470987,delta,0.981,0.88,0.9305,-0.101,0.12,0.019,0.0695,-0.101,219.0,0.0
2026-05-28T02:14:30.987761+00:00,1779934470987,delta,0.981,0.88,0.9305,-0.101,0.12,0.019,0.0695,-0.101,219.0,0.0
2026-05-28T02:14:30.988249+00:00,1779934470988,delta,0.981,0.88,0.9305,-0.101,0.12,0.019,0.0695,-0.101,239.0,0.0
2026-05-28T02:14:31.008340+00:00,1779934471008,delta,0.981,0.88,0.9305,-0.101,0.12,0.019,0.0695,-0.101,239.0,0.0
2026-05-28T02:14:31.008986+00:00,1779934471008,delta,0.981,0.88,0.9305,-0.101,0.12,0.019,0.0695,-0.101,239.0,0.0
2026-05-28T02:14:31.035004+00:00,1779934471035,delta,0.981,0.88,0.9305,-0.101,0.12,0.019,0.0695,-0.101,239.0,0.0
2026-05-28T02:14:31.036054+00:00,1779934471036,delta,0.981,0.88,0.9305,-0.101,0.12,0.019,0.0695,-0.101,89.0,0.0
2026-05-28T02:14:31.037816+00:00,1779934471037,delta,0.981,0.88,0.9305,-0.101,0.12,0.019,0.0695,-0.101,89.0,0.0
2026-05-28T02:14:31.038462+00:00,1779934471038,delta,0.981,0.88,0.9305,-0.101,0.12,0.019,0.0695,-0.101,50.0,0.0
2026-05-28T02:14:31.038853+00:00,1779934471038,delta,0.981,0.88,0.9305,-0.101,0.12,0.019,0.0695,-0.101,50.0,0.0
2026-05-28T02:14:31.039255+00:00,1779934471039,delta,0.981,0.88,0.9305,-0.101,0.12,0.019,0.0695,-0.101,50.0,0.0
2026-05-28T02:14:31.039692+00:00,1779934471039,delta,0.981,0.88,0.9305,-0.101,0.12,0.019,0.0695,-0.101,50.0,0.0
2026-05-28T02:14:31.040203+00:00,1779934471040,delta,0.981,0.88,0.9305,-0.101,0.12,0.019,0.0695,-0.101,50.0,0.0
2026-05-28T02:14:31.040655+00:00,1779934471040,delta,0.981,0.88,0.9305,-0.101,0.12,0.019,0.0695,-0.101,50.0,0.0
2026-05-28T02:14:31.041138+00:00,1779934471041,delta,0.981,0.88,0.9305,-0.101,0.12,0.019,0.0695,-0.101,50.0,0.0
2026-05-28T02:14:31.041633+00:00,1779934471041,delta,0.981,0.88,0.9305,-0.101,0.12,0.019,0.0695,-0.101,85.0,0.0
2026-05-28T02:14:31.042120+00:00,1779934471042,delta,0.981,0.88,0.9305,-0.101,0.12,0.019,0.0695,-0.101,75.0,0.0
2026-05-28T02:14:31.042648+00:00,1779934471042,delta,0.981,0.88,0.9305,-0.101,0.12,0.019,0.0695,-0.101,75.0,0.0
2026-05-28T02:14:31.043175+00:00,1779934471043,delta,0.981,0.88,0.9305,-0.101,0.12,0.019,0.0695,-0.101,75.0,0.0
2026-05-28T02:14:31.043672+00:00,1779934471043,delta,0.981,0.88,0.9305,-0.101,0.12,0.019,0.0695,-0.101,75.0,0.0
2026-05-28T02:14:31.044112+00:00,1779934471044,delta,0.981,0.88,0.9305,-0.101,0.12,0.019,0.0695,-0.101,75.0,0.0
2026-05-28T02:14:31.044533+00:00,1779934471044,delta,0.981,0.88,0.9305,-0.101,0.12,0.019,0.0695,-0.101,75.0,0.0
2026-05-28T02:14:31.067059+00:00,1779934471067,delta,0.981,0.88,0.9305,-0.101,0.12,0.019,0.0695,-0.101,75.0,0.0
2026-05-28T02:14:31.068531+00:00,1779934471068,delta,0.981,0.88,0.9305,-0.101,0.12,0.019,0.0695,-0.101,75.0,0.0
2026-05-28T02:14:31.069473+00:00,1779934471069,delta,0.981,0.88,0.9305,-0.101,0.12,0.019,0.0695,-0.101,75.0,0.0
2026-05-28T02:14:31.070839+00:00,1779934471070,delta,0.981,0.88,0.9305,-0.101,0.12,0.019,0.0695,-0.101,63.65,0.0
2026-05-28T02:14:31.071311+00:00,1779934471071,delta,0.981,0.88,0.9305,-0.101,0.12,0.019,0.0695,-0.101,63.65,0.0
2026-05-28T02:14:31.100574+00:00,1779934471100,delta,0.98,0.88,0.93,-0.1,0.12,0.02,0.07,-0.1,418.65,0.0
2026-05-28T02:14:31.101563+00:00,1779934471101,delta,0.98,0.88,0.93,-0.1,0.12,0.02,0.07,-0.1,74.65,0.0
2026-05-28T02:14:31.102372+00:00,1779934471102,delta,0.98,0.88,0.93,-0.1,0.12,0.02,0.07,-0.1,74.65,0.0
2026-05-28T02:14:31.102978+00:00,1779934471102,delta,0.98,0.88,0.93,-0.1,0.12,0.02,0.07,-0.1,74.65,0.0
2026-05-28T02:14:31.103605+00:00,1779934471103,delta,0.98,0.88,0.93,-0.1,0.12,0.02,0.07,-0.1,418.65,0.0
2026-05-28T02:14:31.104187+00:00,1779934471104,delta,0.98,0.88,0.93,-0.1,0.12,0.02,0.07,-0.1,380.0,0.0
2026-05-28T02:14:31.104793+00:00,1779934471104,delta,0.98,0.88,0.93,-0.1,0.12,0.02,0.07,-0.1,359.3,0.0
2026-05-28T02:14:31.105515+00:00,1779934471105,delta,0.98,0.88,0.93,-0.1,0.12,0.02,0.07,-0.1,359.3,0.0
2026-05-28T02:14:31.106358+00:00,1779934471106,delta,0.98,0.88,0.93,-0.1,0.12,0.02,0.07,-0.1,359.3,0.0
2026-05-28T02:14:31.107696+00:00,1779934471107,delta,0.98,0.88,0.93,-0.1,0.12,0.02,0.07,-0.1,359.3,0.0
2026-05-28T02:14:31.108368+00:00,1779934471108,delta,0.98,0.88,0.93,-0.1,0.12,0.02,0.07,-0.1,180.0,0.0
2026-05-28T02:14:31.108945+00:00,1779934471108,delta,0.98,0.88,0.93,-0.1,0.12,0.02,0.07,-0.1,175.0,0.0
2026-05-28T02:14:31.135142+00:00,1779934471135,delta,0.98,0.88,0.93,-0.1,0.12,0.02,0.07,-0.1,175.0,0.0
2026-05-28T02:14:31.142240+00:00,1779934471142,delta,0.98,0.88,0.93,-0.1,0.12,0.02,0.07,-0.1,175.0,0.0
2026-05-28T02:14:31.142797+00:00,1779934471142,delta,0.98,0.88,0.93,-0.1,0.12,0.02,0.07,-0.1,175.0,0.0
2026-05-28T02:14:31.143279+00:00,1779934471143,delta,0.98,0.88,0.93,-0.1,0.12,0.02,0.07,-0.1,200.0,0.0
2026-05-28T02:14:31.143770+00:00,1779934471143,delta,0.98,0.88,0.93,-0.1,0.12,0.02,0.07,-0.1,200.0,0.0
2026-05-28T02:14:31.144180+00:00,1779934471144,delta,0.98,0.88,0.93,-0.1,0.12,0.02,0.07,-0.1,200.0,0.0
2026-05-28T02:14:31.144578+00:00,1779934471144,delta,0.98,0.88,0.93,-0.1,0.12,0.02,0.07,-0.1,200.0,0.0
2026-05-28T02:14:31.145081+00:00,1779934471145,delta,0.98,0.88,0.93,-0.1,0.12,0.02,0.07,-0.1,200.0,0.0
2026-05-28T02:14:31.145546+00:00,1779934471145,delta,0.98,0.88,0.93,-0.1,0.12,0.02,0.07,-0.1,200.0,0.0
2026-05-28T02:14:31.145970+00:00,1779934471145,delta,0.98,0.88,0.93,-0.1,0.12,0.02,0.07,-0.1,200.0,0.0
2026-05-28T02:14:31.152515+00:00,1779934471152,delta,0.98,0.88,0.93,-0.1,0.12,0.02,0.07,-0.1,380.0,0.0
2026-05-28T02:14:31.154224+00:00,1779934471154,delta,0.98,0.88,0.93,-0.1,0.12,0.02,0.07,-0.1,380.0,0.0
2026-05-28T02:14:31.154783+00:00,1779934471154,delta,0.98,0.88,0.93,-0.1,0.12,0.02,0.07,-0.1,380.0,0.0
2026-05-28T02:14:31.155307+00:00,1779934471155,delta,0.98,0.88,0.93,-0.1,0.12,0.02,0.07,-0.1,380.0,0.0
2026-05-28T02:14:31.155731+00:00,1779934471155,delta,0.98,0.88,0.93,-0.1,0.12,0.02,0.07,-0.1,380.0,0.0
2026-05-28T02:14:31.156186+00:00,1779934471156,delta,0.98,0.88,0.93,-0.1,0.12,0.02,0.07,-0.1,380.0,0.0
2026-05-28T02:14:31.156634+00:00,1779934471156,delta,0.98,0.88,0.93,-0.1,0.12,0.02,0.07,-0.1,380.0,0.0
2026-05-28T02:14:31.182217+00:00,1779934471182,delta,0.98,0.88,0.93,-0.1,0.12,0.02,0.07,-0.1,380.0,0.0
2026-05-28T02:14:31.183003+00:00,1779934471183,delta,0.98,0.88,0.93,-0.1,0.12,0.02,0.07,-0.1,380.0,0.0
2026-05-28T02:14:31.184136+00:00,1779934471184,delta,0.98,0.88,0.93,-0.1,0.12,0.02,0.07,-0.1,380.0,0.0
2026-05-28T02:14:31.185245+00:00,1779934471185,delta,0.98,0.88,0.93,-0.1,0.12,0.02,0.07,-0.1,380.0,0.0
2026-05-28T02:14:31.185920+00:00,1779934471185,delta,0.98,0.88,0.93,-0.1,0.12,0.02,0.07,-0.1,380.0,0.0
2026-05-28T02:14:31.186833+00:00,1779934471186,delta,0.98,0.88,0.93,-0.1,0.12,0.02,0.07,-0.1,380.0,0.0
2026-05-28T02:14:31.216726+00:00,1779934471216,delta,0.98,0.88,0.93,-0.1,0.12,0.02,0.07,-0.1,380.0,0.0
2026-05-28T02:14:31.217694+00:00,1779934471217,delta,0.98,0.88,0.93,-0.1,0.12,0.02,0.07,-0.1,430.0,0.0
2026-05-28T02:14:31.219411+00:00,1779934471219,delta,0.98,0.88,0.93,-0.1,0.12,0.02,0.07,-0.1,430.0,0.0
2026-05-28T02:14:31.220175+00:00,1779934471220,delta,0.98,0.88,0.93,-0.1,0.12,0.02,0.07,-0.1,430.0,0.0
2026-05-28T02:14:31.220882+00:00,1779934471220,delta,0.98,0.88,0.93,-0.1,0.12,0.02,0.07,-0.1,430.0,0.0
2026-05-28T02:14:31.221688+00:00,1779934471221,delta,0.98,0.88,0.93,-0.1,0.12,0.02,0.07,-0.1,430.0,0.0
2026-05-28T02:14:31.222330+00:00,1779934471222,delta,0.98,0.88,0.93,-0.1,0.12,0.02,0.07,-0.1,430.0,0.0
2026-05-28T02:14:31.222944+00:00,1779934471222,delta,0.98,0.88,0.93,-0.1,0.12,0.02,0.07,-0.1,430.0,0.0
2026-05-28T02:14:31.223513+00:00,1779934471223,delta,0.98,0.88,0.93,-0.1,0.12,0.02,0.07,-0.1,430.0,0.0
2026-05-28T02:14:31.239223+00:00,1779934471239,delta,0.98,0.88,0.93,-0.1,0.12,0.02,0.07,-0.1,468.61,0.0
2026-05-28T02:14:31.240110+00:00,1779934471240,delta,0.98,0.88,0.93,-0.1,0.12,0.02,0.07,-0.1,288.61,0.0
2026-05-28T02:14:31.240664+00:00,1779934471240,delta,0.98,0.88,0.93,-0.1,0.12,0.02,0.07,-0.1,88.61,0.0
2026-05-28T02:14:31.241154+00:00,1779934471241,delta,0.98,0.88,0.93,-0.1,0.12,0.02,0.07,-0.1,88.61,0.0
2026-05-28T02:14:31.241701+00:00,1779934471241,delta,0.98,0.88,0.93,-0.1,0.12,0.02,0.07,-0.1,88.61,0.0
2026-05-28T02:14:31.242172+00:00,1779934471242,delta,0.98,0.88,0.93,-0.1,0.12,0.02,0.07,-0.1,88.61,0.0
2026-05-28T02:14:31.265468+00:00,1779934471265,delta,0.98,0.88,0.93,-0.1,0.12,0.02,0.07,-0.1,50.0,0.0
2026-05-28T02:14:31.266542+00:00,1779934471266,delta,0.98,0.88,0.93,-0.1,0.12,0.02,0.07,-0.1,50.0,0.0
2026-05-28T02:14:31.267847+00:00,1779934471267,delta,0.98,0.88,0.93,-0.1,0.12,0.02,0.07,-0.1,50.0,0.0
2026-05-28T02:14:31.268661+00:00,1779934471268,delta,0.98,0.88,0.93,-0.1,0.12,0.02,0.07,-0.1,7.73,0.0
2026-05-28T02:14:31.269376+00:00,1779934471269,delta,0.98,0.88,0.93,-0.1,0.12,0.02,0.07,-0.1,7.73,0.0
2026-05-28T02:14:31.270461+00:00,1779934471270,delta,0.98,0.88,0.93,-0.1,0.12,0.02,0.07,-0.1,7.73,0.0
2026-05-28T02:14:31.270882+00:00,1779934471270,delta,0.98,0.88,0.93,-0.1,0.12,0.02,0.07,-0.1,7.73,0.0
2026-05-28T02:14:31.271261+00:00,1779934471271,delta,0.98,0.88,0.93,-0.1,0.12,0.02,0.07,-0.1,7.73,0.0
2026-05-28T02:14:31.271681+00:00,1779934471271,delta,0.98,0.88,0.93,-0.1,0.12,0.02,0.07,-0.1,187.73,0.0
2026-05-28T02:14:31.272093+00:00,1779934471272,delta,0.98,0.88,0.93,-0.1,0.12,0.02,0.07,-0.1,387.73,0.0
2026-05-28T02:14:31.272482+00:00,1779934471272,delta,0.98,0.88,0.93,-0.1,0.12,0.02,0.07,-0.1,387.73,0.0
2026-05-28T02:14:31.290101+00:00,1779934471290,delta,0.98,0.88,0.93,-0.1,0.12,0.02,0.07,-0.1,426.3,0.0
2026-05-28T02:14:31.290886+00:00,1779934471290,delta,0.98,0.88,0.93,-0.1,0.12,0.02,0.07,-0.1,426.3,0.0
2026-05-28T02:14:31.317222+00:00,1779934471317,delta,0.98,0.88,0.93,-0.1,0.12,0.02,0.07,-0.1,426.3,0.0
2026-05-28T02:14:31.318199+00:00,1779934471318,delta,0.98,0.88,0.93,-0.1,0.12,0.02,0.07,-0.1,426.3,0.0
2026-05-28T02:14:31.319917+00:00,1779934471319,delta,0.98,0.88,0.93,-0.1,0.12,0.02,0.07,-0.1,387.73,0.0
2026-05-28T02:14:31.320942+00:00,1779934471320,delta,0.98,0.88,0.93,-0.1,0.12,0.02,0.07,-0.1,426.3,0.0
2026-05-28T02:14:31.377071+00:00,1779934471377,delta,0.98,0.88,0.93,-0.1,0.12,0.02,0.07,-0.1,426.3,0.0
2026-05-28T02:14:31.380352+00:00,1779934471380,delta,0.98,0.88,0.93,-0.1,0.12,0.02,0.07,-0.1,426.3,0.0
2026-05-28T02:14:31.380963+00:00,1779934471380,delta,0.98,0.88,0.93,-0.1,0.12,0.02,0.07,-0.1,426.3,0.0
2026-05-28T02:14:31.411144+00:00,1779934471411,delta,0.98,0.88,0.93,-0.1,0.12,0.02,0.07,-0.1,426.3,0.0
2026-05-28T02:14:31.411846+00:00,1779934471411,delta,0.98,0.88,0.93,-0.1,0.12,0.02,0.07,-0.1,426.3,0.0
2026-05-28T02:14:31.412497+00:00,1779934471412,delta,0.98,0.88,0.93,-0.1,0.12,0.02,0.07,-0.1,426.3,0.0
2026-05-28T02:14:31.445369+00:00,1779934471445,delta,0.98,0.88,0.93,-0.1,0.12,0.02,0.07,-0.1,426.3,0.0
2026-05-28T02:14:31.446025+00:00,1779934471446,delta,0.98,0.88,0.93,-0.1,0.12,0.02,0.07,-0.1,426.3,0.0
2026-05-28T02:14:31.446528+00:00,1779934471446,delta,0.98,0.88,0.93,-0.1,0.12,0.02,0.07,-0.1,426.3,0.0
2026-05-28T02:14:31.469326+00:00,1779934471469,delta,0.98,0.88,0.93,-0.1,0.12,0.02,0.07,-0.1,418.57,0.0
2026-05-28T02:14:31.470700+00:00,1779934471470,delta,0.98,0.88,0.93,-0.1,0.12,0.02,0.07,-0.1,417.38,0.0
2026-05-28T02:14:31.471353+00:00,1779934471471,delta,0.98,0.88,0.93,-0.1,0.12,0.02,0.07,-0.1,417.38,0.0
2026-05-28T02:14:31.471797+00:00,1779934471471,delta,0.98,0.88,0.93,-0.1,0.12,0.02,0.07,-0.1,238.57,0.0
2026-05-28T02:14:31.472185+00:00,1779934471472,delta,0.98,0.88,0.93,-0.1,0.12,0.02,0.07,-0.1,38.57,0.0
2026-05-28T02:14:31.472600+00:00,1779934471472,delta,0.98,0.88,0.93,-0.1,0.12,0.02,0.07,-0.1,38.57,0.0
2026-05-28T02:14:31.472978+00:00,1779934471472,delta,0.98,0.88,0.93,-0.1,0.12,0.02,0.07,-0.1,38.57,0.0
2026-05-28T02:14:31.473366+00:00,1779934471473,delta,0.98,0.88,0.93,-0.1,0.12,0.02,0.07,-0.1,38.57,0.0
2026-05-28T02:14:31.473718+00:00,1779934471473,delta,0.98,0.88,0.93,-0.1,0.12,0.02,0.07,-0.1,38.57,0.0
2026-05-28T02:14:31.494639+00:00,1779934471494,delta,0.98,0.88,0.93,-0.1,0.12,0.02,0.07,-0.1,88.57,0.0
2026-05-28T02:14:31.495333+00:00,1779934471495,delta,0.98,0.88,0.93,-0.1,0.12,0.02,0.07,-0.1,88.57,0.0
2026-05-28T02:14:31.521772+00:00,1779934471521,delta,0.98,0.88,0.93,-0.1,0.12,0.02,0.07,-0.1,288.57,0.0
2026-05-28T02:14:31.523149+00:00,1779934471523,delta,0.98,0.88,0.93,-0.1,0.12,0.02,0.07,-0.1,468.57,0.0
2026-05-28T02:14:31.524390+00:00,1779934471524,delta,0.98,0.88,0.93,-0.1,0.12,0.02,0.07,-0.1,430.0,0.0
2026-05-28T02:14:31.525173+00:00,1779934471525,delta,0.98,0.88,0.93,-0.1,0.12,0.02,0.07,-0.1,380.0,0.0
2026-05-28T02:14:31.525858+00:00,1779934471525,delta,0.98,0.88,0.93,-0.1,0.12,0.02,0.07,-0.1,376.17,0.0
2026-05-28T02:14:31.526514+00:00,1779934471526,delta,0.98,0.88,0.93,-0.1,0.12,0.02,0.07,-0.1,365.52,0.0
2026-05-28T02:14:31.527154+00:00,1779934471527,delta,0.98,0.88,0.93,-0.1,0.12,0.02,0.07,-0.1,365.52,0.0
2026-05-28T02:14:31.549524+00:00,1779934471549,delta,0.98,0.88,0.93,-0.1,0.12,0.02,0.07,-0.1,365.52,0.0
2026-05-28T02:14:31.550257+00:00,1779934471550,delta,0.98,0.88,0.93,-0.1,0.12,0.02,0.07,-0.1,365.52,0.0
2026-05-28T02:14:31.577385+00:00,1779934471577,delta,0.98,0.88,0.93,-0.1,0.12,0.02,0.07,-0.1,365.52,0.0
2026-05-28T02:14:31.578024+00:00,1779934471578,delta,0.98,0.88,0.93,-0.1,0.12,0.02,0.07,-0.1,404.05,0.0
2026-05-28T02:14:31.609631+00:00,1779934471609,delta,0.98,0.88,0.93,-0.1,0.12,0.02,0.07,-0.1,218.53,0.0
2026-05-28T02:14:31.610356+00:00,1779934471610,delta,0.98,0.88,0.93,-0.1,0.12,0.02,0.07,-0.1,38.53,0.0
2026-05-28T02:14:31.611128+00:00,1779934471611,delta,0.98,0.88,0.93,-0.1,0.12,0.02,0.07,-0.1,38.53,0.0
2026-05-28T02:14:31.611603+00:00,1779934471611,delta,0.98,0.88,0.93,-0.1,0.12,0.02,0.07,-0.1,89.53,0.0
2026-05-28T02:14:31.640205+00:00,1779934471640,delta,0.98,0.88,0.93,-0.1,0.12,0.02,0.07,-0.1,89.53,0.0
2026-05-28T02:14:31.641593+00:00,1779934471641,delta,0.98,0.88,0.93,-0.1,0.12,0.02,0.07,-0.1,89.53,0.0
2026-05-28T02:14:31.642160+00:00,1779934471642,delta,0.98,0.88,0.93,-0.1,0.12,0.02,0.07,-0.1,112.53,0.0
2026-05-28T02:14:31.681242+00:00,1779934471681,delta,0.98,0.88,0.93,-0.1,0.12,0.02,0.07,-0.1,74.0,0.0
2026-05-28T02:14:31.682164+00:00,1779934471682,delta,0.98,0.88,0.93,-0.1,0.12,0.02,0.07,-0.1,74.0,0.0
2026-05-28T02:14:31.682928+00:00,1779934471682,delta,0.98,0.88,0.93,-0.1,0.12,0.02,0.07,-0.1,254.0,0.0
2026-05-28T02:14:31.683510+00:00,1779934471683,delta,0.98,0.88,0.93,-0.1,0.12,0.02,0.07,-0.1,454.0,0.0
2026-05-28T02:14:31.684316+00:00,1779934471684,delta,0.98,0.88,0.93,-0.1,0.12,0.02,0.07,-0.1,454.0,0.0
2026-05-28T02:14:31.685050+00:00,1779934471685,delta,0.98,0.88,0.93,-0.1,0.12,0.02,0.07,-0.1,454.0,0.0
2026-05-28T02:14:31.685759+00:00,1779934471685,delta,0.98,0.88,0.93,-0.1,0.12,0.02,0.07,-0.1,454.0,0.0
2026-05-28T02:14:31.695611+00:00,1779934471695,delta,0.98,0.88,0.93,-0.1,0.12,0.02,0.07,-0.1,454.0,0.0
2026-05-28T02:14:31.696555+00:00,1779934471696,delta,0.98,0.88,0.93,-0.1,0.12,0.02,0.07,-0.1,454.0,0.0
2026-05-28T02:14:31.697167+00:00,1779934471697,delta,0.98,0.88,0.93,-0.1,0.12,0.02,0.07,-0.1,454.0,0.0
2026-05-28T02:14:31.700241+00:00,1779934471700,delta,0.98,0.88,0.93,-0.1,0.12,0.02,0.07,-0.1,454.0,0.0
2026-05-28T02:14:31.701020+00:00,1779934471701,delta,0.98,0.88,0.93,-0.1,0.12,0.02,0.07,-0.1,454.0,0.0
2026-05-28T02:14:31.701666+00:00,1779934471701,delta,0.98,0.88,0.93,-0.1,0.12,0.02,0.07,-0.1,454.0,0.0
2026-05-28T02:14:31.722002+00:00,1779934471722,delta,0.98,0.88,0.93,-0.1,0.12,0.02,0.07,-0.1,454.0,0.0
2026-05-28T02:14:31.722849+00:00,1779934471722,delta,0.98,0.88,0.93,-0.1,0.12,0.02,0.07,-0.1,403.0,0.0
2026-05-28T02:14:31.723841+00:00,1779934471723,delta,0.98,0.88,0.93,-0.1,0.12,0.02,0.07,-0.1,380.0,0.0
2026-05-28T02:14:31.724543+00:00,1779934471724,delta,0.98,0.88,0.93,-0.1,0.12,0.02,0.07,-0.1,200.0,0.0
2026-05-28T02:14:31.725061+00:00,1779934471725,delta,0.98,0.88,0.93,-0.1,0.12,0.02,0.07,-0.1,0.0,0.0
2026-05-28T02:14:31.725506+00:00,1779934471725,delta,0.98,0.88,0.93,-0.1,0.12,0.02,0.07,-0.1,0.0,0.0
2026-05-28T02:14:31.725896+00:00,1779934471725,delta,0.98,0.88,0.93,-0.1,0.12,0.02,0.07,-0.1,0.0,0.0
2026-05-28T02:14:31.726263+00:00,1779934471726,delta,0.98,0.88,0.93,-0.1,0.12,0.02,0.07,-0.1,0.0,0.0
2026-05-28T02:14:31.726711+00:00,1779934471726,delta,0.98,0.88,0.93,-0.1,0.12,0.02,0.07,-0.1,0.0,0.0
2026-05-28T02:14:31.727260+00:00,1779934471727,delta,0.98,0.88,0.93,-0.1,0.12,0.02,0.07,-0.1,0.0,0.0
2026-05-28T02:14:31.727703+00:00,1779934471727,delta,0.98,0.88,0.93,-0.1,0.12,0.02,0.07,-0.1,0.0,0.0
2026-05-28T02:14:31.728163+00:00,1779934471728,delta,0.98,0.88,0.93,-0.1,0.12,0.02,0.07,-0.1,0.0,0.0
2026-05-28T02:14:31.728613+00:00,1779934471728,delta,0.98,0.88,0.93,-0.1,0.12,0.02,0.07,-0.1,0.0,0.0
2026-05-28T02:14:31.729050+00:00,1779934471729,delta,0.98,0.88,0.93,-0.1,0.12,0.02,0.07,-0.1,0.0,0.0
2026-05-28T02:14:31.729516+00:00,1779934471729,delta,0.98,0.88,0.93,-0.1,0.12,0.02,0.07,-0.1,0.0,0.0
2026-05-28T02:14:31.729927+00:00,1779934471729,delta,0.98,0.88,0.93,-0.1,0.12,0.02,0.07,-0.1,0.0,0.0
2026-05-28T02:14:31.750094+00:00,1779934471750,delta,0.98,0.88,0.93,-0.1,0.12,0.02,0.07,-0.1,0.0,0.0
2026-05-28T02:14:31.750906+00:00,1779934471750,delta,0.98,0.88,0.93,-0.1,0.12,0.02,0.07,-0.1,0.0,0.0
2026-05-28T02:14:31.751458+00:00,1779934471751,delta,0.98,0.88,0.93,-0.1,0.12,0.02,0.07,-0.1,0.0,0.0
2026-05-28T02:14:31.752028+00:00,1779934471752,delta,0.98,0.88,0.93,-0.1,0.12,0.02,0.07,-0.1,0.0,0.0
2026-05-28T02:14:31.752693+00:00,1779934471752,delta,0.98,0.88,0.93,-0.1,0.12,0.02,0.07,-0.1,0.0,0.0
2026-05-28T02:14:31.753187+00:00,1779934471753,delta,0.98,0.88,0.93,-0.1,0.12,0.02,0.07,-0.1,0.0,0.0
2026-05-28T02:14:31.753634+00:00,1779934471753,delta,0.98,0.88,0.93,-0.1,0.12,0.02,0.07,-0.1,0.0,0.0
2026-05-28T02:14:31.754138+00:00,1779934471754,delta,0.98,0.88,0.93,-0.1,0.12,0.02,0.07,-0.1,0.0,0.0
2026-05-28T02:14:31.754768+00:00,1779934471754,delta,0.98,0.88,0.93,-0.1,0.12,0.02,0.07,-0.1,0.0,0.0
2026-05-28T02:14:31.755386+00:00,1779934471755,delta,0.98,0.88,0.93,-0.1,0.12,0.02,0.07,-0.1,0.0,0.0
2026-05-28T02:14:31.756317+00:00,1779934471756,delta,0.98,0.88,0.93,-0.1,0.12,0.02,0.07,-0.1,0.0,0.0
2026-05-28T02:14:31.756948+00:00,1779934471756,delta,0.98,0.88,0.93,-0.1,0.12,0.02,0.07,-0.1,0.0,0.0
2026-05-28T02:14:31.757428+00:00,1779934471757,delta,0.98,0.88,0.93,-0.1,0.12,0.02,0.07,-0.1,0.0,0.0
2026-05-28T02:14:31.757885+00:00,1779934471757,delta,0.98,0.88,0.93,-0.1,0.12,0.02,0.07,-0.1,0.0,0.0
2026-05-28T02:14:31.758350+00:00,1779934471758,delta,0.98,0.88,0.93,-0.1,0.12,0.02,0.07,-0.1,0.0,0.0
2026-05-28T02:14:31.758807+00:00,1779934471758,delta,0.98,0.88,0.93,-0.1,0.12,0.02,0.07,-0.1,0.0,0.0
2026-05-28T02:14:31.759318+00:00,1779934471759,delta,0.98,0.88,0.93,-0.1,0.12,0.02,0.07,-0.1,0.0,0.0
2026-05-28T02:14:31.759830+00:00,1779934471759,delta,0.98,0.88,0.93,-0.1,0.12,0.02,0.07,-0.1,0.0,0.0
2026-05-28T02:14:31.760346+00:00,1779934471760,delta,0.98,0.88,0.93,-0.1,0.12,0.02,0.07,-0.1,0.0,0.0
2026-05-28T02:14:31.777583+00:00,1779934471777,delta,0.98,0.88,0.93,-0.1,0.12,0.02,0.07,-0.1,0.0,0.0
2026-05-28T02:14:31.778288+00:00,1779934471778,delta,0.98,0.88,0.93,-0.1,0.12,0.02,0.07,-0.1,0.0,0.0
2026-05-28T02:14:31.778941+00:00,1779934471778,delta,0.98,0.88,0.93,-0.1,0.12,0.02,0.07,-0.1,0.0,0.0
2026-05-28T02:14:31.779533+00:00,1779934471779,delta,0.98,0.88,0.93,-0.1,0.12,0.02,0.07,-0.1,0.0,0.0
2026-05-28T02:14:31.804993+00:00,1779934471804,delta,0.98,0.88,0.93,-0.1,0.12,0.02,0.07,-0.1,0.0,0.0
2026-05-28T02:14:31.805734+00:00,1779934471805,delta,0.98,0.88,0.93,-0.1,0.12,0.02,0.07,-0.1,0.0,0.0
2026-05-28T02:14:31.806511+00:00,1779934471806,delta,0.98,0.88,0.93,-0.1,0.12,0.02,0.07,-0.1,0.0,0.0
2026-05-28T02:14:31.807037+00:00,1779934471807,delta,0.98,0.88,0.93,-0.1,0.12,0.02,0.07,-0.1,0.0,0.0
2026-05-28T02:14:31.807506+00:00,1779934471807,delta,0.98,0.88,0.93,-0.1,0.12,0.02,0.07,-0.1,0.0,0.0
2026-05-28T02:14:31.808132+00:00,1779934471808,delta,0.98,0.88,0.93,-0.1,0.12,0.02,0.07,-0.1,0.0,0.0
2026-05-28T02:14:31.808583+00:00,1779934471808,delta,0.98,0.88,0.93,-0.1,0.12,0.02,0.07,-0.1,0.0,0.0
2026-05-28T02:14:31.809026+00:00,1779934471809,delta,0.98,0.88,0.93,-0.1,0.12,0.02,0.07,-0.1,0.0,0.0
2026-05-28T02:14:31.809483+00:00,1779934471809,delta,0.98,0.88,0.93,-0.1,0.12,0.02,0.07,-0.1,0.0,0.0
2026-05-28T02:14:31.810040+00:00,1779934471810,delta,0.98,0.88,0.93,-0.1,0.12,0.02,0.07,-0.1,0.0,0.0
2026-05-28T02:14:31.810567+00:00,1779934471810,delta,0.98,0.88,0.93,-0.1,0.12,0.02,0.07,-0.1,0.0,0.0
2026-05-28T02:14:31.811086+00:00,1779934471811,delta,0.98,0.88,0.93,-0.1,0.12,0.02,0.07,-0.1,0.0,0.0
2026-05-28T02:14:31.811545+00:00,1779934471811,delta,0.98,0.88,0.93,-0.1,0.12,0.02,0.07,-0.1,0.0,0.0
2026-05-28T02:14:31.812010+00:00,1779934471812,delta,0.98,0.88,0.93,-0.1,0.12,0.02,0.07,-0.1,0.0,0.0
2026-05-28T02:14:31.812486+00:00,1779934471812,delta,0.98,0.88,0.93,-0.1,0.12,0.02,0.07,-0.1,0.0,0.0
2026-05-28T02:14:31.831205+00:00,1779934471831,delta,0.98,0.88,0.93,-0.1,0.12,0.02,0.07,-0.1,0.0,0.0
2026-05-28T02:14:31.832078+00:00,1779934471832,delta,0.98,0.88,0.93,-0.1,0.12,0.02,0.07,-0.1,0.0,0.0
2026-05-28T02:14:31.832709+00:00,1779934471832,delta,0.98,0.88,0.93,-0.1,0.12,0.02,0.07,-0.1,0.0,0.0
2026-05-28T02:14:31.833201+00:00,1779934471833,delta,0.98,0.88,0.93,-0.1,0.12,0.02,0.07,-0.1,0.0,0.0
2026-05-28T02:14:31.833728+00:00,1779934471833,delta,0.98,0.88,0.93,-0.1,0.12,0.02,0.07,-0.1,0.0,0.0
2026-05-28T02:14:31.834285+00:00,1779934471834,delta,0.98,0.88,0.93,-0.1,0.12,0.02,0.07,-0.1,0.0,0.0
2026-05-28T02:14:31.853746+00:00,1779934471853,delta,0.98,0.88,0.93,-0.1,0.12,0.02,0.07,-0.1,0.0,0.0
2026-05-28T02:14:31.854475+00:00,1779934471854,delta,0.98,0.88,0.93,-0.1,0.12,0.02,0.07,-0.1,0.0,0.0
2026-05-28T02:14:31.855161+00:00,1779934471855,delta,0.98,0.88,0.93,-0.1,0.12,0.02,0.07,-0.1,0.0,0.0
2026-05-28T02:14:31.855783+00:00,1779934471855,delta,0.98,0.88,0.93,-0.1,0.12,0.02,0.07,-0.1,0.0,0.0
2026-05-28T02:14:31.856309+00:00,1779934471856,delta,0.98,0.88,0.93,-0.1,0.12,0.02,0.07,-0.1,0.0,0.0
2026-05-28T02:14:31.856795+00:00,1779934471856,delta,0.98,0.88,0.93,-0.1,0.12,0.02,0.07,-0.1,0.0,0.0
2026-05-28T02:14:31.857271+00:00,1779934471857,delta,0.98,0.88,0.93,-0.1,0.12,0.02,0.07,-0.1,0.0,0.0
2026-05-28T02:14:31.857732+00:00,1779934471857,delta,0.98,0.88,0.93,-0.1,0.12,0.02,0.07,-0.1,0.0,0.0
2026-05-28T02:14:31.880038+00:00,1779934471880,delta,0.98,0.88,0.93,-0.1,0.12,0.02,0.07,-0.1,0.0,0.0
2026-05-28T02:14:31.880777+00:00,1779934471880,delta,0.98,0.88,0.93,-0.1,0.12,0.02,0.07,-0.1,0.0,0.0
2026-05-28T02:14:31.912884+00:00,1779934471912,delta,0.98,0.88,0.93,-0.1,0.12,0.02,0.07,-0.1,0.0,0.0
2026-05-28T02:14:31.913865+00:00,1779934471913,delta,0.98,0.88,0.93,-0.1,0.12,0.02,0.07,-0.1,0.0,0.0
2026-05-28T02:14:31.914657+00:00,1779934471914,delta,0.98,0.88,0.93,-0.1,0.12,0.02,0.07,-0.1,0.0,0.0
2026-05-28T02:14:31.915372+00:00,1779934471915,delta,0.98,0.88,0.93,-0.1,0.12,0.02,0.07,-0.1,0.0,0.0
2026-05-28T02:14:31.916037+00:00,1779934471916,delta,0.98,0.88,0.93,-0.1,0.12,0.02,0.07,-0.1,0.0,0.0
2026-05-28T02:14:31.916637+00:00,1779934471916,delta,0.98,0.88,0.93,-0.1,0.12,0.02,0.07,-0.1,0.0,0.0
2026-05-28T02:14:31.942317+00:00,1779934471942,delta,0.98,0.88,0.93,-0.1,0.12,0.02,0.07,-0.1,0.0,0.0
2026-05-28T02:14:31.943668+00:00,1779934471943,delta,0.98,0.88,0.93,-0.1,0.12,0.02,0.07,-0.1,0.0,0.0
2026-05-28T02:14:31.957221+00:00,1779934471957,delta,0.98,0.88,0.93,-0.1,0.12,0.02,0.07,-0.1,0.0,0.0
2026-05-28T02:14:31.958090+00:00,1779934471958,delta,0.98,0.88,0.93,-0.1,0.12,0.02,0.07,-0.1,0.0,0.0
2026-05-28T02:14:31.958975+00:00,1779934471958,delta,0.98,0.88,0.93,-0.1,0.12,0.02,0.07,-0.1,0.0,0.0
2026-05-28T02:14:31.973529+00:00,1779934471973,delta,0.98,0.88,0.93,-0.1,0.12,0.02,0.07,-0.1,0.0,0.0
2026-05-28T02:14:31.974122+00:00,1779934471974,delta,0.98,0.88,0.93,-0.1,0.12,0.02,0.07,-0.1,0.0,0.0
2026-05-28T02:14:31.974625+00:00,1779934471974,delta,0.98,0.88,0.93,-0.1,0.12,0.02,0.07,-0.1,0.0,0.0
2026-05-28T02:14:31.975059+00:00,1779934471975,delta,0.98,0.88,0.93,-0.1,0.12,0.02,0.07,-0.1,0.0,0.0
2026-05-28T02:14:31.998635+00:00,1779934471998,delta,0.98,0.88,0.93,-0.1,0.12,0.02,0.07,-0.1,0.0,0.0
2026-05-28T02:14:31.999384+00:00,1779934471999,delta,0.98,0.88,0.93,-0.1,0.12,0.02,0.07,-0.1,0.0,0.0
2026-05-28T02:14:31.999965+00:00,1779934471999,delta,0.98,0.88,0.93,-0.1,0.12,0.02,0.07,-0.1,0.0,0.0
2026-05-28T02:14:32.022308+00:00,1779934472022,delta,0.98,0.88,0.93,-0.1,0.12,0.02,0.07,-0.1,0.0,0.0
2026-05-28T02:14:32.023246+00:00,1779934472023,delta,0.98,0.88,0.93,-0.1,0.12,0.02,0.07,-0.1,0.0,0.0
2026-05-28T02:14:32.023955+00:00,1779934472023,delta,0.98,0.88,0.93,-0.1,0.12,0.02,0.07,-0.1,0.0,0.0
2026-05-28T02:14:32.024592+00:00,1779934472024,delta,0.98,0.88,0.93,-0.1,0.12,0.02,0.07,-0.1,0.0,0.0
2026-05-28T02:14:32.025094+00:00,1779934472025,delta,0.98,0.88,0.93,-0.1,0.12,0.02,0.07,-0.1,0.0,0.0
2026-05-28T02:14:32.026503+00:00,1779934472026,delta,0.98,0.88,0.93,-0.1,0.12,0.02,0.07,-0.1,0.0,0.0
2026-05-28T02:14:32.046254+00:00,1779934472046,delta,0.98,0.88,0.93,-0.1,0.12,0.02,0.07,-0.1,0.0,0.0
2026-05-28T02:14:32.047012+00:00,1779934472047,delta,0.98,0.88,0.93,-0.1,0.12,0.02,0.07,-0.1,0.0,0.0
2026-05-28T02:14:32.047836+00:00,1779934472047,delta,0.98,0.88,0.93,-0.1,0.12,0.02,0.07,-0.1,0.0,0.0
2026-05-28T02:14:32.048553+00:00,1779934472048,delta,0.98,0.88,0.93,-0.1,0.12,0.02,0.07,-0.1,0.0,0.0
2026-05-28T02:14:32.049082+00:00,1779934472049,delta,0.98,0.88,0.93,-0.1,0.12,0.02,0.07,-0.1,0.0,0.0
2026-05-28T02:14:32.049472+00:00,1779934472049,delta,0.98,0.88,0.93,-0.1,0.12,0.02,0.07,-0.1,0.0,0.0
2026-05-28T02:14:32.049937+00:00,1779934472049,delta,0.98,0.88,0.93,-0.1,0.12,0.02,0.07,-0.1,0.0,0.0
2026-05-28T02:14:32.050421+00:00,1779934472050,delta,0.98,0.88,0.93,-0.1,0.12,0.02,0.07,-0.1,0.0,0.0
2026-05-28T02:14:32.050993+00:00,1779934472050,delta,0.98,0.88,0.93,-0.1,0.12,0.02,0.07,-0.1,0.0,0.0
2026-05-28T02:14:32.055476+00:00,1779934472055,delta,0.98,0.88,0.93,-0.1,0.12,0.02,0.07,-0.1,0.0,0.0
2026-05-28T02:14:32.056160+00:00,1779934472056,delta,0.98,0.88,0.93,-0.1,0.12,0.02,0.07,-0.1,0.0,0.0
2026-05-28T02:14:32.056721+00:00,1779934472056,delta,0.98,0.88,0.93,-0.1,0.12,0.02,0.07,-0.1,0.0,0.0
2026-05-28T02:14:32.057269+00:00,1779934472057,delta,0.98,0.88,0.93,-0.1,0.12,0.02,0.07,-0.1,0.0,0.0
2026-05-28T02:14:32.057737+00:00,1779934472057,delta,0.98,0.88,0.93,-0.1,0.12,0.02,0.07,-0.1,0.0,0.0
2026-05-28T02:14:32.058173+00:00,1779934472058,delta,0.98,0.88,0.93,-0.1,0.12,0.02,0.07,-0.1,0.0,0.0
2026-05-28T02:14:32.058601+00:00,1779934472058,delta,0.98,0.88,0.93,-0.1,0.12,0.02,0.07,-0.1,0.0,0.0
2026-05-28T02:14:32.059068+00:00,1779934472059,delta,0.98,0.88,0.93,-0.1,0.12,0.02,0.07,-0.1,0.0,0.0
2026-05-28T02:14:32.059531+00:00,1779934472059,delta,0.98,0.88,0.93,-0.1,0.12,0.02,0.07,-0.1,0.0,0.0
2026-05-28T02:14:32.059961+00:00,1779934472059,delta,0.98,0.88,0.93,-0.1,0.12,0.02,0.07,-0.1,0.0,0.0
2026-05-28T02:14:32.060377+00:00,1779934472060,delta,0.98,0.88,0.93,-0.1,0.12,0.02,0.07,-0.1,0.0,0.0
2026-05-28T02:14:32.078194+00:00,1779934472078,delta,0.98,0.88,0.93,-0.1,0.12,0.02,0.07,-0.1,0.0,0.0
2026-05-28T02:14:32.078851+00:00,1779934472078,delta,0.98,0.88,0.93,-0.1,0.12,0.02,0.07,-0.1,0.0,0.0
2026-05-28T02:14:32.079373+00:00,1779934472079,delta,0.98,0.88,0.93,-0.1,0.12,0.02,0.07,-0.1,0.0,0.0
2026-05-28T02:14:32.085394+00:00,1779934472085,delta,0.98,0.88,0.93,-0.1,0.12,0.02,0.07,-0.1,0.0,0.0
2026-05-28T02:14:32.086164+00:00,1779934472086,delta,0.98,0.88,0.93,-0.1,0.12,0.02,0.07,-0.1,0.0,0.0
2026-05-28T02:14:32.087342+00:00,1779934472087,delta,0.98,0.88,0.93,-0.1,0.12,0.02,0.07,-0.1,0.0,0.0
2026-05-28T02:14:32.110993+00:00,1779934472110,delta,0.98,0.88,0.93,-0.1,0.12,0.02,0.07,-0.1,0.0,0.0
2026-05-28T02:14:32.111741+00:00,1779934472111,delta,0.98,0.88,0.93,-0.1,0.12,0.02,0.07,-0.1,0.0,0.0
2026-05-28T02:14:32.112370+00:00,1779934472112,delta,0.98,0.88,0.93,-0.1,0.12,0.02,0.07,-0.1,0.0,0.0
2026-05-28T02:14:32.112786+00:00,1779934472112,delta,0.98,0.88,0.93,-0.1,0.12,0.02,0.07,-0.1,0.0,0.0
2026-05-28T02:14:32.113204+00:00,1779934472113,delta,0.98,0.88,0.93,-0.1,0.12,0.02,0.07,-0.1,0.0,0.0
2026-05-28T02:14:32.113634+00:00,1779934472113,delta,0.98,0.88,0.93,-0.1,0.12,0.02,0.07,-0.1,0.0,0.0
2026-05-28T02:14:32.114051+00:00,1779934472114,delta,0.98,0.88,0.93,-0.1,0.12,0.02,0.07,-0.1,0.0,0.0
2026-05-28T02:14:32.116297+00:00,1779934472116,delta,0.98,0.88,0.93,-0.1,0.12,0.02,0.07,-0.1,0.0,0.0
2026-05-28T02:14:32.117208+00:00,1779934472117,delta,0.98,0.88,0.93,-0.1,0.12,0.02,0.07,-0.1,0.0,0.0
2026-05-28T02:14:32.118021+00:00,1779934472118,delta,0.98,0.88,0.93,-0.1,0.12,0.02,0.07,-0.1,0.0,0.0
2026-05-28T02:14:32.135042+00:00,1779934472135,delta,0.98,0.88,0.93,-0.1,0.12,0.02,0.07,-0.1,0.0,0.0
2026-05-28T02:14:32.135948+00:00,1779934472135,delta,0.98,0.88,0.93,-0.1,0.12,0.02,0.07,-0.1,0.0,0.0
2026-05-28T02:14:32.137948+00:00,1779934472137,delta,0.98,0.88,0.93,-0.1,0.12,0.02,0.07,-0.1,0.0,0.0
2026-05-28T02:14:32.138560+00:00,1779934472138,delta,0.98,0.88,0.93,-0.1,0.12,0.02,0.07,-0.1,47.0,0.0
2026-05-28T02:14:32.139123+00:00,1779934472139,delta,0.98,0.88,0.93,-0.1,0.12,0.02,0.07,-0.1,47.0,0.0
2026-05-28T02:14:32.161283+00:00,1779934472161,delta,0.98,0.88,0.93,-0.1,0.12,0.02,0.07,-0.1,47.0,0.0
2026-05-28T02:14:32.161951+00:00,1779934472161,delta,0.98,0.88,0.93,-0.1,0.12,0.02,0.07,-0.1,47.0,0.0
2026-05-28T02:14:32.162943+00:00,1779934472162,delta,0.98,0.88,0.93,-0.1,0.12,0.02,0.07,-0.1,47.0,0.0
2026-05-28T02:14:32.163943+00:00,1779934472163,delta,0.98,0.88,0.93,-0.1,0.12,0.02,0.07,-0.1,47.0,0.0
2026-05-28T02:14:32.186720+00:00,1779934472186,delta,0.98,0.88,0.93,-0.1,0.12,0.02,0.07,-0.1,47.0,0.0
2026-05-28T02:14:32.187483+00:00,1779934472187,delta,0.98,0.88,0.93,-0.1,0.12,0.02,0.07,-0.1,47.0,0.0
2026-05-28T02:14:32.188260+00:00,1779934472188,delta,0.98,0.88,0.93,-0.1,0.12,0.02,0.07,-0.1,47.0,0.0
2026-05-28T02:14:32.189075+00:00,1779934472189,delta,0.98,0.88,0.93,-0.1,0.12,0.02,0.07,-0.1,47.0,0.0
2026-05-28T02:14:32.190083+00:00,1779934472190,delta,0.98,0.88,0.93,-0.1,0.12,0.02,0.07,-0.1,47.0,0.0
2026-05-28T02:14:32.190989+00:00,1779934472190,delta,0.98,0.88,0.93,-0.1,0.12,0.02,0.07,-0.1,47.0,0.0
2026-05-28T02:14:32.212467+00:00,1779934472212,delta,0.98,0.88,0.93,-0.1,0.12,0.02,0.07,-0.1,47.0,0.0
2026-05-28T02:14:32.213115+00:00,1779934472213,delta,0.98,0.88,0.93,-0.1,0.12,0.02,0.07,-0.1,47.0,0.0
2026-05-28T02:14:32.213694+00:00,1779934472213,delta,0.98,0.88,0.93,-0.1,0.12,0.02,0.07,-0.1,47.0,0.0
2026-05-28T02:14:32.218704+00:00,1779934472218,delta,0.98,0.88,0.93,-0.1,0.12,0.02,0.07,-0.1,47.0,0.0
2026-05-28T02:14:32.239511+00:00,1779934472239,delta,0.98,0.88,0.93,-0.1,0.12,0.02,0.07,-0.1,47.0,0.0
2026-05-28T02:14:32.240867+00:00,1779934472240,delta,0.98,0.88,0.93,-0.1,0.12,0.02,0.07,-0.1,47.0,0.0
2026-05-28T02:14:32.241631+00:00,1779934472241,delta,0.98,0.88,0.93,-0.1,0.12,0.02,0.07,-0.1,97.0,0.0
2026-05-28T02:14:32.242600+00:00,1779934472242,delta,0.98,0.88,0.93,-0.1,0.12,0.02,0.07,-0.1,97.0,0.0
2026-05-28T02:14:32.243302+00:00,1779934472243,delta,0.98,0.88,0.93,-0.1,0.12,0.02,0.07,-0.1,277.0,0.0
2026-05-28T02:14:32.268404+00:00,1779934472268,delta,0.98,0.88,0.93,-0.1,0.12,0.02,0.07,-0.1,277.0,0.0
2026-05-28T02:14:32.269701+00:00,1779934472269,delta,0.98,0.88,0.93,-0.1,0.12,0.02,0.07,-0.1,277.0,0.0
2026-05-28T02:14:32.270975+00:00,1779934472270,delta,0.98,0.88,0.93,-0.1,0.12,0.02,0.07,-0.1,277.0,0.0
2026-05-28T02:14:32.291942+00:00,1779934472291,delta,0.98,0.88,0.93,-0.1,0.12,0.02,0.07,-0.1,294.0,0.0
2026-05-28T02:14:32.292727+00:00,1779934472292,delta,0.98,0.88,0.93,-0.1,0.12,0.02,0.07,-0.1,294.0,0.0
2026-05-28T02:14:32.293378+00:00,1779934472293,delta,0.98,0.88,0.93,-0.1,0.12,0.02,0.07,-0.1,294.0,0.0
2026-05-28T02:14:32.293965+00:00,1779934472293,delta,0.98,0.88,0.93,-0.1,0.12,0.02,0.07,-0.1,332.53,0.0
2026-05-28T02:14:32.294515+00:00,1779934472294,delta,0.98,0.88,0.93,-0.1,0.12,0.02,0.07,-0.1,332.53,0.0
2026-05-28T02:14:32.294969+00:00,1779934472294,delta,0.98,0.88,0.93,-0.1,0.12,0.02,0.07,-0.1,332.53,0.0
2026-05-28T02:14:32.317074+00:00,1779934472317,delta,0.98,0.88,0.93,-0.1,0.12,0.02,0.07,-0.1,332.53,0.0
2026-05-28T02:14:32.317937+00:00,1779934472317,delta,0.98,0.88,0.93,-0.1,0.12,0.02,0.07,-0.1,332.53,0.0
2026-05-28T02:14:32.318552+00:00,1779934472318,delta,0.98,0.88,0.93,-0.1,0.12,0.02,0.07,-0.1,332.53,0.0
2026-05-28T02:14:32.348015+00:00,1779934472348,delta,0.98,0.88,0.93,-0.1,0.12,0.02,0.07,-0.1,285.53,0.0
2026-05-28T02:14:32.349381+00:00,1779934472349,delta,0.98,0.88,0.93,-0.1,0.12,0.02,0.07,-0.1,235.53,0.0
2026-05-28T02:14:32.350932+00:00,1779934472350,delta,0.98,0.88,0.93,-0.1,0.12,0.02,0.07,-0.1,232.03,0.0
2026-05-28T02:14:32.352108+00:00,1779934472352,delta,0.98,0.88,0.93,-0.1,0.12,0.02,0.07,-0.1,407.03,0.0
2026-05-28T02:14:32.353001+00:00,1779934472353,delta,0.98,0.88,0.93,-0.1,0.12,0.02,0.07,-0.1,407.03,0.0
2026-05-28T02:14:32.354487+00:00,1779934472354,delta,0.98,0.88,0.93,-0.1,0.12,0.02,0.07,-0.1,407.03,0.0
2026-05-28T02:14:32.372423+00:00,1779934472372,delta,0.98,0.88,0.93,-0.1,0.12,0.02,0.07,-0.1,407.03,0.0
2026-05-28T02:14:32.373309+00:00,1779934472373,delta,0.98,0.88,0.93,-0.1,0.12,0.02,0.07,-0.1,407.03,0.0
2026-05-28T02:14:32.374059+00:00,1779934472374,delta,0.98,0.88,0.93,-0.1,0.12,0.02,0.07,-0.1,407.03,0.0
2026-05-28T02:14:32.397360+00:00,1779934472397,delta,0.98,0.88,0.93,-0.1,0.12,0.02,0.07,-0.1,407.03,0.0
2026-05-28T02:14:32.397943+00:00,1779934472397,delta,0.98,0.88,0.93,-0.1,0.12,0.02,0.07,-0.1,407.03,0.0
2026-05-28T02:14:32.398406+00:00,1779934472398,delta,0.98,0.88,0.93,-0.1,0.12,0.02,0.07,-0.1,407.03,0.0
2026-05-28T02:14:32.398878+00:00,1779934472398,delta,0.98,0.88,0.93,-0.1,0.12,0.02,0.07,-0.1,407.03,0.0
2026-05-28T02:14:32.399311+00:00,1779934472399,delta,0.98,0.88,0.93,-0.1,0.12,0.02,0.07,-0.1,607.03,0.0
2026-05-28T02:14:32.399956+00:00,1779934472399,delta,0.98,0.88,0.93,-0.1,0.12,0.02,0.07,-0.1,607.03,0.0
2026-05-28T02:14:32.400440+00:00,1779934472400,delta,0.98,0.88,0.93,-0.1,0.12,0.02,0.07,-0.1,607.03,0.0
2026-05-28T02:14:32.425761+00:00,1779934472425,delta,0.98,0.88,0.93,-0.1,0.12,0.02,0.07,-0.1,607.03,0.0
2026-05-28T02:14:32.434894+00:00,1779934472434,delta,0.98,0.88,0.93,-0.1,0.12,0.02,0.07,-0.1,607.03,0.0
2026-05-28T02:14:32.435636+00:00,1779934472435,delta,0.98,0.88,0.93,-0.1,0.12,0.02,0.07,-0.1,607.03,0.0
2026-05-28T02:14:32.451078+00:00,1779934472451,delta,0.98,0.88,0.93,-0.1,0.12,0.02,0.07,-0.1,593.53,0.0
2026-05-28T02:14:32.451880+00:00,1779934472451,delta,0.98,0.88,0.93,-0.1,0.12,0.02,0.07,-0.1,555.0,0.0
2026-05-28T02:14:32.458730+00:00,1779934472458,delta,0.98,0.88,0.93,-0.1,0.12,0.02,0.07,-0.1,555.0,0.0
2026-05-28T02:14:32.459445+00:00,1779934472459,delta,0.98,0.88,0.93,-0.1,0.12,0.02,0.07,-0.1,555.0,0.0
2026-05-28T02:14:32.460344+00:00,1779934472460,delta,0.98,0.88,0.93,-0.1,0.12,0.02,0.07,-0.1,605.0,0.0
2026-05-28T02:14:32.460842+00:00,1779934472460,delta,0.98,0.88,0.93,-0.1,0.12,0.02,0.07,-0.1,605.0,0.0
2026-05-28T02:14:32.461275+00:00,1779934472461,delta,0.98,0.88,0.93,-0.1,0.12,0.02,0.07,-0.1,605.0,0.0
2026-05-28T02:14:32.462039+00:00,1779934472462,delta,0.98,0.88,0.93,-0.1,0.12,0.02,0.07,-0.1,605.0,0.0
2026-05-28T02:14:32.462531+00:00,1779934472462,delta,0.98,0.88,0.93,-0.1,0.12,0.02,0.07,-0.1,605.0,0.0
2026-05-28T02:14:32.481172+00:00,1779934472481,delta,0.98,0.88,0.93,-0.1,0.12,0.02,0.07,-0.1,605.0,0.0
2026-05-28T02:14:32.482098+00:00,1779934472482,delta,0.98,0.88,0.93,-0.1,0.12,0.02,0.07,-0.1,605.0,0.0
2026-05-28T02:14:32.482634+00:00,1779934472482,delta,0.982,0.88,0.931,-0.102,0.12,0.018,0.069,-0.102,225.0,0.0
2026-05-28T02:14:32.483097+00:00,1779934472483,delta,0.984,0.88,0.932,-0.104,0.12,0.016,0.068,-0.104,350.0,0.0
2026-05-28T02:14:32.483951+00:00,1779934472483,delta,0.984,0.88,0.932,-0.104,0.12,0.016,0.068,-0.104,350.0,0.0
2026-05-28T02:14:32.484580+00:00,1779934472484,delta,0.984,0.88,0.932,-0.104,0.12,0.016,0.068,-0.104,350.0,0.0
2026-05-28T02:14:32.485329+00:00,1779934472485,delta,0.984,0.88,0.932,-0.104,0.12,0.016,0.068,-0.104,350.0,0.0
2026-05-28T02:14:32.486977+00:00,1779934472486,delta,0.984,0.88,0.932,-0.104,0.12,0.016,0.068,-0.104,350.0,0.0
2026-05-28T02:14:32.487764+00:00,1779934472487,delta,0.984,0.88,0.932,-0.104,0.12,0.016,0.068,-0.104,350.0,0.0
2026-05-28T02:14:32.510929+00:00,1779934472510,delta,0.984,0.88,0.932,-0.104,0.12,0.016,0.068,-0.104,350.0,0.0
2026-05-28T02:14:32.511654+00:00,1779934472511,delta,0.984,0.88,0.932,-0.104,0.12,0.016,0.068,-0.104,350.0,0.0
2026-05-28T02:14:32.512193+00:00,1779934472512,delta,0.984,0.88,0.932,-0.104,0.12,0.016,0.068,-0.104,350.0,0.0
2026-05-28T02:14:32.535535+00:00,1779934472535,delta,0.984,0.88,0.932,-0.104,0.12,0.016,0.068,-0.104,350.0,0.0
2026-05-28T02:14:32.537237+00:00,1779934472537,delta,0.984,0.88,0.932,-0.104,0.12,0.016,0.068,-0.104,350.0,0.0
2026-05-28T02:14:32.537804+00:00,1779934472537,delta,0.984,0.88,0.932,-0.104,0.12,0.016,0.068,-0.104,350.0,0.0
2026-05-28T02:14:32.538244+00:00,1779934472538,delta,0.984,0.88,0.932,-0.104,0.12,0.016,0.068,-0.104,350.0,0.0
2026-05-28T02:14:32.570152+00:00,1779934472570,delta,0.984,0.88,0.932,-0.104,0.12,0.016,0.068,-0.104,350.0,0.0
2026-05-28T02:14:32.571497+00:00,1779934472571,delta,0.984,0.88,0.932,-0.104,0.12,0.016,0.068,-0.104,350.0,0.0
2026-05-28T02:14:32.572868+00:00,1779934472572,delta,0.984,0.88,0.932,-0.104,0.12,0.016,0.068,-0.104,350.0,0.0
2026-05-28T02:14:32.590616+00:00,1779934472590,delta,0.984,0.88,0.932,-0.104,0.12,0.016,0.068,-0.104,350.0,0.0
2026-05-28T02:14:32.591559+00:00,1779934472591,delta,0.984,0.88,0.932,-0.104,0.12,0.016,0.068,-0.104,350.0,0.0
2026-05-28T02:14:32.592172+00:00,1779934472592,delta,0.984,0.88,0.932,-0.104,0.12,0.016,0.068,-0.104,350.0,0.0
2026-05-28T02:14:32.592794+00:00,1779934472592,delta,0.984,0.88,0.932,-0.104,0.12,0.016,0.068,-0.104,397.67,0.0
2026-05-28T02:14:32.616013+00:00,1779934472616,delta,0.984,0.88,0.932,-0.104,0.12,0.016,0.068,-0.104,397.67,0.0
2026-05-28T02:14:32.617004+00:00,1779934472617,delta,0.984,0.88,0.932,-0.104,0.12,0.016,0.068,-0.104,397.67,0.0
2026-05-28T02:14:32.641221+00:00,1779934472641,delta,0.984,0.88,0.932,-0.104,0.12,0.016,0.068,-0.104,393.67,0.0
2026-05-28T02:14:32.642653+00:00,1779934472642,delta,0.984,0.88,0.932,-0.104,0.12,0.016,0.068,-0.104,393.67,0.0
2026-05-28T02:14:32.643203+00:00,1779934472643,delta,0.984,0.88,0.932,-0.104,0.12,0.016,0.068,-0.104,393.67,0.0
2026-05-28T02:14:32.643651+00:00,1779934472643,delta,0.984,0.88,0.932,-0.104,0.12,0.016,0.068,-0.104,393.67,0.0
2026-05-28T02:14:32.689755+00:00,1779934472689,delta,0.984,0.88,0.932,-0.104,0.12,0.016,0.068,-0.104,393.67,0.0
2026-05-28T02:14:32.690664+00:00,1779934472690,delta,0.984,0.88,0.932,-0.104,0.12,0.016,0.068,-0.104,443.67,0.0
2026-05-28T02:14:32.691233+00:00,1779934472691,delta,0.984,0.88,0.932,-0.104,0.12,0.016,0.068,-0.104,443.67,0.0
2026-05-28T02:14:32.691712+00:00,1779934472691,delta,0.984,0.88,0.932,-0.104,0.12,0.016,0.068,-0.104,443.67,0.0
2026-05-28T02:14:32.692249+00:00,1779934472692,delta,0.984,0.88,0.932,-0.104,0.12,0.016,0.068,-0.104,443.67,0.0
2026-05-28T02:14:32.720525+00:00,1779934472720,delta,0.984,0.88,0.932,-0.104,0.12,0.016,0.068,-0.104,443.67,0.0
2026-05-28T02:14:32.722351+00:00,1779934472722,delta,0.984,0.88,0.932,-0.104,0.12,0.016,0.068,-0.104,443.67,0.0
2026-05-28T02:14:32.722920+00:00,1779934472722,delta,0.984,0.88,0.932,-0.104,0.12,0.016,0.068,-0.104,443.67,0.0
2026-05-28T02:14:32.743379+00:00,1779934472743,delta,0.984,0.88,0.932,-0.104,0.12,0.016,0.068,-0.104,393.67,0.0
2026-05-28T02:14:32.744025+00:00,1779934472744,delta,0.984,0.88,0.932,-0.104,0.12,0.016,0.068,-0.104,393.67,0.0
2026-05-28T02:14:32.744562+00:00,1779934472744,delta,0.984,0.88,0.932,-0.104,0.12,0.016,0.068,-0.104,393.67,0.0
2026-05-28T02:14:32.745137+00:00,1779934472745,delta,0.984,0.88,0.932,-0.104,0.12,0.016,0.068,-0.104,393.67,0.0
2026-05-28T02:14:32.745747+00:00,1779934472745,delta,0.984,0.88,0.932,-0.104,0.12,0.016,0.068,-0.104,377.96,0.0
2026-05-28T02:14:32.746456+00:00,1779934472746,delta,0.984,0.88,0.932,-0.104,0.12,0.016,0.068,-0.104,377.96,0.0
2026-05-28T02:14:32.747033+00:00,1779934472747,delta,0.984,0.88,0.932,-0.104,0.12,0.016,0.068,-0.104,377.96,0.0
2026-05-28T02:14:32.747496+00:00,1779934472747,delta,0.984,0.88,0.932,-0.104,0.12,0.016,0.068,-0.104,377.96,0.0
2026-05-28T02:14:32.747880+00:00,1779934472747,delta,0.984,0.88,0.932,-0.104,0.12,0.016,0.068,-0.104,377.96,0.0
2026-05-28T02:14:32.766654+00:00,1779934472766,delta,0.984,0.88,0.932,-0.104,0.12,0.016,0.068,-0.104,362.58,0.0
2026-05-28T02:14:32.779391+00:00,1779934472779,delta,0.984,0.88,0.932,-0.104,0.12,0.016,0.068,-0.104,362.58,0.0
2026-05-28T02:14:32.779991+00:00,1779934472779,delta,0.984,0.88,0.932,-0.104,0.12,0.016,0.068,-0.104,362.58,0.0
2026-05-28T02:14:32.780436+00:00,1779934472780,delta,0.984,0.88,0.932,-0.104,0.12,0.016,0.068,-0.104,362.58,0.0
2026-05-28T02:14:32.780948+00:00,1779934472780,delta,0.984,0.88,0.932,-0.104,0.12,0.016,0.068,-0.104,362.58,0.0
2026-05-28T02:14:32.781513+00:00,1779934472781,delta,0.984,0.88,0.932,-0.104,0.12,0.016,0.068,-0.104,362.58,0.0
2026-05-28T02:14:32.796156+00:00,1779934472796,delta,0.984,0.88,0.932,-0.104,0.12,0.016,0.068,-0.104,362.58,0.0
2026-05-28T02:14:32.801428+00:00,1779934472801,delta,0.984,0.88,0.932,-0.104,0.12,0.016,0.068,-0.104,362.58,0.0
2026-05-28T02:14:32.826423+00:00,1779934472826,delta,0.984,0.88,0.932,-0.104,0.12,0.016,0.068,-0.104,362.58,0.0
2026-05-28T02:14:32.827144+00:00,1779934472827,delta,0.984,0.88,0.932,-0.104,0.12,0.016,0.068,-0.104,362.58,0.0
2026-05-28T02:14:32.827606+00:00,1779934472827,delta,0.984,0.88,0.932,-0.104,0.12,0.016,0.068,-0.104,362.58,0.0
2026-05-28T02:14:32.828104+00:00,1779934472828,delta,0.984,0.88,0.932,-0.104,0.12,0.016,0.068,-0.104,344.3,0.0
2026-05-28T02:14:32.829114+00:00,1779934472829,delta,0.984,0.88,0.932,-0.104,0.12,0.016,0.068,-0.104,344.3,0.0
2026-05-28T02:14:32.829466+00:00,1779934472829,delta,0.985,0.88,0.9325,-0.105,0.12,0.015,0.0675,-0.105,394.3,0.0
2026-05-28T02:14:32.849466+00:00,1779934472849,delta,0.985,0.88,0.9325,-0.105,0.12,0.015,0.0675,-0.105,394.3,0.0
2026-05-28T02:14:32.850800+00:00,1779934472850,delta,0.985,0.88,0.9325,-0.105,0.12,0.015,0.0675,-0.105,394.3,0.0
2026-05-28T02:14:32.851510+00:00,1779934472851,delta,0.985,0.88,0.9325,-0.105,0.12,0.015,0.0675,-0.105,394.3,0.0
2026-05-28T02:14:32.874203+00:00,1779934472874,delta,0.985,0.88,0.9325,-0.105,0.12,0.015,0.0675,-0.105,394.3,0.0
2026-05-28T02:14:32.875116+00:00,1779934472875,delta,0.985,0.88,0.9325,-0.105,0.12,0.015,0.0675,-0.105,346.63,0.0
2026-05-28T02:14:32.875758+00:00,1779934472875,delta,0.985,0.88,0.9325,-0.105,0.12,0.015,0.0675,-0.105,346.63,0.0
2026-05-28T02:14:32.876220+00:00,1779934472876,delta,0.985,0.88,0.9325,-0.105,0.12,0.015,0.0675,-0.105,346.63,0.0
2026-05-28T02:14:32.901959+00:00,1779934472901,delta,0.985,0.88,0.9325,-0.105,0.12,0.015,0.0675,-0.105,306.33,0.0
2026-05-28T02:14:32.902791+00:00,1779934472902,delta,0.985,0.88,0.9325,-0.105,0.12,0.015,0.0675,-0.105,306.33,0.0
2026-05-28T02:14:32.903358+00:00,1779934472903,delta,0.985,0.88,0.9325,-0.105,0.12,0.015,0.0675,-0.105,306.33,0.0
2026-05-28T02:14:32.903970+00:00,1779934472903,delta,0.985,0.88,0.9325,-0.105,0.12,0.015,0.0675,-0.105,306.33,0.0
2026-05-28T02:14:32.933194+00:00,1779934472933,delta,0.985,0.88,0.9325,-0.105,0.12,0.015,0.0675,-0.105,357.4,0.0
2026-05-28T02:14:32.934687+00:00,1779934472934,delta,0.985,0.88,0.9325,-0.105,0.12,0.015,0.0675,-0.105,347.7,0.0
2026-05-28T02:14:32.935445+00:00,1779934472935,delta,0.985,0.88,0.9325,-0.105,0.12,0.015,0.0675,-0.105,347.7,0.0
2026-05-28T02:14:32.936588+00:00,1779934472936,delta,0.985,0.88,0.9325,-0.105,0.12,0.015,0.0675,-0.105,347.7,0.0
2026-05-28T02:14:32.940748+00:00,1779934472940,delta,0.985,0.88,0.9325,-0.105,0.12,0.015,0.0675,-0.105,347.7,0.0
2026-05-28T02:14:32.941354+00:00,1779934472941,delta,0.985,0.88,0.9325,-0.105,0.12,0.015,0.0675,-0.105,347.7,0.0
2026-05-28T02:14:32.941818+00:00,1779934472941,delta,0.985,0.88,0.9325,-0.105,0.12,0.015,0.0675,-0.105,300.91,0.0
2026-05-28T02:14:32.984018+00:00,1779934472984,delta,0.985,0.88,0.9325,-0.105,0.12,0.015,0.0675,-0.105,300.91,0.0
2026-05-28T02:14:32.984820+00:00,1779934472984,delta,0.985,0.88,0.9325,-0.105,0.12,0.015,0.0675,-0.105,300.91,0.0
2026-05-28T02:14:32.985342+00:00,1779934472985,delta,0.985,0.88,0.9325,-0.105,0.12,0.015,0.0675,-0.105,296.63,0.0
2026-05-28T02:14:33.010526+00:00,1779934473010,delta,0.985,0.88,0.9325,-0.105,0.12,0.015,0.0675,-0.105,311.63,0.0
2026-05-28T02:14:33.011486+00:00,1779934473011,delta,0.985,0.88,0.9325,-0.105,0.12,0.015,0.0675,-0.105,311.63,0.0
2026-05-28T02:14:33.012300+00:00,1779934473012,delta,0.985,0.88,0.9325,-0.105,0.12,0.015,0.0675,-0.105,359.3,0.0
2026-05-28T02:14:33.037991+00:00,1779934473037,delta,0.985,0.88,0.9325,-0.105,0.12,0.015,0.0675,-0.105,359.3,0.0
2026-05-28T02:14:33.038654+00:00,1779934473038,delta,0.985,0.88,0.9325,-0.105,0.12,0.015,0.0675,-0.105,359.3,0.0
2026-05-28T02:14:33.068139+00:00,1779934473068,delta,0.985,0.88,0.9325,-0.105,0.12,0.015,0.0675,-0.105,359.3,0.0
2026-05-28T02:14:33.091213+00:00,1779934473091,delta,0.985,0.88,0.9325,-0.105,0.12,0.015,0.0675,-0.105,359.3,0.0
2026-05-28T02:14:33.092196+00:00,1779934473092,delta,0.985,0.88,0.9325,-0.105,0.12,0.015,0.0675,-0.105,359.3,0.0
2026-05-28T02:14:33.124973+00:00,1779934473124,delta,0.985,0.88,0.9325,-0.105,0.12,0.015,0.0675,-0.105,359.3,0.0
2026-05-28T02:14:33.125670+00:00,1779934473125,delta,0.985,0.88,0.9325,-0.105,0.12,0.015,0.0675,-0.105,359.3,0.0
2026-05-28T02:14:33.126215+00:00,1779934473126,delta,0.985,0.88,0.9325,-0.105,0.12,0.015,0.0675,-0.105,359.3,0.0
2026-05-28T02:14:33.146664+00:00,1779934473146,delta,0.985,0.88,0.9325,-0.105,0.12,0.015,0.0675,-0.105,359.3,0.0
2026-05-28T02:14:33.222734+00:00,1779934473222,delta,0.985,0.88,0.9325,-0.105,0.12,0.015,0.0675,-0.105,359.3,0.0
2026-05-28T02:14:33.224414+00:00,1779934473224,delta,0.985,0.88,0.9325,-0.105,0.12,0.015,0.0675,-0.105,359.3,0.0
2026-05-28T02:14:33.225018+00:00,1779934473225,delta,0.985,0.88,0.9325,-0.105,0.12,0.015,0.0675,-0.105,359.3,0.0
2026-05-28T02:14:33.225434+00:00,1779934473225,delta,0.985,0.88,0.9325,-0.105,0.12,0.015,0.0675,-0.105,409.3,0.0
2026-05-28T02:14:33.225822+00:00,1779934473225,delta,0.985,0.88,0.9325,-0.105,0.12,0.015,0.0675,-0.105,409.3,0.0
2026-05-28T02:14:33.284307+00:00,1779934473284,delta,0.985,0.88,0.9325,-0.105,0.12,0.015,0.0675,-0.105,361.63,0.0
2026-05-28T02:14:33.285710+00:00,1779934473285,delta,0.985,0.88,0.9325,-0.105,0.12,0.015,0.0675,-0.105,361.63,0.0
2026-05-28T02:14:33.287303+00:00,1779934473287,delta,0.985,0.88,0.9325,-0.105,0.12,0.015,0.0675,-0.105,361.63,0.0
2026-05-28T02:14:33.288679+00:00,1779934473288,delta,0.985,0.88,0.9325,-0.105,0.12,0.015,0.0675,-0.105,361.63,0.0
2026-05-28T02:14:33.302653+00:00,1779934473302,delta,0.985,0.88,0.9325,-0.105,0.12,0.015,0.0675,-0.105,371.63,0.0
2026-05-28T02:14:33.304555+00:00,1779934473304,delta,0.985,0.88,0.9325,-0.105,0.12,0.015,0.0675,-0.105,371.63,0.0
2026-05-28T02:14:33.330265+00:00,1779934473330,delta,0.985,0.88,0.9325,-0.105,0.12,0.015,0.0675,-0.105,371.63,0.0
2026-05-28T02:14:33.353129+00:00,1779934473353,delta,0.985,0.88,0.9325,-0.105,0.12,0.015,0.0675,-0.105,422.7,0.0
2026-05-28T02:14:33.383182+00:00,1779934473383,delta,0.985,0.88,0.9325,-0.105,0.12,0.015,0.0675,-0.105,422.7,0.0
2026-05-28T02:14:33.384675+00:00,1779934473384,delta,0.985,0.88,0.9325,-0.105,0.12,0.015,0.0675,-0.105,422.7,0.0
2026-05-28T02:14:33.406153+00:00,1779934473406,delta,0.985,0.88,0.9325,-0.105,0.12,0.015,0.0675,-0.105,422.7,0.0
2026-05-28T02:14:33.412159+00:00,1779934473412,delta,0.985,0.88,0.9325,-0.105,0.12,0.015,0.0675,-0.105,417.58,0.0
2026-05-28T02:14:33.437210+00:00,1779934473437,delta,0.985,0.88,0.9325,-0.105,0.12,0.015,0.0675,-0.105,372.7,0.0
2026-05-28T02:14:33.438038+00:00,1779934473438,delta,0.984,0.88,0.932,-0.104,0.12,0.016,0.068,-0.104,511.63,0.0
2026-05-28T02:14:33.439406+00:00,1779934473439,delta,0.984,0.88,0.932,-0.104,0.12,0.016,0.068,-0.104,424.28,0.0
2026-05-28T02:14:33.460433+00:00,1779934473460,delta,0.984,0.88,0.932,-0.104,0.12,0.016,0.068,-0.104,409.28,0.0
2026-05-28T02:14:33.461616+00:00,1779934473461,delta,0.984,0.88,0.932,-0.104,0.12,0.016,0.068,-0.104,422.28,0.0
2026-05-28T02:14:33.510808+00:00,1779934473510,delta,0.984,0.88,0.932,-0.104,0.12,0.016,0.068,-0.104,469.95,0.0
2026-05-28T02:14:33.570103+00:00,1779934473570,delta,0.984,0.88,0.932,-0.104,0.12,0.016,0.068,-0.104,519.95,0.0
2026-05-28T02:14:33.571051+00:00,1779934473571,delta,0.984,0.88,0.932,-0.104,0.12,0.016,0.068,-0.104,519.95,0.0
2026-05-28T02:14:33.592134+00:00,1779934473592,delta,0.984,0.88,0.932,-0.104,0.12,0.016,0.068,-0.104,519.95,0.0
2026-05-28T02:14:33.592810+00:00,1779934473592,delta,0.984,0.88,0.932,-0.104,0.12,0.016,0.068,-0.104,519.95,0.0
2026-05-28T02:14:33.593466+00:00,1779934473593,delta,0.984,0.88,0.932,-0.104,0.12,0.016,0.068,-0.104,485.67,0.0
2026-05-28T02:14:33.593984+00:00,1779934473593,delta,0.984,0.88,0.932,-0.104,0.12,0.016,0.068,-0.104,438.0,0.0
2026-05-28T02:14:33.594486+00:00,1779934473594,delta,0.984,0.88,0.932,-0.104,0.12,0.016,0.068,-0.104,388.0,0.0
2026-05-28T02:14:33.594988+00:00,1779934473594,delta,0.984,0.88,0.932,-0.104,0.12,0.016,0.068,-0.104,188.0,0.0
2026-05-28T02:14:33.595412+00:00,1779934473595,delta,0.984,0.88,0.932,-0.104,0.12,0.016,0.068,-0.104,355.0,0.0
2026-05-28T02:14:33.595961+00:00,1779934473595,delta,0.984,0.88,0.932,-0.104,0.12,0.016,0.068,-0.104,180.0,0.0
2026-05-28T02:14:33.596453+00:00,1779934473596,delta,0.984,0.88,0.932,-0.104,0.12,0.016,0.068,-0.104,0.0,0.0
2026-05-28T02:14:33.596884+00:00,1779934473596,delta,0.984,0.88,0.932,-0.104,0.12,0.016,0.068,-0.104,0.0,0.0
2026-05-28T02:14:33.597300+00:00,1779934473597,delta,0.984,0.88,0.932,-0.104,0.12,0.016,0.068,-0.104,0.0,0.0
2026-05-28T02:14:33.597799+00:00,1779934473597,delta,0.984,0.88,0.932,-0.104,0.12,0.016,0.068,-0.104,0.0,0.0
2026-05-28T02:14:33.617052+00:00,1779934473617,delta,0.984,0.88,0.932,-0.104,0.12,0.016,0.068,-0.104,0.0,0.0
2026-05-28T02:14:33.617878+00:00,1779934473617,delta,0.984,0.88,0.932,-0.104,0.12,0.016,0.068,-0.104,0.0,0.0
2026-05-28T02:14:33.618556+00:00,1779934473618,delta,0.984,0.88,0.932,-0.104,0.12,0.016,0.068,-0.104,0.0,0.0
2026-05-28T02:14:33.619056+00:00,1779934473619,delta,0.984,0.88,0.932,-0.104,0.12,0.016,0.068,-0.104,0.0,0.0
2026-05-28T02:14:33.619549+00:00,1779934473619,delta,0.984,0.88,0.932,-0.104,0.12,0.016,0.068,-0.104,0.0,0.0
2026-05-28T02:14:33.620011+00:00,1779934473620,delta,0.984,0.88,0.932,-0.104,0.12,0.016,0.068,-0.104,0.0,0.0
2026-05-28T02:14:33.620444+00:00,1779934473620,delta,0.984,0.88,0.932,-0.104,0.12,0.016,0.068,-0.104,0.0,0.0
2026-05-28T02:14:33.620886+00:00,1779934473620,delta,0.984,0.88,0.932,-0.104,0.12,0.016,0.068,-0.104,0.0,0.0
2026-05-28T02:14:33.621306+00:00,1779934473621,delta,0.984,0.88,0.932,-0.104,0.12,0.016,0.068,-0.104,0.0,0.0
2026-05-28T02:14:33.621723+00:00,1779934473621,delta,0.984,0.88,0.932,-0.104,0.12,0.016,0.068,-0.104,0.0,0.0
2026-05-28T02:14:33.622163+00:00,1779934473622,delta,0.984,0.88,0.932,-0.104,0.12,0.016,0.068,-0.104,0.0,0.0
2026-05-28T02:14:33.622573+00:00,1779934473622,delta,0.984,0.88,0.932,-0.104,0.12,0.016,0.068,-0.104,0.0,0.0
2026-05-28T02:14:33.636270+00:00,1779934473636,delta,0.984,0.88,0.932,-0.104,0.12,0.016,0.068,-0.104,0.0,0.0
2026-05-28T02:14:33.637211+00:00,1779934473637,delta,0.984,0.88,0.932,-0.104,0.12,0.016,0.068,-0.104,0.0,0.0
2026-05-28T02:14:33.638071+00:00,1779934473638,delta,0.984,0.88,0.932,-0.104,0.12,0.016,0.068,-0.104,0.0,0.0
2026-05-28T02:14:33.639473+00:00,1779934473639,delta,0.984,0.88,0.932,-0.104,0.12,0.016,0.068,-0.104,0.0,0.0
2026-05-28T02:14:33.639870+00:00,1779934473639,delta,0.984,0.88,0.932,-0.104,0.12,0.016,0.068,-0.104,0.0,0.0
2026-05-28T02:14:33.663958+00:00,1779934473663,delta,0.984,0.88,0.932,-0.104,0.12,0.016,0.068,-0.104,0.0,0.0
2026-05-28T02:14:33.664553+00:00,1779934473664,delta,0.984,0.88,0.932,-0.104,0.12,0.016,0.068,-0.104,0.0,0.0
2026-05-28T02:14:33.665023+00:00,1779934473665,delta,0.984,0.88,0.932,-0.104,0.12,0.016,0.068,-0.104,0.0,0.0
2026-05-28T02:14:33.668388+00:00,1779934473668,delta,0.984,0.88,0.932,-0.104,0.12,0.016,0.068,-0.104,0.0,0.0
2026-05-28T02:14:33.669637+00:00,1779934473669,delta,0.984,0.88,0.932,-0.104,0.12,0.016,0.068,-0.104,0.0,0.0
2026-05-28T02:14:33.670516+00:00,1779934473670,delta,0.984,0.88,0.932,-0.104,0.12,0.016,0.068,-0.104,0.0,0.0
2026-05-28T02:14:33.671012+00:00,1779934473671,delta,0.984,0.88,0.932,-0.104,0.12,0.016,0.068,-0.104,0.0,0.0
2026-05-28T02:14:33.671412+00:00,1779934473671,delta,0.984,0.88,0.932,-0.104,0.12,0.016,0.068,-0.104,0.0,0.0
2026-05-28T02:14:33.671851+00:00,1779934473671,delta,0.984,0.88,0.932,-0.104,0.12,0.016,0.068,-0.104,0.0,0.0
2026-05-28T02:14:33.691047+00:00,1779934473691,delta,0.984,0.88,0.932,-0.104,0.12,0.016,0.068,-0.104,0.0,0.0
2026-05-28T02:14:33.691742+00:00,1779934473691,delta,0.984,0.88,0.932,-0.104,0.12,0.016,0.068,-0.104,0.0,0.0
2026-05-28T02:14:33.693061+00:00,1779934473693,delta,0.984,0.88,0.932,-0.104,0.12,0.016,0.068,-0.104,0.0,0.0
2026-05-28T02:14:33.693672+00:00,1779934473693,delta,0.984,0.88,0.932,-0.104,0.12,0.016,0.068,-0.104,0.0,0.0
2026-05-28T02:14:33.694236+00:00,1779934473694,delta,0.984,0.88,0.932,-0.104,0.12,0.016,0.068,-0.104,0.0,0.0
2026-05-28T02:14:33.694754+00:00,1779934473694,delta,0.984,0.88,0.932,-0.104,0.12,0.016,0.068,-0.104,0.0,0.0
2026-05-28T02:14:33.695215+00:00,1779934473695,delta,0.984,0.88,0.932,-0.104,0.12,0.016,0.068,-0.104,0.0,0.0
2026-05-28T02:14:33.722781+00:00,1779934473722,delta,0.984,0.88,0.932,-0.104,0.12,0.016,0.068,-0.104,0.0,0.0
2026-05-28T02:14:33.723478+00:00,1779934473723,delta,0.984,0.88,0.932,-0.104,0.12,0.016,0.068,-0.104,0.0,0.0
2026-05-28T02:14:33.724078+00:00,1779934473724,delta,0.984,0.88,0.932,-0.104,0.12,0.016,0.068,-0.104,0.0,0.0
2026-05-28T02:14:33.724572+00:00,1779934473724,delta,0.984,0.88,0.932,-0.104,0.12,0.016,0.068,-0.104,0.0,0.0
2026-05-28T02:14:33.724970+00:00,1779934473724,delta,0.984,0.88,0.932,-0.104,0.12,0.016,0.068,-0.104,0.0,0.0
2026-05-28T02:14:33.725489+00:00,1779934473725,delta,0.984,0.88,0.932,-0.104,0.12,0.016,0.068,-0.104,0.0,0.0
2026-05-28T02:14:33.725936+00:00,1779934473725,delta,0.984,0.88,0.932,-0.104,0.12,0.016,0.068,-0.104,0.0,0.0
2026-05-28T02:14:33.726361+00:00,1779934473726,delta,0.984,0.88,0.932,-0.104,0.12,0.016,0.068,-0.104,0.0,0.0
2026-05-28T02:14:33.726725+00:00,1779934473726,delta,0.984,0.88,0.932,-0.104,0.12,0.016,0.068,-0.104,0.0,0.0
2026-05-28T02:14:33.727127+00:00,1779934473727,delta,0.984,0.88,0.932,-0.104,0.12,0.016,0.068,-0.104,0.0,0.0
2026-05-28T02:14:33.751513+00:00,1779934473751,delta,0.984,0.88,0.932,-0.104,0.12,0.016,0.068,-0.104,0.0,0.0
2026-05-28T02:14:33.753155+00:00,1779934473753,delta,0.984,0.88,0.932,-0.104,0.12,0.016,0.068,-0.104,0.0,0.0
2026-05-28T02:14:33.754355+00:00,1779934473754,delta,0.984,0.88,0.932,-0.104,0.12,0.016,0.068,-0.104,0.0,0.0
2026-05-28T02:14:33.755153+00:00,1779934473755,delta,0.984,0.88,0.932,-0.104,0.12,0.016,0.068,-0.104,0.0,0.0
2026-05-28T02:14:33.755563+00:00,1779934473755,delta,0.984,0.88,0.932,-0.104,0.12,0.016,0.068,-0.104,0.0,0.0
2026-05-28T02:14:33.755949+00:00,1779934473755,delta,0.984,0.88,0.932,-0.104,0.12,0.016,0.068,-0.104,0.0,0.0
2026-05-28T02:14:33.756357+00:00,1779934473756,delta,0.984,0.88,0.932,-0.104,0.12,0.016,0.068,-0.104,0.0,0.0
2026-05-28T02:14:33.756798+00:00,1779934473756,delta,0.984,0.88,0.932,-0.104,0.12,0.016,0.068,-0.104,0.0,0.0
2026-05-28T02:14:33.783775+00:00,1779934473783,delta,0.984,0.88,0.932,-0.104,0.12,0.016,0.068,-0.104,0.0,0.0
2026-05-28T02:14:33.792130+00:00,1779934473792,delta,0.984,0.88,0.932,-0.104,0.12,0.016,0.068,-0.104,0.0,0.0
2026-05-28T02:14:33.794720+00:00,1779934473794,delta,0.984,0.88,0.932,-0.104,0.12,0.016,0.068,-0.104,0.0,0.0
2026-05-28T02:14:33.795363+00:00,1779934473795,delta,0.984,0.88,0.932,-0.104,0.12,0.016,0.068,-0.104,0.0,0.0
2026-05-28T02:14:33.795845+00:00,1779934473795,delta,0.984,0.88,0.932,-0.104,0.12,0.016,0.068,-0.104,0.0,0.0
2026-05-28T02:14:33.810989+00:00,1779934473810,delta,0.984,0.88,0.932,-0.104,0.12,0.016,0.068,-0.104,0.0,0.0
2026-05-28T02:14:33.811808+00:00,1779934473811,delta,0.984,0.88,0.932,-0.104,0.12,0.016,0.068,-0.104,0.0,0.0
2026-05-28T02:14:33.812889+00:00,1779934473812,delta,0.984,0.88,0.932,-0.104,0.12,0.016,0.068,-0.104,0.0,0.0
2026-05-28T02:14:33.837066+00:00,1779934473837,delta,0.984,0.88,0.932,-0.104,0.12,0.016,0.068,-0.104,0.0,0.0
2026-05-28T02:14:33.838258+00:00,1779934473838,delta,0.984,0.88,0.932,-0.104,0.12,0.016,0.068,-0.104,0.0,0.0
2026-05-28T02:14:33.839810+00:00,1779934473839,delta,0.984,0.88,0.932,-0.104,0.12,0.016,0.068,-0.104,0.0,0.0
2026-05-28T02:14:33.840578+00:00,1779934473840,delta,0.984,0.88,0.932,-0.104,0.12,0.016,0.068,-0.104,0.0,0.0
2026-05-28T02:14:33.841035+00:00,1779934473841,delta,0.984,0.88,0.932,-0.104,0.12,0.016,0.068,-0.104,0.0,0.0
2026-05-28T02:14:33.841444+00:00,1779934473841,delta,0.984,0.88,0.932,-0.104,0.12,0.016,0.068,-0.104,0.0,0.0
2026-05-28T02:14:33.841925+00:00,1779934473841,delta,0.984,0.88,0.932,-0.104,0.12,0.016,0.068,-0.104,0.0,0.0
2026-05-28T02:14:33.856127+00:00,1779934473856,delta,0.984,0.88,0.932,-0.104,0.12,0.016,0.068,-0.104,0.0,0.0
2026-05-28T02:14:33.857140+00:00,1779934473857,delta,0.984,0.88,0.932,-0.104,0.12,0.016,0.068,-0.104,0.0,0.0
2026-05-28T02:14:33.857714+00:00,1779934473857,delta,0.984,0.88,0.932,-0.104,0.12,0.016,0.068,-0.104,0.0,0.0
2026-05-28T02:14:33.859502+00:00,1779934473859,delta,0.984,0.88,0.932,-0.104,0.12,0.016,0.068,-0.104,0.0,0.0
2026-05-28T02:14:33.860119+00:00,1779934473860,delta,0.984,0.88,0.932,-0.104,0.12,0.016,0.068,-0.104,0.0,0.0
2026-05-28T02:14:33.860551+00:00,1779934473860,delta,0.984,0.88,0.932,-0.104,0.12,0.016,0.068,-0.104,0.0,0.0
2026-05-28T02:14:33.881930+00:00,1779934473881,delta,0.984,0.88,0.932,-0.104,0.12,0.016,0.068,-0.104,0.0,0.0
2026-05-28T02:14:33.884132+00:00,1779934473884,delta,0.984,0.88,0.932,-0.104,0.12,0.016,0.068,-0.104,0.0,0.0
2026-05-28T02:14:33.885130+00:00,1779934473885,delta,0.984,0.88,0.932,-0.104,0.12,0.016,0.068,-0.104,0.0,0.0
2026-05-28T02:14:33.886245+00:00,1779934473886,delta,0.984,0.88,0.932,-0.104,0.12,0.016,0.068,-0.104,0.0,0.0
2026-05-28T02:14:33.887098+00:00,1779934473887,delta,0.984,0.88,0.932,-0.104,0.12,0.016,0.068,-0.104,0.0,0.0
2026-05-28T02:14:33.908118+00:00,1779934473908,delta,0.984,0.88,0.932,-0.104,0.12,0.016,0.068,-0.104,0.0,0.0
2026-05-28T02:14:33.908912+00:00,1779934473908,delta,0.984,0.88,0.932,-0.104,0.12,0.016,0.068,-0.104,0.0,0.0
2026-05-28T02:14:33.909483+00:00,1779934473909,delta,0.984,0.88,0.932,-0.104,0.12,0.016,0.068,-0.104,0.0,0.0
2026-05-28T02:14:33.910024+00:00,1779934473910,delta,0.984,0.88,0.932,-0.104,0.12,0.016,0.068,-0.104,0.0,0.0
2026-05-28T02:14:33.910479+00:00,1779934473910,delta,0.984,0.88,0.932,-0.104,0.12,0.016,0.068,-0.104,0.0,0.0
2026-05-28T02:14:33.910868+00:00,1779934473910,delta,0.984,0.88,0.932,-0.104,0.12,0.016,0.068,-0.104,0.0,0.0
2026-05-28T02:14:33.911238+00:00,1779934473911,delta,0.984,0.88,0.932,-0.104,0.12,0.016,0.068,-0.104,0.0,0.0
2026-05-28T02:14:33.911682+00:00,1779934473911,delta,0.984,0.88,0.932,-0.104,0.12,0.016,0.068,-0.104,0.0,0.0
2026-05-28T02:14:33.912118+00:00,1779934473912,delta,0.984,0.88,0.932,-0.104,0.12,0.016,0.068,-0.104,0.0,0.0
2026-05-28T02:14:33.912486+00:00,1779934473912,delta,0.984,0.88,0.932,-0.104,0.12,0.016,0.068,-0.104,0.0,0.0
2026-05-28T02:14:33.913014+00:00,1779934473913,delta,0.984,0.88,0.932,-0.104,0.12,0.016,0.068,-0.104,0.0,0.0
2026-05-28T02:14:33.917206+00:00,1779934473917,delta,0.984,0.88,0.932,-0.104,0.12,0.016,0.068,-0.104,0.0,0.0
2026-05-28T02:14:33.917909+00:00,1779934473917,delta,0.984,0.88,0.932,-0.104,0.12,0.016,0.068,-0.104,0.0,0.0
2026-05-28T02:14:33.939639+00:00,1779934473939,delta,0.984,0.88,0.932,-0.104,0.12,0.016,0.068,-0.104,0.0,0.0
2026-05-28T02:14:33.940508+00:00,1779934473940,delta,0.984,0.88,0.932,-0.104,0.12,0.016,0.068,-0.104,0.0,0.0
2026-05-28T02:14:33.941076+00:00,1779934473941,delta,0.984,0.88,0.932,-0.104,0.12,0.016,0.068,-0.104,0.0,0.0
2026-05-28T02:14:33.941527+00:00,1779934473941,delta,0.984,0.88,0.932,-0.104,0.12,0.016,0.068,-0.104,0.0,0.0
2026-05-28T02:14:33.941958+00:00,1779934473941,delta,0.984,0.88,0.932,-0.104,0.12,0.016,0.068,-0.104,0.0,0.0
2026-05-28T02:14:33.942515+00:00,1779934473942,delta,0.984,0.88,0.932,-0.104,0.12,0.016,0.068,-0.104,0.0,0.0
2026-05-28T02:14:33.943170+00:00,1779934473943,delta,0.984,0.88,0.932,-0.104,0.12,0.016,0.068,-0.104,0.0,0.0
2026-05-28T02:14:33.943665+00:00,1779934473943,delta,0.984,0.88,0.932,-0.104,0.12,0.016,0.068,-0.104,0.0,0.0
2026-05-28T02:14:33.944170+00:00,1779934473944,delta,0.984,0.88,0.932,-0.104,0.12,0.016,0.068,-0.104,0.0,0.0
2026-05-28T02:14:33.944741+00:00,1779934473944,delta,0.984,0.88,0.932,-0.104,0.12,0.016,0.068,-0.104,0.0,0.0
2026-05-28T02:14:33.945289+00:00,1779934473945,delta,0.984,0.88,0.932,-0.104,0.12,0.016,0.068,-0.104,0.0,0.0
2026-05-28T02:14:33.972254+00:00,1779934473972,delta,0.984,0.88,0.932,-0.104,0.12,0.016,0.068,-0.104,0.0,0.0
2026-05-28T02:14:33.972999+00:00,1779934473972,delta,0.984,0.88,0.932,-0.104,0.12,0.016,0.068,-0.104,0.0,0.0
2026-05-28T02:14:34.005303+00:00,1779934474005,delta,0.984,0.88,0.932,-0.104,0.12,0.016,0.068,-0.104,0.0,0.0
2026-05-28T02:14:34.006097+00:00,1779934474006,delta,0.984,0.88,0.932,-0.104,0.12,0.016,0.068,-0.104,0.0,0.0
2026-05-28T02:14:34.006582+00:00,1779934474006,delta,0.984,0.88,0.932,-0.104,0.12,0.016,0.068,-0.104,0.0,0.0
2026-05-28T02:14:34.007078+00:00,1779934474007,delta,0.984,0.88,0.932,-0.104,0.12,0.016,0.068,-0.104,0.0,0.0
2026-05-28T02:14:34.032454+00:00,1779934474032,delta,0.984,0.88,0.932,-0.104,0.12,0.016,0.068,-0.104,0.0,0.0
2026-05-28T02:14:34.033086+00:00,1779934474033,delta,0.984,0.88,0.932,-0.104,0.12,0.016,0.068,-0.104,0.0,0.0
2026-05-28T02:14:34.033559+00:00,1779934474033,delta,0.984,0.88,0.932,-0.104,0.12,0.016,0.068,-0.104,0.0,0.0
2026-05-28T02:14:34.057713+00:00,1779934474057,delta,0.984,0.88,0.932,-0.104,0.12,0.016,0.068,-0.104,0.0,0.0
2026-05-28T02:14:34.058466+00:00,1779934474058,delta,0.984,0.88,0.932,-0.104,0.12,0.016,0.068,-0.104,0.0,0.0
2026-05-28T02:14:34.059698+00:00,1779934474059,delta,0.984,0.88,0.932,-0.104,0.12,0.016,0.068,-0.104,0.0,0.0
2026-05-28T02:14:34.063355+00:00,1779934474063,delta,0.984,0.88,0.932,-0.104,0.12,0.016,0.068,-0.104,0.0,0.0
2026-05-28T02:14:34.064483+00:00,1779934474064,delta,0.984,0.88,0.932,-0.104,0.12,0.016,0.068,-0.104,0.0,0.0
2026-05-28T02:14:34.084121+00:00,1779934474084,delta,0.984,0.88,0.932,-0.104,0.12,0.016,0.068,-0.104,0.0,0.0
2026-05-28T02:14:34.090957+00:00,1779934474090,delta,0.984,0.88,0.932,-0.104,0.12,0.016,0.068,-0.104,0.0,0.0
2026-05-28T02:14:34.091550+00:00,1779934474091,delta,0.984,0.88,0.932,-0.104,0.12,0.016,0.068,-0.104,0.0,0.0
2026-05-28T02:14:34.092076+00:00,1779934474092,delta,0.984,0.88,0.932,-0.104,0.12,0.016,0.068,-0.104,0.0,0.0
2026-05-28T02:14:34.094319+00:00,1779934474094,delta,0.984,0.88,0.932,-0.104,0.12,0.016,0.068,-0.104,0.0,0.0
2026-05-28T02:14:34.095105+00:00,1779934474095,delta,0.984,0.88,0.932,-0.104,0.12,0.016,0.068,-0.104,0.0,0.0
2026-05-28T02:14:34.116258+00:00,1779934474116,delta,0.984,0.88,0.932,-0.104,0.12,0.016,0.068,-0.104,0.0,0.0
2026-05-28T02:14:34.120039+00:00,1779934474120,delta,0.984,0.88,0.932,-0.104,0.12,0.016,0.068,-0.104,0.0,0.0
2026-05-28T02:14:34.120633+00:00,1779934474120,delta,0.984,0.88,0.932,-0.104,0.12,0.016,0.068,-0.104,0.0,0.0
2026-05-28T02:14:34.121139+00:00,1779934474121,delta,0.984,0.88,0.932,-0.104,0.12,0.016,0.068,-0.104,0.0,0.0
2026-05-28T02:14:34.121598+00:00,1779934474121,delta,0.984,0.88,0.932,-0.104,0.12,0.016,0.068,-0.104,0.0,0.0
2026-05-28T02:14:34.121962+00:00,1779934474121,delta,0.984,0.88,0.932,-0.104,0.12,0.016,0.068,-0.104,0.0,0.0
2026-05-28T02:14:34.122333+00:00,1779934474122,delta,0.984,0.88,0.932,-0.104,0.12,0.016,0.068,-0.104,0.0,0.0
2026-05-28T02:14:34.122695+00:00,1779934474122,delta,0.984,0.88,0.932,-0.104,0.12,0.016,0.068,-0.104,0.0,0.0
2026-05-28T02:14:34.123093+00:00,1779934474123,delta,0.984,0.88,0.932,-0.104,0.12,0.016,0.068,-0.104,0.0,0.0
2026-05-28T02:14:34.123516+00:00,1779934474123,delta,0.984,0.88,0.932,-0.104,0.12,0.016,0.068,-0.104,0.0,0.0
2026-05-28T02:14:34.123914+00:00,1779934474123,delta,0.984,0.88,0.932,-0.104,0.12,0.016,0.068,-0.104,0.0,0.0
2026-05-28T02:14:34.124393+00:00,1779934474124,delta,0.984,0.88,0.932,-0.104,0.12,0.016,0.068,-0.104,0.0,0.0
2026-05-28T02:14:34.124900+00:00,1779934474124,delta,0.984,0.88,0.932,-0.104,0.12,0.016,0.068,-0.104,0.0,0.0
2026-05-28T02:14:34.125285+00:00,1779934474125,delta,0.984,0.88,0.932,-0.104,0.12,0.016,0.068,-0.104,0.0,0.0
2026-05-28T02:14:34.145170+00:00,1779934474145,delta,0.984,0.88,0.932,-0.104,0.12,0.016,0.068,-0.104,0.0,0.0
2026-05-28T02:14:34.145949+00:00,1779934474145,delta,0.984,0.88,0.932,-0.104,0.12,0.016,0.068,-0.104,0.0,0.0
2026-05-28T02:14:34.146526+00:00,1779934474146,delta,0.984,0.88,0.932,-0.104,0.12,0.016,0.068,-0.104,0.0,0.0
2026-05-28T02:14:34.147022+00:00,1779934474147,delta,0.984,0.88,0.932,-0.104,0.12,0.016,0.068,-0.104,0.0,0.0
2026-05-28T02:14:34.147461+00:00,1779934474147,delta,0.984,0.88,0.932,-0.104,0.12,0.016,0.068,-0.104,0.0,0.0
2026-05-28T02:14:34.147983+00:00,1779934474147,delta,0.984,0.88,0.932,-0.104,0.12,0.016,0.068,-0.104,0.0,0.0
2026-05-28T02:14:34.166492+00:00,1779934474166,delta,0.984,0.88,0.932,-0.104,0.12,0.016,0.068,-0.104,0.0,0.0
2026-05-28T02:14:34.167510+00:00,1779934474167,delta,0.984,0.88,0.932,-0.104,0.12,0.016,0.068,-0.104,0.0,0.0
2026-05-28T02:14:34.168307+00:00,1779934474168,delta,0.984,0.88,0.932,-0.104,0.12,0.016,0.068,-0.104,0.0,0.0
2026-05-28T02:14:34.169076+00:00,1779934474169,delta,0.984,0.88,0.932,-0.104,0.12,0.016,0.068,-0.104,0.0,0.0
2026-05-28T02:14:34.170058+00:00,1779934474170,delta,0.984,0.88,0.932,-0.104,0.12,0.016,0.068,-0.104,0.0,0.0
2026-05-28T02:14:34.171390+00:00,1779934474171,delta,0.984,0.88,0.932,-0.104,0.12,0.016,0.068,-0.104,0.0,0.0
2026-05-28T02:14:34.171905+00:00,1779934474171,delta,0.984,0.88,0.932,-0.104,0.12,0.016,0.068,-0.104,0.0,0.0
2026-05-28T02:14:34.172406+00:00,1779934474172,delta,0.984,0.88,0.932,-0.104,0.12,0.016,0.068,-0.104,0.0,0.0
2026-05-28T02:14:34.202655+00:00,1779934474202,delta,0.984,0.88,0.932,-0.104,0.12,0.016,0.068,-0.104,0.0,0.0
2026-05-28T02:14:34.204473+00:00,1779934474204,delta,0.984,0.88,0.932,-0.104,0.12,0.016,0.068,-0.104,0.0,0.0
2026-05-28T02:14:34.205150+00:00,1779934474205,delta,0.984,0.88,0.932,-0.104,0.12,0.016,0.068,-0.104,0.0,0.0
2026-05-28T02:14:34.205635+00:00,1779934474205,delta,0.984,0.88,0.932,-0.104,0.12,0.016,0.068,-0.104,0.0,0.0
2026-05-28T02:14:34.206169+00:00,1779934474206,delta,0.984,0.88,0.932,-0.104,0.12,0.016,0.068,-0.104,0.0,0.0
2026-05-28T02:14:34.206661+00:00,1779934474206,delta,0.984,0.88,0.932,-0.104,0.12,0.016,0.068,-0.104,0.0,0.0
2026-05-28T02:14:34.207131+00:00,1779934474207,delta,0.984,0.88,0.932,-0.104,0.12,0.016,0.068,-0.104,0.0,0.0
2026-05-28T02:14:34.208257+00:00,1779934474208,delta,0.984,0.88,0.932,-0.104,0.12,0.016,0.068,-0.104,0.0,0.0
2026-05-28T02:14:34.208772+00:00,1779934474208,delta,0.984,0.88,0.932,-0.104,0.12,0.016,0.068,-0.104,0.0,0.0
2026-05-28T02:14:34.217910+00:00,1779934474217,delta,0.984,0.88,0.932,-0.104,0.12,0.016,0.068,-0.104,0.0,0.0
2026-05-28T02:14:34.218735+00:00,1779934474218,delta,0.984,0.88,0.932,-0.104,0.12,0.016,0.068,-0.104,0.0,0.0
2026-05-28T02:14:34.221979+00:00,1779934474221,delta,0.984,0.88,0.932,-0.104,0.12,0.016,0.068,-0.104,0.0,0.0
2026-05-28T02:14:34.223609+00:00,1779934474223,delta,0.984,0.88,0.932,-0.104,0.12,0.016,0.068,-0.104,0.0,0.0
2026-05-28T02:14:34.224254+00:00,1779934474224,delta,0.984,0.88,0.932,-0.104,0.12,0.016,0.068,-0.104,0.0,0.0
2026-05-28T02:14:34.224859+00:00,1779934474224,delta,0.984,0.88,0.932,-0.104,0.12,0.016,0.068,-0.104,0.0,0.0
2026-05-28T02:14:34.247119+00:00,1779934474247,delta,0.984,0.88,0.932,-0.104,0.12,0.016,0.068,-0.104,0.0,0.0
2026-05-28T02:14:34.247963+00:00,1779934474247,delta,0.984,0.88,0.932,-0.104,0.12,0.016,0.068,-0.104,0.0,0.0
2026-05-28T02:14:34.248560+00:00,1779934474248,delta,0.984,0.88,0.932,-0.104,0.12,0.016,0.068,-0.104,0.0,0.0
2026-05-28T02:14:34.249036+00:00,1779934474249,delta,0.984,0.88,0.932,-0.104,0.12,0.016,0.068,-0.104,0.0,0.0
2026-05-28T02:14:34.249541+00:00,1779934474249,delta,0.984,0.88,0.932,-0.104,0.12,0.016,0.068,-0.104,0.0,0.0
2026-05-28T02:14:34.250097+00:00,1779934474250,delta,0.984,0.88,0.932,-0.104,0.12,0.016,0.068,-0.104,0.0,0.0
2026-05-28T02:14:34.251242+00:00,1779934474251,delta,0.984,0.88,0.932,-0.104,0.12,0.016,0.068,-0.104,0.0,0.0
2026-05-28T02:14:34.251799+00:00,1779934474251,delta,0.984,0.88,0.932,-0.104,0.12,0.016,0.068,-0.104,0.0,0.0
2026-05-28T02:14:34.268322+00:00,1779934474268,delta,0.984,0.88,0.932,-0.104,0.12,0.016,0.068,-0.104,0.0,0.0
2026-05-28T02:14:34.270419+00:00,1779934474270,delta,0.984,0.88,0.932,-0.104,0.12,0.016,0.068,-0.104,0.0,0.0
2026-05-28T02:14:34.271158+00:00,1779934474271,delta,0.984,0.88,0.932,-0.104,0.12,0.016,0.068,-0.104,0.0,0.0
2026-05-28T02:14:34.271772+00:00,1779934474271,delta,0.984,0.88,0.932,-0.104,0.12,0.016,0.068,-0.104,0.0,0.0
2026-05-28T02:14:34.272316+00:00,1779934474272,delta,0.984,0.88,0.932,-0.104,0.12,0.016,0.068,-0.104,0.0,0.0
2026-05-28T02:14:34.272834+00:00,1779934474272,delta,0.984,0.88,0.932,-0.104,0.12,0.016,0.068,-0.104,0.0,0.0
2026-05-28T02:14:34.273351+00:00,1779934474273,delta,0.984,0.88,0.932,-0.104,0.12,0.016,0.068,-0.104,0.0,0.0
2026-05-28T02:14:34.273910+00:00,1779934474273,delta,0.984,0.88,0.932,-0.104,0.12,0.016,0.068,-0.104,0.0,0.0
2026-05-28T02:14:34.274376+00:00,1779934474274,delta,0.984,0.88,0.932,-0.104,0.12,0.016,0.068,-0.104,0.0,0.0
2026-05-28T02:14:34.274847+00:00,1779934474274,delta,0.984,0.88,0.932,-0.104,0.12,0.016,0.068,-0.104,0.0,0.0
2026-05-28T02:14:34.275375+00:00,1779934474275,delta,0.984,0.88,0.932,-0.104,0.12,0.016,0.068,-0.104,0.0,0.0
2026-05-28T02:14:34.298559+00:00,1779934474298,delta,0.984,0.88,0.932,-0.104,0.12,0.016,0.068,-0.104,0.0,0.0
2026-05-28T02:14:34.299228+00:00,1779934474299,delta,0.984,0.88,0.932,-0.104,0.12,0.016,0.068,-0.104,0.0,0.0
2026-05-28T02:14:34.299777+00:00,1779934474299,delta,0.984,0.88,0.932,-0.104,0.12,0.016,0.068,-0.104,0.0,0.0
2026-05-28T02:14:34.300316+00:00,1779934474300,delta,0.984,0.88,0.932,-0.104,0.12,0.016,0.068,-0.104,0.0,0.0
2026-05-28T02:14:34.333689+00:00,1779934474333,delta,0.984,0.88,0.932,-0.104,0.12,0.016,0.068,-0.104,0.0,0.0
2026-05-28T02:14:34.334693+00:00,1779934474334,delta,0.984,0.88,0.932,-0.104,0.12,0.016,0.068,-0.104,0.0,0.0
2026-05-28T02:14:34.335651+00:00,1779934474335,delta,0.984,0.88,0.932,-0.104,0.12,0.016,0.068,-0.104,0.0,0.0
2026-05-28T02:14:34.337418+00:00,1779934474337,delta,0.984,0.88,0.932,-0.104,0.12,0.016,0.068,-0.104,0.0,0.0
2026-05-28T02:14:34.337942+00:00,1779934474337,delta,0.984,0.88,0.932,-0.104,0.12,0.016,0.068,-0.104,0.0,0.0
2026-05-28T02:14:34.338411+00:00,1779934474338,delta,0.984,0.88,0.932,-0.104,0.12,0.016,0.068,-0.104,0.0,0.0
2026-05-28T02:14:34.338865+00:00,1779934474338,delta,0.984,0.88,0.932,-0.104,0.12,0.016,0.068,-0.104,0.0,0.0
2026-05-28T02:14:34.339404+00:00,1779934474339,delta,0.984,0.88,0.932,-0.104,0.12,0.016,0.068,-0.104,0.0,0.0
2026-05-28T02:14:34.353420+00:00,1779934474353,delta,0.984,0.88,0.932,-0.104,0.12,0.016,0.068,-0.104,0.0,0.0
2026-05-28T02:14:34.355041+00:00,1779934474355,delta,0.984,0.88,0.932,-0.104,0.12,0.016,0.068,-0.104,0.0,0.0
2026-05-28T02:14:34.355674+00:00,1779934474355,delta,0.984,0.88,0.932,-0.104,0.12,0.016,0.068,-0.104,0.0,0.0
2026-05-28T02:14:34.356299+00:00,1779934474356,delta,0.984,0.88,0.932,-0.104,0.12,0.016,0.068,-0.104,0.0,0.0
2026-05-28T02:14:34.356839+00:00,1779934474356,delta,0.984,0.88,0.932,-0.104,0.12,0.016,0.068,-0.104,0.0,0.0
2026-05-28T02:14:34.357346+00:00,1779934474357,delta,0.984,0.88,0.932,-0.104,0.12,0.016,0.068,-0.104,0.0,0.0
2026-05-28T02:14:34.380838+00:00,1779934474380,delta,0.984,0.88,0.932,-0.104,0.12,0.016,0.068,-0.104,0.0,0.0
2026-05-28T02:14:34.381517+00:00,1779934474381,delta,0.984,0.88,0.932,-0.104,0.12,0.016,0.068,-0.104,0.0,0.0
2026-05-28T02:14:34.382109+00:00,1779934474382,delta,0.984,0.88,0.932,-0.104,0.12,0.016,0.068,-0.104,0.0,0.0
2026-05-28T02:14:34.382603+00:00,1779934474382,delta,0.984,0.88,0.932,-0.104,0.12,0.016,0.068,-0.104,0.0,0.0
2026-05-28T02:14:34.417117+00:00,1779934474417,delta,0.984,0.88,0.932,-0.104,0.12,0.016,0.068,-0.104,0.0,0.0
2026-05-28T02:14:34.417996+00:00,1779934474417,delta,0.984,0.88,0.932,-0.104,0.12,0.016,0.068,-0.104,0.0,0.0
2026-05-28T02:14:34.418656+00:00,1779934474418,delta,0.984,0.88,0.932,-0.104,0.12,0.016,0.068,-0.104,0.0,0.0
2026-05-28T02:14:34.419154+00:00,1779934474419,delta,0.984,0.88,0.932,-0.104,0.12,0.016,0.068,-0.104,0.0,0.0
2026-05-28T02:14:34.419624+00:00,1779934474419,delta,0.984,0.88,0.932,-0.104,0.12,0.016,0.068,-0.104,0.0,0.0
2026-05-28T02:14:34.436755+00:00,1779934474436,delta,0.984,0.88,0.932,-0.104,0.12,0.016,0.068,-0.104,0.0,0.0
2026-05-28T02:14:34.438222+00:00,1779934474438,delta,0.984,0.88,0.932,-0.104,0.12,0.016,0.068,-0.104,0.0,0.0
2026-05-28T02:14:34.438746+00:00,1779934474438,delta,0.984,0.88,0.932,-0.104,0.12,0.016,0.068,-0.104,0.0,0.0
2026-05-28T02:14:34.439254+00:00,1779934474439,delta,0.984,0.88,0.932,-0.104,0.12,0.016,0.068,-0.104,0.0,0.0
2026-05-28T02:14:34.439818+00:00,1779934474439,delta,0.984,0.88,0.932,-0.104,0.12,0.016,0.068,-0.104,0.0,0.0
2026-05-28T02:14:34.440426+00:00,1779934474440,delta,0.984,0.88,0.932,-0.104,0.12,0.016,0.068,-0.104,0.0,0.0
2026-05-28T02:14:34.440925+00:00,1779934474440,delta,0.984,0.88,0.932,-0.104,0.12,0.016,0.068,-0.104,0.0,0.0
2026-05-28T02:14:34.441369+00:00,1779934474441,delta,0.984,0.88,0.932,-0.104,0.12,0.016,0.068,-0.104,0.0,0.0
2026-05-28T02:14:34.441850+00:00,1779934474441,delta,0.984,0.88,0.932,-0.104,0.12,0.016,0.068,-0.104,0.0,0.0
2026-05-28T02:14:34.460073+00:00,1779934474460,delta,0.984,0.88,0.932,-0.104,0.12,0.016,0.068,-0.104,0.0,0.0
2026-05-28T02:14:34.490243+00:00,1779934474490,delta,0.984,0.88,0.932,-0.104,0.12,0.016,0.068,-0.104,0.0,0.0
2026-05-28T02:14:34.490992+00:00,1779934474490,delta,0.984,0.88,0.932,-0.104,0.12,0.016,0.068,-0.104,0.0,0.0
2026-05-28T02:14:34.491775+00:00,1779934474491,delta,0.984,0.88,0.932,-0.104,0.12,0.016,0.068,-0.104,0.0,0.0
2026-05-28T02:14:34.492521+00:00,1779934474492,delta,0.984,0.88,0.932,-0.104,0.12,0.016,0.068,-0.104,0.0,0.0
2026-05-28T02:14:34.493180+00:00,1779934474493,delta,0.984,0.88,0.932,-0.104,0.12,0.016,0.068,-0.104,0.0,0.0
2026-05-28T02:14:34.517459+00:00,1779934474517,delta,0.984,0.88,0.932,-0.104,0.12,0.016,0.068,-0.104,0.0,0.0
2026-05-28T02:14:34.518160+00:00,1779934474518,delta,0.984,0.88,0.932,-0.104,0.12,0.016,0.068,-0.104,0.0,0.0
2026-05-28T02:14:34.539710+00:00,1779934474539,delta,0.984,0.88,0.932,-0.104,0.12,0.016,0.068,-0.104,0.0,0.0
2026-05-28T02:14:34.540871+00:00,1779934474540,delta,0.984,0.88,0.932,-0.104,0.12,0.016,0.068,-0.104,0.0,0.0
2026-05-28T02:14:34.591745+00:00,1779934474591,delta,0.984,0.88,0.932,-0.104,0.12,0.016,0.068,-0.104,0.0,0.0
2026-05-28T02:14:34.765941+00:00,1779934474765,delta,0.984,0.88,0.932,-0.104,0.12,0.016,0.068,-0.104,0.0,0.0
2026-05-28T02:14:34.766535+00:00,1779934474766,delta,0.984,0.88,0.932,-0.104,0.12,0.016,0.068,-0.104,0.0,0.0
2026-05-28T02:14:34.767077+00:00,1779934474767,delta,0.984,0.88,0.932,-0.104,0.12,0.016,0.068,-0.104,0.0,0.0
2026-05-28T02:14:34.768141+00:00,1779934474768,delta,0.984,0.88,0.932,-0.104,0.12,0.016,0.068,-0.104,0.0,0.0
2026-05-28T02:14:34.795783+00:00,1779934474795,delta,0.984,0.88,0.932,-0.104,0.12,0.016,0.068,-0.104,0.0,0.0
2026-05-28T02:14:34.843180+00:00,1779934474843,delta,0.984,0.88,0.932,-0.104,0.12,0.016,0.068,-0.104,0.0,0.0
2026-05-28T02:14:34.872376+00:00,1779934474872,delta,0.984,0.88,0.932,-0.104,0.12,0.016,0.068,-0.104,0.0,0.0
2026-05-28T02:14:34.893087+00:00,1779934474893,delta,0.984,0.88,0.932,-0.104,0.12,0.016,0.068,-0.104,0.0,0.0
2026-05-28T02:14:34.893867+00:00,1779934474893,delta,0.984,0.88,0.932,-0.104,0.12,0.016,0.068,-0.104,0.0,0.0
2026-05-28T02:14:34.894634+00:00,1779934474894,delta,0.984,0.88,0.932,-0.104,0.12,0.016,0.068,-0.104,0.0,0.0
2026-05-28T02:14:34.950835+00:00,1779934474950,delta,0.984,0.88,0.932,-0.104,0.12,0.016,0.068,-0.104,0.0,0.0
2026-05-28T02:14:34.978892+00:00,1779934474978,delta,0.984,0.88,0.932,-0.104,0.12,0.016,0.068,-0.104,0.0,0.0
2026-05-28T02:14:35.008091+00:00,1779934475008,delta,0.984,0.88,0.932,-0.104,0.12,0.016,0.068,-0.104,0.0,0.0
2026-05-28T02:14:35.008832+00:00,1779934475008,delta,0.984,0.88,0.932,-0.104,0.12,0.016,0.068,-0.104,0.0,0.0
2026-05-28T02:14:35.036471+00:00,1779934475036,delta,0.984,0.88,0.932,-0.104,0.12,0.016,0.068,-0.104,0.0,0.0
2026-05-28T02:14:35.038315+00:00,1779934475038,delta,0.984,0.88,0.932,-0.104,0.12,0.016,0.068,-0.104,0.0,0.0
2026-05-28T02:14:35.039102+00:00,1779934475039,delta,0.984,0.88,0.932,-0.104,0.12,0.016,0.068,-0.104,0.0,0.0
2026-05-28T02:14:35.041885+00:00,1779934475041,delta,0.984,0.88,0.932,-0.104,0.12,0.016,0.068,-0.104,0.0,0.0
2026-05-28T02:14:35.066938+00:00,1779934475066,delta,0.984,0.88,0.932,-0.104,0.12,0.016,0.068,-0.104,0.0,0.0
2026-05-28T02:14:35.092195+00:00,1779934475092,delta,0.984,0.88,0.932,-0.104,0.12,0.016,0.068,-0.104,0.0,0.0
2026-05-28T02:14:35.094187+00:00,1779934475094,delta,0.984,0.88,0.932,-0.104,0.12,0.016,0.068,-0.104,0.0,0.0
2026-05-28T02:14:35.095234+00:00,1779934475095,delta,0.984,0.88,0.932,-0.104,0.12,0.016,0.068,-0.104,0.0,0.0
2026-05-28T02:14:35.096133+00:00,1779934475096,delta,0.984,0.88,0.932,-0.104,0.12,0.016,0.068,-0.104,0.0,0.0
2026-05-28T02:14:35.096867+00:00,1779934475096,delta,0.984,0.88,0.932,-0.104,0.12,0.016,0.068,-0.104,0.0,0.0
2026-05-28T02:14:35.124398+00:00,1779934475124,delta,0.984,0.88,0.932,-0.104,0.12,0.016,0.068,-0.104,0.0,0.0
2026-05-28T02:14:35.131370+00:00,1779934475131,delta,0.984,0.88,0.932,-0.104,0.12,0.016,0.068,-0.104,0.0,0.0
2026-05-28T02:14:35.132480+00:00,1779934475132,delta,0.984,0.88,0.932,-0.104,0.12,0.016,0.068,-0.104,0.0,0.0
2026-05-28T02:14:35.155770+00:00,1779934475155,delta,0.984,0.88,0.932,-0.104,0.12,0.016,0.068,-0.104,0.0,0.0
2026-05-28T02:14:35.156421+00:00,1779934475156,delta,0.984,0.88,0.932,-0.104,0.12,0.016,0.068,-0.104,0.0,0.0
2026-05-28T02:14:35.156986+00:00,1779934475156,delta,0.984,0.88,0.932,-0.104,0.12,0.016,0.068,-0.104,0.0,0.0
2026-05-28T02:14:35.157469+00:00,1779934475157,delta,0.984,0.88,0.932,-0.104,0.12,0.016,0.068,-0.104,0.0,0.0
2026-05-28T02:14:35.186615+00:00,1779934475186,delta,0.984,0.88,0.932,-0.104,0.12,0.016,0.068,-0.104,0.0,0.0
2026-05-28T02:14:35.192979+00:00,1779934475192,delta,0.984,0.88,0.932,-0.104,0.12,0.016,0.068,-0.104,0.0,0.0
2026-05-28T02:14:35.210318+00:00,1779934475210,delta,0.984,0.88,0.932,-0.104,0.12,0.016,0.068,-0.104,0.0,0.0
2026-05-28T02:14:35.210984+00:00,1779934475210,delta,0.984,0.88,0.932,-0.104,0.12,0.016,0.068,-0.104,0.0,0.0
2026-05-28T02:14:35.211597+00:00,1779934475211,delta,0.984,0.88,0.932,-0.104,0.12,0.016,0.068,-0.104,0.0,0.0
2026-05-28T02:14:35.212114+00:00,1779934475212,delta,0.984,0.88,0.932,-0.104,0.12,0.016,0.068,-0.104,0.0,0.0
2026-05-28T02:14:35.212517+00:00,1779934475212,delta,0.984,0.88,0.932,-0.104,0.12,0.016,0.068,-0.104,0.0,0.0
2026-05-28T02:14:35.212965+00:00,1779934475212,delta,0.984,0.88,0.932,-0.104,0.12,0.016,0.068,-0.104,0.0,0.0
2026-05-28T02:14:35.213366+00:00,1779934475213,delta,0.984,0.88,0.932,-0.104,0.12,0.016,0.068,-0.104,0.0,0.0
2026-05-28T02:14:35.213773+00:00,1779934475213,delta,0.984,0.88,0.932,-0.104,0.12,0.016,0.068,-0.104,0.0,0.0
2026-05-28T02:14:35.240737+00:00,1779934475240,delta,0.984,0.88,0.932,-0.104,0.12,0.016,0.068,-0.104,0.0,0.0
2026-05-28T02:14:35.241422+00:00,1779934475241,delta,0.984,0.88,0.932,-0.104,0.12,0.016,0.068,-0.104,0.0,0.0
2026-05-28T02:14:35.241981+00:00,1779934475241,delta,0.984,0.88,0.932,-0.104,0.12,0.016,0.068,-0.104,0.0,0.0
2026-05-28T02:14:35.242475+00:00,1779934475242,delta,0.984,0.88,0.932,-0.104,0.12,0.016,0.068,-0.104,0.0,0.0
2026-05-28T02:14:35.242889+00:00,1779934475242,delta,0.984,0.88,0.932,-0.104,0.12,0.016,0.068,-0.104,0.0,0.0
2026-05-28T02:14:35.245534+00:00,1779934475245,delta,0.984,0.88,0.932,-0.104,0.12,0.016,0.068,-0.104,0.0,0.0
2026-05-28T02:14:35.246485+00:00,1779934475246,delta,0.984,0.88,0.932,-0.104,0.12,0.016,0.068,-0.104,0.0,0.0
2026-05-28T02:14:35.271797+00:00,1779934475271,delta,0.984,0.88,0.932,-0.104,0.12,0.016,0.068,-0.104,0.0,0.0
2026-05-28T02:14:35.272409+00:00,1779934475272,delta,0.984,0.88,0.932,-0.104,0.12,0.016,0.068,-0.104,0.0,0.0
2026-05-28T02:14:35.272970+00:00,1779934475272,delta,0.984,0.88,0.932,-0.104,0.12,0.016,0.068,-0.104,0.0,0.0
2026-05-28T02:14:35.281418+00:00,1779934475281,delta,0.984,0.88,0.932,-0.104,0.12,0.016,0.068,-0.104,0.0,0.0
2026-05-28T02:14:35.282879+00:00,1779934475282,delta,0.984,0.88,0.932,-0.104,0.12,0.016,0.068,-0.104,0.0,0.0
2026-05-28T02:14:35.283492+00:00,1779934475283,delta,0.984,0.88,0.932,-0.104,0.12,0.016,0.068,-0.104,0.0,0.0
2026-05-28T02:14:35.284141+00:00,1779934475284,delta,0.984,0.88,0.932,-0.104,0.12,0.016,0.068,-0.104,0.0,0.0
2026-05-28T02:14:35.306174+00:00,1779934475306,delta,0.984,0.88,0.932,-0.104,0.12,0.016,0.068,-0.104,0.0,0.0
2026-05-28T02:14:35.306844+00:00,1779934475306,delta,0.984,0.88,0.932,-0.104,0.12,0.016,0.068,-0.104,0.0,0.0
2026-05-28T02:14:35.307391+00:00,1779934475307,delta,0.984,0.88,0.932,-0.104,0.12,0.016,0.068,-0.104,0.0,0.0
2026-05-28T02:14:35.307784+00:00,1779934475307,delta,0.984,0.88,0.932,-0.104,0.12,0.016,0.068,-0.104,0.0,0.0
2026-05-28T02:14:35.329384+00:00,1779934475329,delta,0.984,0.88,0.932,-0.104,0.12,0.016,0.068,-0.104,0.0,0.0
2026-05-28T02:14:35.330099+00:00,1779934475330,delta,0.984,0.88,0.932,-0.104,0.12,0.016,0.068,-0.104,0.0,0.0
2026-05-28T02:14:35.330693+00:00,1779934475330,delta,0.984,0.88,0.932,-0.104,0.12,0.016,0.068,-0.104,0.0,0.0
2026-05-28T02:14:35.335596+00:00,1779934475335,delta,0.984,0.88,0.932,-0.104,0.12,0.016,0.068,-0.104,10.0,0.0
2026-05-28T02:14:35.337306+00:00,1779934475337,delta,0.984,0.88,0.932,-0.104,0.12,0.016,0.068,-0.104,10.0,0.0
2026-05-28T02:14:35.337875+00:00,1779934475337,delta,0.984,0.88,0.932,-0.104,0.12,0.016,0.068,-0.104,10.0,0.0
2026-05-28T02:14:35.338358+00:00,1779934475338,delta,0.984,0.88,0.932,-0.104,0.12,0.016,0.068,-0.104,10.0,0.0
2026-05-28T02:14:35.338870+00:00,1779934475338,delta,0.984,0.88,0.932,-0.104,0.12,0.016,0.068,-0.104,10.0,0.0
2026-05-28T02:14:35.339329+00:00,1779934475339,delta,0.984,0.88,0.932,-0.104,0.12,0.016,0.068,-0.104,10.0,0.0
2026-05-28T02:14:35.339796+00:00,1779934475339,delta,0.984,0.88,0.932,-0.104,0.12,0.016,0.068,-0.104,10.0,0.0
2026-05-28T02:14:35.340195+00:00,1779934475340,delta,0.984,0.88,0.932,-0.104,0.12,0.016,0.068,-0.104,10.0,0.0
2026-05-28T02:14:35.340632+00:00,1779934475340,delta,0.984,0.88,0.932,-0.104,0.12,0.016,0.068,-0.104,10.0,0.0
2026-05-28T02:14:35.341016+00:00,1779934475341,delta,0.984,0.88,0.932,-0.104,0.12,0.016,0.068,-0.104,10.0,0.0
2026-05-28T02:14:35.341446+00:00,1779934475341,delta,0.984,0.88,0.932,-0.104,0.12,0.016,0.068,-0.104,10.0,0.0
2026-05-28T02:14:35.341833+00:00,1779934475341,delta,0.984,0.88,0.932,-0.104,0.12,0.016,0.068,-0.104,10.0,0.0
2026-05-28T02:14:35.342213+00:00,1779934475342,delta,0.984,0.88,0.932,-0.104,0.12,0.016,0.068,-0.104,10.0,0.0
2026-05-28T02:14:35.342596+00:00,1779934475342,delta,0.984,0.88,0.932,-0.104,0.12,0.016,0.068,-0.104,10.0,0.0
2026-05-28T02:14:35.343093+00:00,1779934475343,delta,0.984,0.88,0.932,-0.104,0.12,0.016,0.068,-0.104,10.0,0.0
2026-05-28T02:14:35.343607+00:00,1779934475343,delta,0.984,0.88,0.932,-0.104,0.12,0.016,0.068,-0.104,10.0,0.0
2026-05-28T02:14:35.343984+00:00,1779934475343,delta,0.984,0.88,0.932,-0.104,0.12,0.016,0.068,-0.104,10.0,0.0
2026-05-28T02:14:35.344332+00:00,1779934475344,delta,0.984,0.88,0.932,-0.104,0.12,0.016,0.068,-0.104,10.0,0.0
2026-05-28T02:14:35.344671+00:00,1779934475344,delta,0.984,0.88,0.932,-0.104,0.12,0.016,0.068,-0.104,10.0,0.0
2026-05-28T02:14:35.345017+00:00,1779934475345,delta,0.984,0.88,0.932,-0.104,0.12,0.016,0.068,-0.104,10.0,0.0
2026-05-28T02:14:35.345380+00:00,1779934475345,delta,0.984,0.88,0.932,-0.104,0.12,0.016,0.068,-0.104,10.0,0.0
2026-05-28T02:14:35.345713+00:00,1779934475345,delta,0.984,0.88,0.932,-0.104,0.12,0.016,0.068,-0.104,10.0,0.0
2026-05-28T02:14:35.346081+00:00,1779934475346,delta,0.984,0.88,0.932,-0.104,0.12,0.016,0.068,-0.104,10.0,0.0
2026-05-28T02:14:35.346452+00:00,1779934475346,delta,0.984,0.88,0.932,-0.104,0.12,0.016,0.068,-0.104,10.0,0.0
2026-05-28T02:14:35.346786+00:00,1779934475346,delta,0.984,0.88,0.932,-0.104,0.12,0.016,0.068,-0.104,10.0,0.0
2026-05-28T02:14:35.347127+00:00,1779934475347,delta,0.984,0.88,0.932,-0.104,0.12,0.016,0.068,-0.104,10.0,0.0
2026-05-28T02:14:35.347488+00:00,1779934475347,delta,0.984,0.88,0.932,-0.104,0.12,0.016,0.068,-0.104,30.0,0.0
2026-05-28T02:14:35.358998+00:00,1779934475358,delta,0.984,0.88,0.932,-0.104,0.12,0.016,0.068,-0.104,30.0,0.0
2026-05-28T02:14:35.360659+00:00,1779934475360,delta,0.987,0.88,0.9335,-0.107,0.12,0.013,0.0665,-0.107,185.0,0.0
2026-05-28T02:14:35.361128+00:00,1779934475361,delta,0.987,0.88,0.9335,-0.107,0.12,0.013,0.0665,-0.107,350.0,0.0
2026-05-28T02:14:35.361620+00:00,1779934475361,delta,0.989,0.88,0.9345,-0.109,0.12,0.011,0.0655,-0.109,525.0,0.0
2026-05-28T02:14:35.362104+00:00,1779934475362,delta,0.989,0.88,0.9345,-0.109,0.12,0.011,0.0655,-0.109,525.0,0.0
2026-05-28T02:14:35.362517+00:00,1779934475362,delta,0.989,0.88,0.9345,-0.109,0.12,0.011,0.0655,-0.109,525.0,0.0
2026-05-28T02:14:35.362978+00:00,1779934475362,delta,0.989,0.88,0.9345,-0.109,0.12,0.011,0.0655,-0.109,525.0,0.0
2026-05-28T02:14:35.363404+00:00,1779934475363,delta,0.989,0.88,0.9345,-0.109,0.12,0.011,0.0655,-0.109,525.0,0.0
2026-05-28T02:14:35.363868+00:00,1779934475363,delta,0.989,0.88,0.9345,-0.109,0.12,0.011,0.0655,-0.109,525.0,0.0
2026-05-28T02:14:35.387103+00:00,1779934475387,delta,0.989,0.88,0.9345,-0.109,0.12,0.011,0.0655,-0.109,525.0,0.0
2026-05-28T02:14:35.387772+00:00,1779934475387,delta,0.989,0.88,0.9345,-0.109,0.12,0.011,0.0655,-0.109,525.0,0.0
2026-05-28T02:14:35.388299+00:00,1779934475388,delta,0.989,0.88,0.9345,-0.109,0.12,0.011,0.0655,-0.109,525.0,0.0
2026-05-28T02:14:35.388852+00:00,1779934475388,delta,0.989,0.88,0.9345,-0.109,0.12,0.011,0.0655,-0.109,525.0,0.0
2026-05-28T02:14:35.417033+00:00,1779934475417,delta,0.989,0.88,0.9345,-0.109,0.12,0.011,0.0655,-0.109,576.07,0.0
2026-05-28T02:14:35.417979+00:00,1779934475417,delta,0.989,0.88,0.9345,-0.109,0.12,0.011,0.0655,-0.109,576.07,0.0
2026-05-28T02:14:35.418697+00:00,1779934475418,delta,0.989,0.88,0.9345,-0.109,0.12,0.011,0.0655,-0.109,576.07,0.0
2026-05-28T02:14:35.419443+00:00,1779934475419,delta,0.989,0.88,0.9345,-0.109,0.12,0.011,0.0655,-0.109,586.07,0.0
2026-05-28T02:14:35.440735+00:00,1779934475440,delta,0.989,0.88,0.9345,-0.109,0.12,0.011,0.0655,-0.109,411.07,0.0
2026-05-28T02:14:35.441391+00:00,1779934475441,delta,0.987,0.88,0.9335,-0.107,0.12,0.013,0.0665,-0.107,401.07,0.0
2026-05-28T02:14:35.441915+00:00,1779934475441,delta,0.985,0.88,0.9325,-0.105,0.12,0.015,0.0675,-0.105,401.07,0.0
2026-05-28T02:14:35.442434+00:00,1779934475442,delta,0.985,0.88,0.9325,-0.105,0.12,0.015,0.0675,-0.105,226.07,0.0
2026-05-28T02:14:35.442928+00:00,1779934475442,delta,0.984,0.88,0.932,-0.104,0.12,0.016,0.068,-0.104,350.0,0.0
2026-05-28T02:14:35.443381+00:00,1779934475443,delta,0.984,0.88,0.932,-0.104,0.12,0.016,0.068,-0.104,330.15,0.0
2026-05-28T02:14:35.443828+00:00,1779934475443,delta,0.984,0.88,0.932,-0.104,0.12,0.016,0.068,-0.104,330.15,0.0
2026-05-28T02:14:35.444251+00:00,1779934475444,delta,0.989,0.88,0.9345,-0.109,0.12,0.011,0.0655,-0.109,205.15,0.0
2026-05-28T02:14:35.469846+00:00,1779934475469,delta,0.989,0.88,0.9345,-0.109,0.12,0.011,0.0655,-0.109,225.0,0.0
2026-05-28T02:14:35.470551+00:00,1779934475470,delta,0.989,0.88,0.9345,-0.109,0.12,0.011,0.0655,-0.109,204.38,0.0
2026-05-28T02:14:35.496512+00:00,1779934475496,delta,0.989,0.88,0.9345,-0.109,0.12,0.011,0.0655,-0.109,252.05,0.0
2026-05-28T02:14:35.580614+00:00,1779934475580,delta,0.984,0.88,0.932,-0.104,0.12,0.016,0.068,-0.104,242.67,0.0
2026-05-28T02:14:35.581544+00:00,1779934475581,delta,0.984,0.88,0.932,-0.104,0.12,0.016,0.068,-0.104,242.67,0.0
2026-05-28T02:14:35.582310+00:00,1779934475582,delta,0.984,0.88,0.932,-0.104,0.12,0.016,0.068,-0.104,195.0,0.0
2026-05-28T02:14:35.582983+00:00,1779934475582,delta,0.984,0.88,0.932,-0.104,0.12,0.016,0.068,-0.104,195.0,0.0
2026-05-28T02:14:35.583657+00:00,1779934475583,delta,0.984,0.88,0.932,-0.104,0.12,0.016,0.068,-0.104,195.0,0.0
2026-05-28T02:14:35.584426+00:00,1779934475584,delta,0.984,0.88,0.932,-0.104,0.12,0.016,0.068,-0.104,148.21,0.0
2026-05-28T02:14:35.585040+00:00,1779934475585,delta,0.984,0.88,0.932,-0.104,0.12,0.016,0.068,-0.104,148.21,0.0
2026-05-28T02:14:35.585679+00:00,1779934475585,delta,0.984,0.88,0.932,-0.104,0.12,0.016,0.068,-0.104,148.21,0.0
2026-05-28T02:14:35.586853+00:00,1779934475586,delta,0.984,0.88,0.932,-0.104,0.12,0.016,0.068,-0.104,148.21,0.0
2026-05-28T02:14:35.587319+00:00,1779934475587,delta,0.984,0.88,0.932,-0.104,0.12,0.016,0.068,-0.104,148.21,0.0
2026-05-28T02:14:35.587739+00:00,1779934475587,delta,0.984,0.88,0.932,-0.104,0.12,0.016,0.068,-0.104,195.0,0.0
2026-05-28T02:14:35.588130+00:00,1779934475588,delta,0.984,0.88,0.932,-0.104,0.12,0.016,0.068,-0.104,175.0,0.0
2026-05-28T02:14:35.588509+00:00,1779934475588,delta,0.984,0.88,0.932,-0.104,0.12,0.016,0.068,-0.104,155.36,0.0
2026-05-28T02:14:35.588932+00:00,1779934475588,delta,0.984,0.88,0.932,-0.104,0.12,0.016,0.068,-0.104,155.36,0.0
2026-05-28T02:14:35.589423+00:00,1779934475589,delta,0.984,0.88,0.932,-0.104,0.12,0.016,0.068,-0.104,0.0,0.0
2026-05-28T02:14:35.589819+00:00,1779934475589,delta,0.984,0.88,0.932,-0.104,0.12,0.016,0.068,-0.104,0.0,0.0
2026-05-28T02:14:35.603118+00:00,1779934475603,delta,0.984,0.88,0.932,-0.104,0.12,0.016,0.068,-0.104,0.0,0.0
2026-05-28T02:14:35.603829+00:00,1779934475603,delta,0.984,0.88,0.932,-0.104,0.12,0.016,0.068,-0.104,0.0,0.0
2026-05-28T02:14:35.604459+00:00,1779934475604,delta,0.984,0.88,0.932,-0.104,0.12,0.016,0.068,-0.104,38.53,0.0
2026-05-28T02:14:35.609764+00:00,1779934475609,delta,0.984,0.88,0.932,-0.104,0.12,0.016,0.068,-0.104,38.53,0.0
2026-05-28T02:14:35.610480+00:00,1779934475610,delta,0.984,0.88,0.932,-0.104,0.12,0.016,0.068,-0.104,38.53,0.0
2026-05-28T02:14:35.611309+00:00,1779934475611,delta,0.984,0.88,0.932,-0.104,0.12,0.016,0.068,-0.104,38.53,0.0
2026-05-28T02:14:35.630343+00:00,1779934475630,delta,0.984,0.88,0.932,-0.104,0.12,0.016,0.068,-0.104,38.53,0.0
2026-05-28T02:14:35.631009+00:00,1779934475631,delta,0.984,0.88,0.932,-0.104,0.12,0.016,0.068,-0.104,88.53,0.0
2026-05-28T02:14:35.631627+00:00,1779934475631,delta,0.984,0.88,0.932,-0.104,0.12,0.016,0.068,-0.104,88.53,0.0
2026-05-28T02:14:35.632155+00:00,1779934475632,delta,0.984,0.88,0.932,-0.104,0.12,0.016,0.068,-0.104,88.53,0.0
2026-05-28T02:14:35.633327+00:00,1779934475633,delta,0.984,0.88,0.932,-0.104,0.12,0.016,0.068,-0.104,50.0,0.0
2026-05-28T02:14:35.657681+00:00,1779934475657,delta,0.984,0.88,0.932,-0.104,0.12,0.016,0.068,-0.104,50.0,0.0
2026-05-28T02:14:35.658406+00:00,1779934475658,delta,0.984,0.88,0.932,-0.104,0.12,0.016,0.068,-0.104,50.0,0.0
2026-05-28T02:14:35.658910+00:00,1779934475658,delta,0.984,0.88,0.932,-0.104,0.12,0.016,0.068,-0.104,50.0,0.0
2026-05-28T02:14:35.659347+00:00,1779934475659,delta,0.984,0.88,0.932,-0.104,0.12,0.016,0.068,-0.104,50.0,0.0
2026-05-28T02:14:35.659755+00:00,1779934475659,delta,0.984,0.88,0.932,-0.104,0.12,0.016,0.068,-0.104,50.0,0.0
2026-05-28T02:14:35.660151+00:00,1779934475660,delta,0.984,0.88,0.932,-0.104,0.12,0.016,0.068,-0.104,50.0,0.0
2026-05-28T02:14:35.660523+00:00,1779934475660,delta,0.984,0.88,0.932,-0.104,0.12,0.016,0.068,-0.104,50.0,0.0
2026-05-28T02:14:35.660958+00:00,1779934475660,delta,0.984,0.88,0.932,-0.104,0.12,0.016,0.068,-0.104,50.0,0.0
2026-05-28T02:14:35.662054+00:00,1779934475662,delta,0.984,0.88,0.932,-0.104,0.12,0.016,0.068,-0.104,50.0,0.0
2026-05-28T02:14:35.686519+00:00,1779934475686,delta,0.984,0.88,0.932,-0.104,0.12,0.016,0.068,-0.104,50.0,0.0
2026-05-28T02:14:35.687214+00:00,1779934475687,delta,0.984,0.88,0.932,-0.104,0.12,0.016,0.068,-0.104,50.0,0.0
2026-05-28T02:14:35.688744+00:00,1779934475688,delta,0.984,0.88,0.932,-0.104,0.12,0.016,0.068,-0.104,50.0,0.0
2026-05-28T02:14:35.689286+00:00,1779934475689,delta,0.984,0.88,0.932,-0.104,0.12,0.016,0.068,-0.104,50.0,0.0
2026-05-28T02:14:35.718622+00:00,1779934475718,delta,0.984,0.88,0.932,-0.104,0.12,0.016,0.068,-0.104,0.0,0.0
2026-05-28T02:14:35.719291+00:00,1779934475719,delta,0.984,0.88,0.932,-0.104,0.12,0.016,0.068,-0.104,0.0,0.0
2026-05-28T02:14:35.719857+00:00,1779934475719,delta,0.984,0.88,0.932,-0.104,0.12,0.016,0.068,-0.104,0.0,0.0
2026-05-28T02:14:35.720254+00:00,1779934475720,delta,0.984,0.88,0.932,-0.104,0.12,0.016,0.068,-0.104,0.0,0.0
2026-05-28T02:14:35.720672+00:00,1779934475720,delta,0.984,0.88,0.932,-0.104,0.12,0.016,0.068,-0.104,0.0,0.0
2026-05-28T02:14:35.741587+00:00,1779934475741,delta,0.984,0.88,0.932,-0.104,0.12,0.016,0.068,-0.104,0.0,0.0
2026-05-28T02:14:35.743251+00:00,1779934475743,delta,0.984,0.88,0.932,-0.104,0.12,0.016,0.068,-0.104,0.0,0.0
2026-05-28T02:14:35.743828+00:00,1779934475743,delta,0.984,0.88,0.932,-0.104,0.12,0.016,0.068,-0.104,0.0,0.0
2026-05-28T02:14:35.744923+00:00,1779934475744,delta,0.984,0.88,0.932,-0.104,0.12,0.016,0.068,-0.104,50.0,0.0
2026-05-28T02:14:35.766696+00:00,1779934475766,delta,0.984,0.88,0.932,-0.104,0.12,0.016,0.068,-0.104,50.0,0.0
2026-05-28T02:14:35.767605+00:00,1779934475767,delta,0.984,0.88,0.932,-0.104,0.12,0.016,0.068,-0.104,40.0,0.0
2026-05-28T02:14:35.768681+00:00,1779934475768,delta,0.984,0.88,0.932,-0.104,0.12,0.016,0.068,-0.104,0.0,0.0
2026-05-28T02:14:35.769996+00:00,1779934475769,delta,0.984,0.88,0.932,-0.104,0.12,0.016,0.068,-0.104,0.0,0.0
2026-05-28T02:14:35.770454+00:00,1779934475770,delta,0.984,0.88,0.932,-0.104,0.12,0.016,0.068,-0.104,0.0,0.0
2026-05-28T02:14:35.792177+00:00,1779934475792,delta,0.984,0.88,0.932,-0.104,0.12,0.016,0.068,-0.104,0.0,0.0
2026-05-28T02:14:35.792825+00:00,1779934475792,delta,0.984,0.88,0.932,-0.104,0.12,0.016,0.068,-0.104,0.0,0.0
2026-05-28T02:14:35.793663+00:00,1779934475793,delta,0.984,0.88,0.932,-0.104,0.12,0.016,0.068,-0.104,0.0,0.0
2026-05-28T02:14:35.794466+00:00,1779934475794,delta,0.984,0.88,0.932,-0.104,0.12,0.016,0.068,-0.104,0.0,0.0
2026-05-28T02:14:35.795021+00:00,1779934475795,delta,0.984,0.88,0.932,-0.104,0.12,0.016,0.068,-0.104,0.0,0.0
2026-05-28T02:14:35.795564+00:00,1779934475795,delta,0.984,0.88,0.932,-0.104,0.12,0.016,0.068,-0.104,0.0,0.0
2026-05-28T02:14:35.796006+00:00,1779934475796,delta,0.984,0.88,0.932,-0.104,0.12,0.016,0.068,-0.104,0.0,0.0
2026-05-28T02:14:35.824085+00:00,1779934475824,delta,0.984,0.88,0.932,-0.104,0.12,0.016,0.068,-0.104,0.0,0.0
2026-05-28T02:14:35.824931+00:00,1779934475824,delta,0.984,0.88,0.932,-0.104,0.12,0.016,0.068,-0.104,0.0,0.0
2026-05-28T02:14:35.825835+00:00,1779934475825,delta,0.984,0.88,0.932,-0.104,0.12,0.016,0.068,-0.104,0.0,0.0
2026-05-28T02:14:35.826487+00:00,1779934475826,delta,0.984,0.88,0.932,-0.104,0.12,0.016,0.068,-0.104,0.0,0.0
2026-05-28T02:14:35.827095+00:00,1779934475827,delta,0.984,0.88,0.932,-0.104,0.12,0.016,0.068,-0.104,0.0,0.0
2026-05-28T02:14:35.827509+00:00,1779934475827,delta,0.984,0.88,0.932,-0.104,0.12,0.016,0.068,-0.104,0.0,0.0
2026-05-28T02:14:35.852704+00:00,1779934475852,delta,0.984,0.88,0.932,-0.104,0.12,0.016,0.068,-0.104,0.0,0.0
2026-05-28T02:14:35.853720+00:00,1779934475853,delta,0.984,0.88,0.932,-0.104,0.12,0.016,0.068,-0.104,0.0,0.0
2026-05-28T02:14:35.854545+00:00,1779934475854,delta,0.984,0.88,0.932,-0.104,0.12,0.016,0.068,-0.104,0.0,0.0
2026-05-28T02:14:35.855136+00:00,1779934475855,delta,0.984,0.88,0.932,-0.104,0.12,0.016,0.068,-0.104,0.0,0.0
2026-05-28T02:14:35.855953+00:00,1779934475855,delta,0.984,0.88,0.932,-0.104,0.12,0.016,0.068,-0.104,0.0,0.0
2026-05-28T02:14:35.856547+00:00,1779934475856,delta,0.984,0.88,0.932,-0.104,0.12,0.016,0.068,-0.104,0.0,0.0
2026-05-28T02:14:35.857062+00:00,1779934475857,delta,0.984,0.88,0.932,-0.104,0.12,0.016,0.068,-0.104,50.0,0.0
2026-05-28T02:14:35.881137+00:00,1779934475881,delta,0.984,0.88,0.932,-0.104,0.12,0.016,0.068,-0.104,50.0,0.0
2026-05-28T02:14:35.881899+00:00,1779934475881,delta,0.984,0.88,0.932,-0.104,0.12,0.016,0.068,-0.104,50.0,0.0
2026-05-28T02:14:35.882403+00:00,1779934475882,delta,0.984,0.88,0.932,-0.104,0.12,0.016,0.068,-0.104,50.0,0.0
2026-05-28T02:14:35.882925+00:00,1779934475882,delta,0.984,0.88,0.932,-0.104,0.12,0.016,0.068,-0.104,50.0,0.0
2026-05-28T02:14:35.907314+00:00,1779934475907,delta,0.984,0.88,0.932,-0.104,0.12,0.016,0.068,-0.104,50.0,0.0
2026-05-28T02:14:35.908164+00:00,1779934475908,delta,0.984,0.88,0.932,-0.104,0.12,0.016,0.068,-0.104,50.0,0.0
2026-05-28T02:14:35.908844+00:00,1779934475908,delta,0.984,0.88,0.932,-0.104,0.12,0.016,0.068,-0.104,50.0,0.0
2026-05-28T02:14:35.909387+00:00,1779934475909,delta,0.984,0.88,0.932,-0.104,0.12,0.016,0.068,-0.104,50.0,0.0
2026-05-28T02:14:35.909897+00:00,1779934475909,delta,0.984,0.88,0.932,-0.104,0.12,0.016,0.068,-0.104,50.0,0.0
2026-05-28T02:14:35.910409+00:00,1779934475910,delta,0.984,0.88,0.932,-0.104,0.12,0.016,0.068,-0.104,250.0,0.0
2026-05-28T02:14:35.933656+00:00,1779934475933,delta,0.984,0.88,0.932,-0.104,0.12,0.016,0.068,-0.104,250.0,0.0
2026-05-28T02:14:35.934777+00:00,1779934475934,delta,0.984,0.88,0.932,-0.104,0.12,0.016,0.068,-0.104,250.0,0.0
2026-05-28T02:14:35.935911+00:00,1779934475935,delta,0.984,0.88,0.932,-0.104,0.12,0.016,0.068,-0.104,250.0,0.0
2026-05-28T02:14:35.937336+00:00,1779934475937,delta,0.984,0.88,0.932,-0.104,0.12,0.016,0.068,-0.104,200.0,0.0
2026-05-28T02:14:35.937994+00:00,1779934475937,delta,0.984,0.88,0.932,-0.104,0.12,0.016,0.068,-0.104,180.04,0.0
2026-05-28T02:14:35.938637+00:00,1779934475938,delta,0.984,0.88,0.932,-0.104,0.12,0.016,0.068,-0.104,180.04,0.0
2026-05-28T02:14:35.939162+00:00,1779934475939,delta,0.984,0.88,0.932,-0.104,0.12,0.016,0.068,-0.104,180.04,0.0
2026-05-28T02:14:35.957120+00:00,1779934475957,delta,0.984,0.88,0.932,-0.104,0.12,0.016,0.068,-0.104,180.04,0.0
2026-05-28T02:14:35.957858+00:00,1779934475957,delta,0.984,0.88,0.932,-0.104,0.12,0.016,0.068,-0.104,180.04,0.0
2026-05-28T02:14:35.958616+00:00,1779934475958,delta,0.984,0.88,0.932,-0.104,0.12,0.016,0.068,-0.104,180.04,0.0
2026-05-28T02:14:35.959166+00:00,1779934475959,delta,0.984,0.88,0.932,-0.104,0.12,0.016,0.068,-0.104,180.04,0.0
2026-05-28T02:14:35.959603+00:00,1779934475959,delta,0.984,0.88,0.932,-0.104,0.12,0.016,0.068,-0.104,0.0,0.0
2026-05-28T02:14:35.960018+00:00,1779934475960,delta,0.984,0.88,0.932,-0.104,0.12,0.016,0.068,-0.104,50.0,0.0
2026-05-28T02:14:35.986442+00:00,1779934475986,delta,0.984,0.88,0.932,-0.104,0.12,0.016,0.068,-0.104,50.0,0.0
2026-05-28T02:14:35.987205+00:00,1779934475987,delta,0.984,0.88,0.932,-0.104,0.12,0.016,0.068,-0.104,50.0,0.0
2026-05-28T02:14:36.012511+00:00,1779934476012,delta,0.984,0.88,0.932,-0.104,0.12,0.016,0.068,-0.104,50.0,0.0
2026-05-28T02:14:36.013489+00:00,1779934476013,delta,0.984,0.88,0.932,-0.104,0.12,0.016,0.068,-0.104,50.0,0.0
2026-05-28T02:14:36.014167+00:00,1779934476014,delta,0.984,0.88,0.932,-0.104,0.12,0.016,0.068,-0.104,250.0,0.0
2026-05-28T02:14:36.014868+00:00,1779934476014,delta,0.984,0.88,0.932,-0.104,0.12,0.016,0.068,-0.104,250.0,0.0
2026-05-28T02:14:36.015682+00:00,1779934476015,delta,0.984,0.88,0.932,-0.104,0.12,0.016,0.068,-0.104,250.0,0.0
2026-05-28T02:14:36.016391+00:00,1779934476016,delta,0.984,0.88,0.932,-0.104,0.12,0.016,0.068,-0.104,250.0,0.0
2026-05-28T02:14:36.019678+00:00,1779934476019,delta,0.984,0.88,0.932,-0.104,0.12,0.016,0.068,-0.104,250.0,0.0
2026-05-28T02:14:36.057463+00:00,1779934476057,delta,0.984,0.88,0.932,-0.104,0.12,0.016,0.068,-0.104,250.0,0.0
2026-05-28T02:14:36.058069+00:00,1779934476058,delta,0.984,0.88,0.932,-0.104,0.12,0.016,0.068,-0.104,250.0,0.0
2026-05-28T02:14:36.058536+00:00,1779934476058,delta,0.984,0.88,0.932,-0.104,0.12,0.016,0.068,-0.104,250.0,0.0
2026-05-28T02:14:36.059041+00:00,1779934476059,delta,0.984,0.88,0.932,-0.104,0.12,0.016,0.068,-0.104,50.0,0.0
2026-05-28T02:14:36.081608+00:00,1779934476081,delta,0.984,0.88,0.932,-0.104,0.12,0.016,0.068,-0.104,50.0,0.0
2026-05-28T02:14:36.100535+00:00,1779934476100,delta,0.984,0.88,0.932,-0.104,0.12,0.016,0.068,-0.104,50.0,0.0
2026-05-28T02:14:36.102031+00:00,1779934476102,delta,0.984,0.88,0.932,-0.104,0.12,0.016,0.068,-0.104,50.0,0.0
2026-05-28T02:14:36.103292+00:00,1779934476103,delta,0.984,0.88,0.932,-0.104,0.12,0.016,0.068,-0.104,50.0,0.0
2026-05-28T02:14:36.104921+00:00,1779934476104,delta,0.984,0.88,0.932,-0.104,0.12,0.016,0.068,-0.104,50.0,0.0
2026-05-28T02:14:36.105522+00:00,1779934476105,delta,0.984,0.88,0.932,-0.104,0.12,0.016,0.068,-0.104,50.0,0.0
2026-05-28T02:14:36.105983+00:00,1779934476105,delta,0.984,0.88,0.932,-0.104,0.12,0.016,0.068,-0.104,50.0,0.0
2026-05-28T02:14:36.106382+00:00,1779934476106,delta,0.984,0.88,0.932,-0.104,0.12,0.016,0.068,-0.104,50.0,0.0
2026-05-28T02:14:36.106798+00:00,1779934476106,delta,0.984,0.88,0.932,-0.104,0.12,0.016,0.068,-0.104,50.0,0.0
2026-05-28T02:14:36.107186+00:00,1779934476107,delta,0.984,0.88,0.932,-0.104,0.12,0.016,0.068,-0.104,50.0,0.0
2026-05-28T02:14:36.107575+00:00,1779934476107,delta,0.984,0.88,0.932,-0.104,0.12,0.016,0.068,-0.104,50.0,0.0
2026-05-28T02:14:36.108024+00:00,1779934476108,delta,0.984,0.88,0.932,-0.104,0.12,0.016,0.068,-0.104,50.0,0.0
2026-05-28T02:14:36.108455+00:00,1779934476108,delta,0.984,0.88,0.932,-0.104,0.12,0.016,0.068,-0.104,50.0,0.0
2026-05-28T02:14:36.108829+00:00,1779934476108,delta,0.984,0.88,0.932,-0.104,0.12,0.016,0.068,-0.104,50.0,0.0
2026-05-28T02:14:36.109188+00:00,1779934476109,delta,0.984,0.88,0.932,-0.104,0.12,0.016,0.068,-0.104,50.0,0.0
2026-05-28T02:14:36.109548+00:00,1779934476109,delta,0.984,0.88,0.932,-0.104,0.12,0.016,0.068,-0.104,50.0,0.0
2026-05-28T02:14:36.109954+00:00,1779934476109,delta,0.984,0.88,0.932,-0.104,0.12,0.016,0.068,-0.104,50.0,0.0
2026-05-28T02:14:36.110367+00:00,1779934476110,delta,0.984,0.88,0.932,-0.104,0.12,0.016,0.068,-0.104,50.0,0.0
2026-05-28T02:14:36.110734+00:00,1779934476110,delta,0.984,0.88,0.932,-0.104,0.12,0.016,0.068,-0.104,50.0,0.0
2026-05-28T02:14:36.111089+00:00,1779934476111,delta,0.984,0.88,0.932,-0.104,0.12,0.016,0.068,-0.104,50.0,0.0
2026-05-28T02:14:36.111451+00:00,1779934476111,delta,0.984,0.88,0.932,-0.104,0.12,0.016,0.068,-0.104,50.0,0.0
2026-05-28T02:14:36.111846+00:00,1779934476111,delta,0.984,0.88,0.932,-0.104,0.12,0.016,0.068,-0.104,50.0,0.0
2026-05-28T02:14:36.112285+00:00,1779934476112,delta,0.984,0.88,0.932,-0.104,0.12,0.016,0.068,-0.104,50.0,0.0
2026-05-28T02:14:36.112759+00:00,1779934476112,delta,0.984,0.88,0.932,-0.104,0.12,0.016,0.068,-0.104,50.0,0.0
2026-05-28T02:14:36.113179+00:00,1779934476113,delta,0.984,0.88,0.932,-0.104,0.12,0.016,0.068,-0.104,50.0,0.0
2026-05-28T02:14:36.113596+00:00,1779934476113,delta,0.984,0.88,0.932,-0.104,0.12,0.016,0.068,-0.104,50.0,0.0
2026-05-28T02:14:36.114061+00:00,1779934476114,delta,0.984,0.88,0.932,-0.104,0.12,0.016,0.068,-0.104,50.0,0.0
2026-05-28T02:14:36.114467+00:00,1779934476114,delta,0.984,0.88,0.932,-0.104,0.12,0.016,0.068,-0.104,50.0,0.0
2026-05-28T02:14:36.114833+00:00,1779934476114,delta,0.984,0.88,0.932,-0.104,0.12,0.016,0.068,-0.104,50.0,0.0
2026-05-28T02:14:36.115224+00:00,1779934476115,delta,0.984,0.88,0.932,-0.104,0.12,0.016,0.068,-0.104,50.0,0.0
2026-05-28T02:14:36.115672+00:00,1779934476115,delta,0.984,0.88,0.932,-0.104,0.12,0.016,0.068,-0.104,50.0,0.0
2026-05-28T02:14:36.116172+00:00,1779934476116,delta,0.984,0.88,0.932,-0.104,0.12,0.016,0.068,-0.104,50.0,0.0
2026-05-28T02:14:36.116568+00:00,1779934476116,delta,0.984,0.88,0.932,-0.104,0.12,0.016,0.068,-0.104,50.0,0.0
2026-05-28T02:14:36.117001+00:00,1779934476117,delta,0.984,0.88,0.932,-0.104,0.12,0.016,0.068,-0.104,50.0,0.0
2026-05-28T02:14:36.117444+00:00,1779934476117,delta,0.984,0.88,0.932,-0.104,0.12,0.016,0.068,-0.104,50.0,0.0
2026-05-28T02:14:36.117886+00:00,1779934476117,delta,0.984,0.88,0.932,-0.104,0.12,0.016,0.068,-0.104,50.0,0.0
2026-05-28T02:14:36.118256+00:00,1779934476118,delta,0.984,0.88,0.932,-0.104,0.12,0.016,0.068,-0.104,50.0,0.0
2026-05-28T02:14:36.118666+00:00,1779934476118,delta,0.984,0.88,0.932,-0.104,0.12,0.016,0.068,-0.104,50.0,0.0
2026-05-28T02:14:36.119116+00:00,1779934476119,delta,0.984,0.88,0.932,-0.104,0.12,0.016,0.068,-0.104,50.0,0.0
2026-05-28T02:14:36.119491+00:00,1779934476119,delta,0.984,0.88,0.932,-0.104,0.12,0.016,0.068,-0.104,50.0,0.0
2026-05-28T02:14:36.119863+00:00,1779934476119,delta,0.984,0.88,0.932,-0.104,0.12,0.016,0.068,-0.104,50.0,0.0
2026-05-28T02:14:36.120242+00:00,1779934476120,delta,0.984,0.88,0.932,-0.104,0.12,0.016,0.068,-0.104,50.0,0.0
2026-05-28T02:14:36.120595+00:00,1779934476120,delta,0.984,0.88,0.932,-0.104,0.12,0.016,0.068,-0.104,50.0,0.0
2026-05-28T02:14:36.120944+00:00,1779934476120,delta,0.984,0.88,0.932,-0.104,0.12,0.016,0.068,-0.104,50.0,0.0
2026-05-28T02:14:36.121308+00:00,1779934476121,delta,0.984,0.88,0.932,-0.104,0.12,0.016,0.068,-0.104,50.0,0.0
2026-05-28T02:14:36.121718+00:00,1779934476121,delta,0.984,0.88,0.932,-0.104,0.12,0.016,0.068,-0.104,50.0,0.0
2026-05-28T02:14:36.122094+00:00,1779934476122,delta,0.984,0.88,0.932,-0.104,0.12,0.016,0.068,-0.104,50.0,0.0
2026-05-28T02:14:36.122424+00:00,1779934476122,delta,0.984,0.88,0.932,-0.104,0.12,0.016,0.068,-0.104,50.0,0.0
2026-05-28T02:14:36.122745+00:00,1779934476122,delta,0.984,0.88,0.932,-0.104,0.12,0.016,0.068,-0.104,50.0,0.0
2026-05-28T02:14:36.123085+00:00,1779934476123,delta,0.984,0.88,0.932,-0.104,0.12,0.016,0.068,-0.104,50.0,0.0
2026-05-28T02:14:36.123437+00:00,1779934476123,delta,0.984,0.88,0.932,-0.104,0.12,0.016,0.068,-0.104,50.0,0.0
2026-05-28T02:14:36.123865+00:00,1779934476123,delta,0.984,0.88,0.932,-0.104,0.12,0.016,0.068,-0.104,50.0,0.0
2026-05-28T02:14:36.124305+00:00,1779934476124,delta,0.997,0.88,0.9385,-0.117,0.12,0.003,0.0615,-0.117,650.58,0.0
2026-05-28T02:14:36.124696+00:00,1779934476124,delta,0.997,0.88,0.9385,-0.117,0.12,0.003,0.0615,-0.117,650.58,0.0
2026-05-28T02:14:36.125063+00:00,1779934476125,delta,0.997,0.88,0.9385,-0.117,0.12,0.003,0.0615,-0.117,650.58,0.0
2026-05-28T02:14:36.125479+00:00,1779934476125,delta,0.997,0.88,0.9385,-0.117,0.12,0.003,0.0615,-0.117,650.58,0.0
2026-05-28T02:14:36.132657+00:00,1779934476132,delta,0.997,0.88,0.9385,-0.117,0.12,0.003,0.0615,-0.117,825.58,0.0
2026-05-28T02:14:36.133185+00:00,1779934476133,delta,0.997,0.88,0.9385,-0.117,0.12,0.003,0.0615,-0.117,825.58,0.0
2026-05-28T02:14:36.133703+00:00,1779934476133,delta,0.997,0.88,0.9385,-0.117,0.12,0.003,0.0615,-0.117,825.58,0.0
2026-05-28T02:14:36.134209+00:00,1779934476134,delta,0.997,0.88,0.9385,-0.117,0.12,0.003,0.0615,-0.117,825.58,0.0
2026-05-28T02:14:36.158310+00:00,1779934476158,delta,0.997,0.88,0.9385,-0.117,0.12,0.003,0.0615,-0.117,825.58,0.0
2026-05-28T02:14:36.158926+00:00,1779934476158,delta,0.997,0.88,0.9385,-0.117,0.12,0.003,0.0615,-0.117,657.73,0.0
2026-05-28T02:14:36.159600+00:00,1779934476159,delta,0.997,0.88,0.9385,-0.117,0.12,0.003,0.0615,-0.117,657.73,0.0
2026-05-28T02:14:36.160062+00:00,1779934476160,delta,0.997,0.88,0.9385,-0.117,0.12,0.003,0.0615,-0.117,657.73,0.0
2026-05-28T02:14:36.194125+00:00,1779934476194,delta,0.997,0.88,0.9385,-0.117,0.12,0.003,0.0615,-0.117,657.73,0.0
2026-05-28T02:14:36.195801+00:00,1779934476195,delta,0.997,0.88,0.9385,-0.117,0.12,0.003,0.0615,-0.117,657.73,0.0
2026-05-28T02:14:36.196733+00:00,1779934476196,delta,0.997,0.88,0.9385,-0.117,0.12,0.003,0.0615,-0.117,190.53,0.0
2026-05-28T02:14:36.197568+00:00,1779934476197,delta,0.997,0.88,0.9385,-0.117,0.12,0.003,0.0615,-0.117,190.53,0.0
2026-05-28T02:14:36.198523+00:00,1779934476198,delta,0.997,0.88,0.9385,-0.117,0.12,0.003,0.0615,-0.117,190.53,0.0
2026-05-28T02:14:36.229776+00:00,1779934476229,delta,0.997,0.88,0.9385,-0.117,0.12,0.003,0.0615,-0.117,63.24,0.0
2026-05-28T02:14:36.235773+00:00,1779934476235,delta,0.997,0.88,0.9385,-0.117,0.12,0.003,0.0615,-0.117,63.24,0.0
2026-05-28T02:14:36.237465+00:00,1779934476237,delta,0.997,0.88,0.9385,-0.117,0.12,0.003,0.0615,-0.117,63.24,0.0
2026-05-28T02:14:36.291646+00:00,1779934476291,delta,0.997,0.88,0.9385,-0.117,0.12,0.003,0.0615,-0.117,47.71,0.0
2026-05-28T02:14:36.292391+00:00,1779934476292,delta,0.997,0.88,0.9385,-0.117,0.12,0.003,0.0615,-0.117,175.0,0.0
2026-05-28T02:14:36.292969+00:00,1779934476292,delta,0.997,0.88,0.9385,-0.117,0.12,0.003,0.0615,-0.117,146.68,0.0
2026-05-28T02:14:36.369099+00:00,1779934476369,delta,0.997,0.88,0.9385,-0.117,0.12,0.003,0.0615,-0.117,194.44,0.0
2026-05-28T02:14:36.370583+00:00,1779934476370,delta,0.997,0.88,0.9385,-0.117,0.12,0.003,0.0615,-0.117,194.44,0.0
2026-05-28T02:14:36.371773+00:00,1779934476371,delta,0.997,0.88,0.9385,-0.117,0.12,0.003,0.0615,-0.117,194.44,0.0
2026-05-28T02:14:36.372628+00:00,1779934476372,delta,0.997,0.88,0.9385,-0.117,0.12,0.003,0.0615,-0.117,194.44,0.0
2026-05-28T02:14:36.400164+00:00,1779934476400,delta,0.997,0.88,0.9385,-0.117,0.12,0.003,0.0615,-0.117,194.44,0.0
2026-05-28T02:14:36.401126+00:00,1779934476401,delta,0.997,0.88,0.9385,-0.117,0.12,0.003,0.0615,-0.117,194.44,0.0
2026-05-28T02:14:36.401902+00:00,1779934476401,delta,0.997,0.88,0.9385,-0.117,0.12,0.003,0.0615,-0.117,194.44,0.0
2026-05-28T02:14:36.433795+00:00,1779934476433,delta,0.997,0.88,0.9385,-0.117,0.12,0.003,0.0615,-0.117,150.44,0.0
2026-05-28T02:14:36.435671+00:00,1779934476435,delta,0.997,0.88,0.9385,-0.117,0.12,0.003,0.0615,-0.117,70.0,0.0
2026-05-28T02:14:36.437412+00:00,1779934476437,delta,0.997,0.88,0.9385,-0.117,0.12,0.003,0.0615,-0.117,70.0,0.0
2026-05-28T02:14:36.438728+00:00,1779934476438,delta,0.997,0.88,0.9385,-0.117,0.12,0.003,0.0615,-0.117,70.0,0.0
2026-05-28T02:14:36.487154+00:00,1779934476487,delta,0.997,0.88,0.9385,-0.117,0.12,0.003,0.0615,-0.117,70.0,0.0
2026-05-28T02:14:36.488318+00:00,1779934476488,delta,0.997,0.88,0.9385,-0.117,0.12,0.003,0.0615,-0.117,70.0,0.0
2026-05-28T02:14:36.501358+00:00,1779934476501,delta,0.997,0.88,0.9385,-0.117,0.12,0.003,0.0615,-0.117,10.0,0.0
2026-05-28T02:14:36.525746+00:00,1779934476525,delta,0.997,0.88,0.9385,-0.117,0.12,0.003,0.0615,-0.117,10.0,0.0
2026-05-28T02:14:36.527075+00:00,1779934476527,delta,0.997,0.88,0.9385,-0.117,0.12,0.003,0.0615,-0.117,10.0,0.0
2026-05-28T02:14:36.578702+00:00,1779934476578,delta,0.997,0.88,0.9385,-0.117,0.12,0.003,0.0615,-0.117,10.0,0.0
2026-05-28T02:14:36.637434+00:00,1779934476637,delta,0.997,0.88,0.9385,-0.117,0.12,0.003,0.0615,-0.117,20.0,0.0
2026-05-28T02:14:36.669805+00:00,1779934476669,delta,0.997,0.88,0.9385,-0.117,0.12,0.003,0.0615,-0.117,240.0,0.0
2026-05-28T02:14:36.694204+00:00,1779934476694,delta,0.997,0.88,0.9385,-0.117,0.12,0.003,0.0615,-0.117,240.0,0.0
2026-05-28T02:14:36.797314+00:00,1779934476797,delta,0.997,0.88,0.9385,-0.117,0.12,0.003,0.0615,-0.117,540.0,0.0
2026-05-28T02:14:36.887248+00:00,1779934476887,delta,0.997,0.88,0.9385,-0.117,0.12,0.003,0.0615,-0.117,532.4,0.0
2026-05-28T02:14:36.920392+00:00,1779934476920,delta,0.997,0.88,0.9385,-0.117,0.12,0.003,0.0615,-0.117,530.0,0.0
2026-05-28T02:14:36.921086+00:00,1779934476921,delta,0.997,0.88,0.9385,-0.117,0.12,0.003,0.0615,-0.117,230.0,0.0
2026-05-28T02:14:36.921711+00:00,1779934476921,delta,0.997,0.88,0.9385,-0.117,0.12,0.003,0.0615,-0.117,10.0,0.0
2026-05-28T02:14:36.922266+00:00,1779934476922,delta,0.997,0.88,0.9385,-0.117,0.12,0.003,0.0615,-0.117,0.01,0.0
2026-05-28T02:14:36.939865+00:00,1779934476939,delta,0.997,0.88,0.9385,-0.117,0.12,0.003,0.0615,-0.117,0.01,0.0
2026-05-28T02:14:36.940570+00:00,1779934476940,delta,0.997,0.88,0.9385,-0.117,0.12,0.003,0.0615,-0.117,0.01,0.0
2026-05-28T02:14:36.941176+00:00,1779934476941,delta,0.997,0.88,0.9385,-0.117,0.12,0.003,0.0615,-0.117,0.01,0.0
2026-05-28T02:14:36.942998+00:00,1779934476942,delta,0.997,0.88,0.9385,-0.117,0.12,0.003,0.0615,-0.117,47.71,0.0
2026-05-28T02:14:36.943576+00:00,1779934476943,delta,0.997,0.88,0.9385,-0.117,0.12,0.003,0.0615,-0.117,102.68,0.0
2026-05-28T02:14:36.944008+00:00,1779934476944,delta,0.997,0.88,0.9385,-0.117,0.12,0.003,0.0615,-0.117,215.0,0.0
2026-05-28T02:14:36.944466+00:00,1779934476944,delta,0.997,0.88,0.9385,-0.117,0.12,0.003,0.0615,-0.117,81.45,0.0
2026-05-28T02:14:36.968085+00:00,1779934476968,delta,0.997,0.88,0.9385,-0.117,0.12,0.003,0.0615,-0.117,40.0,0.0
2026-05-28T02:14:36.969517+00:00,1779934476969,delta,0.997,0.88,0.9385,-0.117,0.12,0.003,0.0615,-0.117,35.0,0.0
2026-05-28T02:14:36.970043+00:00,1779934476970,delta,0.997,0.88,0.9385,-0.117,0.12,0.003,0.0615,-0.117,0.0,0.0
2026-05-28T02:14:36.970531+00:00,1779934476970,delta,0.997,0.88,0.9385,-0.117,0.12,0.003,0.0615,-0.117,0.0,0.0
2026-05-28T02:14:36.974790+00:00,1779934476974,delta,0.997,0.88,0.9385,-0.117,0.12,0.003,0.0615,-0.117,0.0,0.0
2026-05-28T02:14:36.975425+00:00,1779934476975,delta,0.997,0.88,0.9385,-0.117,0.12,0.003,0.0615,-0.117,0.0,0.0
2026-05-28T02:14:36.975916+00:00,1779934476975,delta,0.997,0.88,0.9385,-0.117,0.12,0.003,0.0615,-0.117,0.0,0.0
2026-05-28T02:14:36.976403+00:00,1779934476976,delta,0.997,0.88,0.9385,-0.117,0.12,0.003,0.0615,-0.117,0.0,0.0
2026-05-28T02:14:36.976817+00:00,1779934476976,delta,0.997,0.88,0.9385,-0.117,0.12,0.003,0.0615,-0.117,0.0,0.0
2026-05-28T02:14:36.998400+00:00,1779934476998,delta,0.997,0.88,0.9385,-0.117,0.12,0.003,0.0615,-0.117,0.0,0.0
2026-05-28T02:14:36.999120+00:00,1779934476999,delta,0.997,0.88,0.9385,-0.117,0.12,0.003,0.0615,-0.117,0.0,0.0
2026-05-28T02:14:37.000429+00:00,1779934477000,delta,0.997,0.88,0.9385,-0.117,0.12,0.003,0.0615,-0.117,0.0,0.0
2026-05-28T02:14:37.001273+00:00,1779934477001,delta,0.997,0.88,0.9385,-0.117,0.12,0.003,0.0615,-0.117,0.0,0.0
2026-05-28T02:14:37.002409+00:00,1779934477002,delta,0.997,0.88,0.9385,-0.117,0.12,0.003,0.0615,-0.117,0.0,0.0
2026-05-28T02:14:37.002968+00:00,1779934477002,delta,0.997,0.88,0.9385,-0.117,0.12,0.003,0.0615,-0.117,0.0,0.0
2026-05-28T02:14:37.003577+00:00,1779934477003,delta,0.997,0.88,0.9385,-0.117,0.12,0.003,0.0615,-0.117,0.0,0.0
2026-05-28T02:14:37.004251+00:00,1779934477004,delta,0.997,0.88,0.9385,-0.117,0.12,0.003,0.0615,-0.117,0.0,0.0
2026-05-28T02:14:37.030613+00:00,1779934477030,delta,0.997,0.88,0.9385,-0.117,0.12,0.003,0.0615,-0.117,0.0,0.0
2026-05-28T02:14:37.031728+00:00,1779934477031,delta,0.997,0.88,0.9385,-0.117,0.12,0.003,0.0615,-0.117,0.0,0.0
2026-05-28T02:14:37.032600+00:00,1779934477032,delta,0.997,0.88,0.9385,-0.117,0.12,0.003,0.0615,-0.117,0.0,0.0
2026-05-28T02:14:37.033598+00:00,1779934477033,delta,0.997,0.88,0.9385,-0.117,0.12,0.003,0.0615,-0.117,0.0,0.0
2026-05-28T02:14:37.034407+00:00,1779934477034,delta,0.997,0.88,0.9385,-0.117,0.12,0.003,0.0615,-0.117,0.0,0.0
2026-05-28T02:14:37.035046+00:00,1779934477035,delta,0.997,0.88,0.9385,-0.117,0.12,0.003,0.0615,-0.117,0.0,0.0
2026-05-28T02:14:37.035707+00:00,1779934477035,delta,0.997,0.88,0.9385,-0.117,0.12,0.003,0.0615,-0.117,0.0,0.0
2026-05-28T02:14:37.036920+00:00,1779934477036,delta,0.997,0.88,0.9385,-0.117,0.12,0.003,0.0615,-0.117,0.0,0.0
2026-05-28T02:14:37.037511+00:00,1779934477037,delta,0.997,0.88,0.9385,-0.117,0.12,0.003,0.0615,-0.117,0.0,0.0
2026-05-28T02:14:37.061684+00:00,1779934477061,delta,0.997,0.88,0.9385,-0.117,0.12,0.003,0.0615,-0.117,0.0,0.0
2026-05-28T02:14:37.062354+00:00,1779934477062,delta,0.997,0.88,0.9385,-0.117,0.12,0.003,0.0615,-0.117,0.0,0.0
2026-05-28T02:14:37.062942+00:00,1779934477062,delta,0.997,0.88,0.9385,-0.117,0.12,0.003,0.0615,-0.117,10.0,0.0
2026-05-28T02:14:37.087593+00:00,1779934477087,delta,0.997,0.88,0.9385,-0.117,0.12,0.003,0.0615,-0.117,10.0,0.0
2026-05-28T02:14:37.088702+00:00,1779934477088,delta,0.997,0.88,0.9385,-0.117,0.12,0.003,0.0615,-0.117,10.0,0.0
2026-05-28T02:14:37.089500+00:00,1779934477089,delta,0.997,0.88,0.9385,-0.117,0.12,0.003,0.0615,-0.117,10.0,0.0
2026-05-28T02:14:37.125265+00:00,1779934477125,delta,0.997,0.88,0.9385,-0.117,0.12,0.003,0.0615,-0.117,10.0,0.0
2026-05-28T02:14:37.126154+00:00,1779934477126,delta,0.997,0.88,0.9385,-0.117,0.12,0.003,0.0615,-0.117,10.0,0.0
2026-05-28T02:14:37.126666+00:00,1779934477126,delta,0.997,0.88,0.9385,-0.117,0.12,0.003,0.0615,-0.117,10.0,0.0
2026-05-28T02:14:37.127128+00:00,1779934477127,delta,0.997,0.88,0.9385,-0.117,0.12,0.003,0.0615,-0.117,10.0,0.0
2026-05-28T02:14:37.127508+00:00,1779934477127,delta,0.997,0.88,0.9385,-0.117,0.12,0.003,0.0615,-0.117,60.0,0.0
2026-05-28T02:14:37.143163+00:00,1779934477143,delta,0.997,0.88,0.9385,-0.117,0.12,0.003,0.0615,-0.117,60.0,0.0
2026-05-28T02:14:37.149551+00:00,1779934477149,delta,0.997,0.88,0.9385,-0.117,0.12,0.003,0.0615,-0.117,50.0,0.0
2026-05-28T02:14:37.150643+00:00,1779934477150,delta,0.997,0.88,0.9385,-0.117,0.12,0.003,0.0615,-0.117,0.0,0.0
2026-05-28T02:14:37.151361+00:00,1779934477151,delta,0.997,0.88,0.9385,-0.117,0.12,0.003,0.0615,-0.117,0.0,0.0
2026-05-28T02:14:37.151979+00:00,1779934477151,delta,0.997,0.88,0.9385,-0.117,0.12,0.003,0.0615,-0.117,0.0,0.0
2026-05-28T02:14:37.170776+00:00,1779934477170,delta,0.997,0.88,0.9385,-0.117,0.12,0.003,0.0615,-0.117,0.0,0.0
2026-05-28T02:14:37.171541+00:00,1779934477171,delta,0.997,0.88,0.9385,-0.117,0.12,0.003,0.0615,-0.117,0.0,0.0
2026-05-28T02:14:37.172200+00:00,1779934477172,delta,0.997,0.88,0.9385,-0.117,0.12,0.003,0.0615,-0.117,0.0,0.0
2026-05-28T02:14:37.172671+00:00,1779934477172,delta,0.997,0.88,0.9385,-0.117,0.12,0.003,0.0615,-0.117,0.0,0.0
2026-05-28T02:14:37.173147+00:00,1779934477173,delta,0.997,0.88,0.9385,-0.117,0.12,0.003,0.0615,-0.117,0.0,0.0
2026-05-28T02:14:37.173622+00:00,1779934477173,delta,0.997,0.88,0.9385,-0.117,0.12,0.003,0.0615,-0.117,0.0,0.0
2026-05-28T02:14:37.196735+00:00,1779934477196,delta,0.997,0.88,0.9385,-0.117,0.12,0.003,0.0615,-0.117,0.0,0.0
2026-05-28T02:14:37.221517+00:00,1779934477221,delta,0.997,0.88,0.9385,-0.117,0.12,0.003,0.0615,-0.117,0.0,0.0
2026-05-28T02:14:37.223093+00:00,1779934477223,delta,0.997,0.88,0.9385,-0.117,0.12,0.003,0.0615,-0.117,0.0,0.0
2026-05-28T02:14:37.223664+00:00,1779934477223,delta,0.997,0.88,0.9385,-0.117,0.12,0.003,0.0615,-0.117,0.0,0.0
2026-05-28T02:14:37.224050+00:00,1779934477224,delta,0.997,0.88,0.9385,-0.117,0.12,0.003,0.0615,-0.117,0.0,0.0
2026-05-28T02:14:37.226523+00:00,1779934477226,delta,0.997,0.88,0.9385,-0.117,0.12,0.003,0.0615,-0.117,0.0,0.0
2026-05-28T02:14:37.227199+00:00,1779934477227,delta,0.997,0.88,0.9385,-0.117,0.12,0.003,0.0615,-0.117,0.0,0.0
2026-05-28T02:14:37.276868+00:00,1779934477276,delta,0.997,0.88,0.9385,-0.117,0.12,0.003,0.0615,-0.117,0.0,0.0
2026-05-28T02:14:37.278845+00:00,1779934477278,delta,0.997,0.88,0.9385,-0.117,0.12,0.003,0.0615,-0.117,10.0,0.0
2026-05-28T02:14:37.300429+00:00,1779934477300,delta,0.997,0.88,0.9385,-0.117,0.12,0.003,0.0615,-0.117,10.0,0.0
2026-05-28T02:14:37.301626+00:00,1779934477301,delta,0.997,0.88,0.9385,-0.117,0.12,0.003,0.0615,-0.117,10.0,0.0
2026-05-28T02:14:37.330714+00:00,1779934477330,delta,0.997,0.88,0.9385,-0.117,0.12,0.003,0.0615,-0.117,10.0,0.0
2026-05-28T02:14:37.331384+00:00,1779934477331,delta,0.997,0.88,0.9385,-0.117,0.12,0.003,0.0615,-0.117,60.0,0.0
2026-05-28T02:14:37.332083+00:00,1779934477332,delta,0.997,0.88,0.9385,-0.117,0.12,0.003,0.0615,-0.117,50.0,0.0
2026-05-28T02:14:37.332595+00:00,1779934477332,delta,0.997,0.88,0.9385,-0.117,0.12,0.003,0.0615,-0.117,37.19,0.0
2026-05-28T02:14:37.357709+00:00,1779934477357,delta,0.997,0.88,0.9385,-0.117,0.12,0.003,0.0615,-0.117,37.19,0.0
2026-05-28T02:14:37.358411+00:00,1779934477358,delta,0.997,0.88,0.9385,-0.117,0.12,0.003,0.0615,-0.117,35.96,0.0
2026-05-28T02:14:37.389788+00:00,1779934477389,delta,0.997,0.88,0.9385,-0.117,0.12,0.003,0.0615,-0.117,35.96,0.0
2026-05-28T02:14:37.390722+00:00,1779934477390,delta,0.997,0.88,0.9385,-0.117,0.12,0.003,0.0615,-0.117,0.0,0.0
2026-05-28T02:14:37.391632+00:00,1779934477391,delta,0.997,0.88,0.9385,-0.117,0.12,0.003,0.0615,-0.117,0.0,0.0
2026-05-28T02:14:37.392431+00:00,1779934477392,delta,0.997,0.88,0.9385,-0.117,0.12,0.003,0.0615,-0.117,0.0,0.0
2026-05-28T02:14:37.419826+00:00,1779934477419,delta,0.997,0.88,0.9385,-0.117,0.12,0.003,0.0615,-0.117,0.0,0.0
2026-05-28T02:14:37.423242+00:00,1779934477423,delta,0.997,0.88,0.9385,-0.117,0.12,0.003,0.0615,-0.117,0.0,0.0
2026-05-28T02:14:37.424078+00:00,1779934477424,delta,0.997,0.88,0.9385,-0.117,0.12,0.003,0.0615,-0.117,0.0,0.0
2026-05-28T02:14:37.424669+00:00,1779934477424,delta,0.997,0.88,0.9385,-0.117,0.12,0.003,0.0615,-0.117,0.0,0.0
2026-05-28T02:14:37.425258+00:00,1779934477425,delta,0.997,0.88,0.9385,-0.117,0.12,0.003,0.0615,-0.117,24.29,0.0
2026-05-28T02:14:37.447161+00:00,1779934477447,delta,0.997,0.88,0.9385,-0.117,0.12,0.003,0.0615,-0.117,74.29,0.0
2026-05-28T02:14:37.447832+00:00,1779934477447,delta,0.997,0.88,0.9385,-0.117,0.12,0.003,0.0615,-0.117,74.29,0.0
2026-05-28T02:14:37.448496+00:00,1779934477448,delta,0.997,0.88,0.9385,-0.117,0.12,0.003,0.0615,-0.117,381.29,0.0
2026-05-28T02:14:37.448995+00:00,1779934477448,delta,0.997,0.88,0.9385,-0.117,0.12,0.003,0.0615,-0.117,381.29,0.0
2026-05-28T02:14:37.449439+00:00,1779934477449,delta,0.997,0.88,0.9385,-0.117,0.12,0.003,0.0615,-0.117,381.29,0.0
2026-05-28T02:14:37.450004+00:00,1779934477450,delta,0.997,0.88,0.9385,-0.117,0.12,0.003,0.0615,-0.117,381.29,0.0
2026-05-28T02:14:37.476849+00:00,1779934477476,delta,0.997,0.88,0.9385,-0.117,0.12,0.003,0.0615,-0.117,381.29,0.0
2026-05-28T02:14:37.477546+00:00,1779934477477,delta,0.997,0.88,0.9385,-0.117,0.12,0.003,0.0615,-0.117,381.29,0.0
2026-05-28T02:14:37.478041+00:00,1779934477478,delta,0.997,0.88,0.9385,-0.117,0.12,0.003,0.0615,-0.117,381.29,0.0
2026-05-28T02:14:37.478490+00:00,1779934477478,delta,0.997,0.88,0.9385,-0.117,0.12,0.003,0.0615,-0.117,381.29,0.0
2026-05-28T02:14:37.478937+00:00,1779934477478,delta,0.997,0.88,0.9385,-0.117,0.12,0.003,0.0615,-0.117,34.29,0.0
2026-05-28T02:14:37.499043+00:00,1779934477499,delta,0.997,0.88,0.9385,-0.117,0.12,0.003,0.0615,-0.117,34.29,0.0
2026-05-28T02:14:37.499955+00:00,1779934477499,delta,0.997,0.88,0.9385,-0.117,0.12,0.003,0.0615,-0.117,34.29,0.0
2026-05-28T02:14:37.500750+00:00,1779934477500,delta,0.997,0.88,0.9385,-0.117,0.12,0.003,0.0615,-0.117,34.29,0.0
2026-05-28T02:14:37.501489+00:00,1779934477501,delta,0.997,0.88,0.9385,-0.117,0.12,0.003,0.0615,-0.117,34.29,0.0
2026-05-28T02:14:37.502312+00:00,1779934477502,delta,0.997,0.88,0.9385,-0.117,0.12,0.003,0.0615,-0.117,381.29,0.0
2026-05-28T02:14:37.503455+00:00,1779934477503,delta,0.997,0.88,0.9385,-0.117,0.12,0.003,0.0615,-0.117,357.0,0.0
2026-05-28T02:14:37.504005+00:00,1779934477504,delta,0.997,0.88,0.9385,-0.117,0.12,0.003,0.0615,-0.117,307.0,0.0
2026-05-28T02:14:37.504450+00:00,1779934477504,delta,0.997,0.88,0.9385,-0.117,0.12,0.003,0.0615,-0.117,0.0,0.0
2026-05-28T02:14:37.504885+00:00,1779934477504,delta,0.997,0.88,0.9385,-0.117,0.12,0.003,0.0615,-0.117,0.0,0.0
2026-05-28T02:14:37.505335+00:00,1779934477505,delta,0.997,0.88,0.9385,-0.117,0.12,0.003,0.0615,-0.117,0.0,0.0
2026-05-28T02:14:37.505732+00:00,1779934477505,delta,0.997,0.88,0.9385,-0.117,0.12,0.003,0.0615,-0.117,0.0,0.0
2026-05-28T02:14:37.506143+00:00,1779934477506,delta,0.997,0.88,0.9385,-0.117,0.12,0.003,0.0615,-0.117,0.0,0.0
2026-05-28T02:14:37.506607+00:00,1779934477506,delta,0.997,0.88,0.9385,-0.117,0.12,0.003,0.0615,-0.117,0.0,0.0
2026-05-28T02:14:37.526928+00:00,1779934477526,delta,0.997,0.88,0.9385,-0.117,0.12,0.003,0.0615,-0.117,0.0,0.0
2026-05-28T02:14:37.527662+00:00,1779934477527,delta,0.997,0.88,0.9385,-0.117,0.12,0.003,0.0615,-0.117,0.0,0.0
2026-05-28T02:14:37.551085+00:00,1779934477551,delta,0.997,0.88,0.9385,-0.117,0.12,0.003,0.0615,-0.117,0.0,0.0
2026-05-28T02:14:37.578796+00:00,1779934477578,delta,0.997,0.88,0.9385,-0.117,0.12,0.003,0.0615,-0.117,0.0,0.0
2026-05-28T02:14:37.579773+00:00,1779934477579,delta,0.997,0.88,0.9385,-0.117,0.12,0.003,0.0615,-0.117,0.0,0.0
2026-05-28T02:14:37.613189+00:00,1779934477613,delta,0.997,0.88,0.9385,-0.117,0.12,0.003,0.0615,-0.117,0.0,0.0
2026-05-28T02:14:37.643171+00:00,1779934477643,delta,0.997,0.88,0.9385,-0.117,0.12,0.003,0.0615,-0.117,0.0,0.0
2026-05-28T02:14:37.663476+00:00,1779934477663,delta,0.997,0.88,0.9385,-0.117,0.12,0.003,0.0615,-0.117,0.0,0.0
2026-05-28T02:14:37.664273+00:00,1779934477664,delta,0.997,0.88,0.9385,-0.117,0.12,0.003,0.0615,-0.117,0.0,0.0
2026-05-28T02:14:37.693267+00:00,1779934477693,delta,0.997,0.88,0.9385,-0.117,0.12,0.003,0.0615,-0.117,0.0,0.0
2026-05-28T02:14:37.748749+00:00,1779934477748,delta,0.997,0.88,0.9385,-0.117,0.12,0.003,0.0615,-0.117,0.0,0.0
2026-05-28T02:14:37.772000+00:00,1779934477772,delta,0.997,0.88,0.9385,-0.117,0.12,0.003,0.0615,-0.117,0.0,0.0
2026-05-28T02:14:37.772816+00:00,1779934477772,delta,0.997,0.88,0.9385,-0.117,0.12,0.003,0.0615,-0.117,0.0,0.0
2026-05-28T02:14:37.857746+00:00,1779934477857,delta,0.997,0.88,0.9385,-0.117,0.12,0.003,0.0615,-0.117,0.0,0.0
2026-05-28T02:14:37.893512+00:00,1779934477893,delta,0.997,0.88,0.9385,-0.117,0.12,0.003,0.0615,-0.117,0.0,0.0
2026-05-28T02:14:37.894979+00:00,1779934477894,delta,0.997,0.88,0.9385,-0.117,0.12,0.003,0.0615,-0.117,0.0,0.0
2026-05-28T02:14:37.896434+00:00,1779934477896,delta,0.997,0.88,0.9385,-0.117,0.12,0.003,0.0615,-0.117,0.0,0.0
2026-05-28T02:14:37.967349+00:00,1779934477967,delta,0.997,0.88,0.9385,-0.117,0.12,0.003,0.0615,-0.117,0.0,0.0
2026-05-28T02:14:37.990290+00:00,1779934477990,delta,0.997,0.88,0.9385,-0.117,0.12,0.003,0.0615,-0.117,0.0,0.0
2026-05-28T02:14:37.991623+00:00,1779934477991,delta,0.997,0.88,0.9385,-0.117,0.12,0.003,0.0615,-0.117,0.0,0.0
2026-05-28T02:14:38.043508+00:00,1779934478043,delta,0.997,0.88,0.9385,-0.117,0.12,0.003,0.0615,-0.117,0.0,0.0
2026-05-28T02:14:38.093346+00:00,1779934478093,delta,0.997,0.88,0.9385,-0.117,0.12,0.003,0.0615,-0.117,0.0,0.0
2026-05-28T02:14:38.094785+00:00,1779934478094,delta,0.997,0.88,0.9385,-0.117,0.12,0.003,0.0615,-0.117,0.0,0.0
2026-05-28T02:14:38.096011+00:00,1779934478096,delta,0.997,0.88,0.9385,-0.117,0.12,0.003,0.0615,-0.117,0.0,0.0
2026-05-28T02:14:38.109466+00:00,1779934478109,delta,0.997,0.88,0.9385,-0.117,0.12,0.003,0.0615,-0.117,0.0,0.0
2026-05-28T02:14:38.110338+00:00,1779934478110,delta,0.997,0.88,0.9385,-0.117,0.12,0.003,0.0615,-0.117,0.0,0.0
2026-05-28T02:14:38.111290+00:00,1779934478111,delta,0.997,0.88,0.9385,-0.117,0.12,0.003,0.0615,-0.117,0.0,0.0
2026-05-28T02:14:38.113220+00:00,1779934478113,delta,0.997,0.88,0.9385,-0.117,0.12,0.003,0.0615,-0.117,0.0,0.0
2026-05-28T02:14:38.113878+00:00,1779934478113,delta,0.997,0.88,0.9385,-0.117,0.12,0.003,0.0615,-0.117,0.0,0.0
2026-05-28T02:14:38.133790+00:00,1779934478133,delta,0.997,0.88,0.9385,-0.117,0.12,0.003,0.0615,-0.117,0.0,0.0
2026-05-28T02:14:38.134905+00:00,1779934478134,delta,0.997,0.88,0.9385,-0.117,0.12,0.003,0.0615,-0.117,0.0,0.0
2026-05-28T02:14:38.158547+00:00,1779934478158,delta,0.997,0.88,0.9385,-0.117,0.12,0.003,0.0615,-0.117,0.0,0.0
2026-05-28T02:14:38.159228+00:00,1779934478159,delta,0.997,0.88,0.9385,-0.117,0.12,0.003,0.0615,-0.117,0.0,0.0
2026-05-28T02:14:38.159757+00:00,1779934478159,delta,0.997,0.88,0.9385,-0.117,0.12,0.003,0.0615,-0.117,0.0,0.0
2026-05-28T02:14:38.186627+00:00,1779934478186,delta,0.997,0.88,0.9385,-0.117,0.12,0.003,0.0615,-0.117,0.0,0.0
2026-05-28T02:14:38.219025+00:00,1779934478219,delta,0.997,0.88,0.9385,-0.117,0.12,0.003,0.0615,-0.117,0.0,0.0
2026-05-28T02:14:38.220374+00:00,1779934478220,delta,0.997,0.88,0.9385,-0.117,0.12,0.003,0.0615,-0.117,0.0,0.0
2026-05-28T02:14:38.221450+00:00,1779934478221,delta,0.997,0.88,0.9385,-0.117,0.12,0.003,0.0615,-0.117,0.0,0.0
2026-05-28T02:14:38.222163+00:00,1779934478222,delta,0.997,0.88,0.9385,-0.117,0.12,0.003,0.0615,-0.117,0.0,0.0
2026-05-28T02:14:38.222792+00:00,1779934478222,delta,0.997,0.88,0.9385,-0.117,0.12,0.003,0.0615,-0.117,0.0,0.0
2026-05-28T02:14:38.243399+00:00,1779934478243,delta,0.997,0.88,0.9385,-0.117,0.12,0.003,0.0615,-0.117,0.0,0.0
2026-05-28T02:14:38.244055+00:00,1779934478244,delta,0.997,0.88,0.9385,-0.117,0.12,0.003,0.0615,-0.117,0.0,0.0
2026-05-28T02:14:38.244630+00:00,1779934478244,delta,0.997,0.88,0.9385,-0.117,0.12,0.003,0.0615,-0.117,0.0,0.0
2026-05-28T02:14:38.245095+00:00,1779934478245,delta,0.997,0.88,0.9385,-0.117,0.12,0.003,0.0615,-0.117,0.0,0.0
2026-05-28T02:14:38.245537+00:00,1779934478245,delta,0.997,0.88,0.9385,-0.117,0.12,0.003,0.0615,-0.117,0.0,0.0
2026-05-28T02:14:38.245921+00:00,1779934478245,delta,0.997,0.88,0.9385,-0.117,0.12,0.003,0.0615,-0.117,0.0,0.0
2026-05-28T02:14:38.279995+00:00,1779934478279,delta,0.997,0.88,0.9385,-0.117,0.12,0.003,0.0615,-0.117,0.0,0.0
2026-05-28T02:14:38.280566+00:00,1779934478280,delta,0.997,0.88,0.9385,-0.117,0.12,0.003,0.0615,-0.117,0.0,0.0
2026-05-28T02:14:38.281079+00:00,1779934478281,delta,0.997,0.88,0.9385,-0.117,0.12,0.003,0.0615,-0.117,0.0,0.0
2026-05-28T02:14:38.301431+00:00,1779934478301,delta,0.997,0.88,0.9385,-0.117,0.12,0.003,0.0615,-0.117,0.0,0.0
2026-05-28T02:14:38.305595+00:00,1779934478305,delta,0.997,0.88,0.9385,-0.117,0.12,0.003,0.0615,-0.117,0.0,0.0
2026-05-28T02:14:38.306238+00:00,1779934478306,delta,0.997,0.88,0.9385,-0.117,0.12,0.003,0.0615,-0.117,10.0,0.0
2026-05-28T02:14:38.306771+00:00,1779934478306,delta,0.997,0.88,0.9385,-0.117,0.12,0.003,0.0615,-0.117,10.0,0.0
2026-05-28T02:14:38.307260+00:00,1779934478307,delta,0.997,0.88,0.9385,-0.117,0.12,0.003,0.0615,-0.117,10.0,0.0
2026-05-28T02:14:38.307712+00:00,1779934478307,delta,0.997,0.88,0.9385,-0.117,0.12,0.003,0.0615,-0.117,10.0,0.0
2026-05-28T02:14:38.308125+00:00,1779934478308,delta,0.997,0.88,0.9385,-0.117,0.12,0.003,0.0615,-0.117,0.0,0.0
2026-05-28T02:14:38.308584+00:00,1779934478308,delta,0.997,0.88,0.9385,-0.117,0.12,0.003,0.0615,-0.117,0.0,0.0
2026-05-28T02:14:38.309045+00:00,1779934478309,delta,0.997,0.88,0.9385,-0.117,0.12,0.003,0.0615,-0.117,0.0,0.0
2026-05-28T02:14:38.309491+00:00,1779934478309,delta,0.997,0.88,0.9385,-0.117,0.12,0.003,0.0615,-0.117,0.0,0.0
2026-05-28T02:14:38.312211+00:00,1779934478312,delta,0.997,0.88,0.9385,-0.117,0.12,0.003,0.0615,-0.117,0.0,0.0
2026-05-28T02:14:38.327193+00:00,1779934478327,delta,0.997,0.88,0.9385,-0.117,0.12,0.003,0.0615,-0.117,0.0,0.0
2026-05-28T02:14:38.349954+00:00,1779934478349,delta,0.997,0.88,0.9385,-0.117,0.12,0.003,0.0615,-0.117,0.0,0.0
2026-05-28T02:14:38.350809+00:00,1779934478350,delta,0.997,0.88,0.9385,-0.117,0.12,0.003,0.0615,-0.117,0.0,0.0
2026-05-28T02:14:38.351607+00:00,1779934478351,delta,0.997,0.88,0.9385,-0.117,0.12,0.003,0.0615,-0.117,0.0,0.0
2026-05-28T02:14:38.352860+00:00,1779934478352,delta,0.997,0.88,0.9385,-0.117,0.12,0.003,0.0615,-0.117,0.0,0.0
2026-05-28T02:14:38.375202+00:00,1779934478375,delta,0.997,0.88,0.9385,-0.117,0.12,0.003,0.0615,-0.117,0.0,0.0
2026-05-28T02:14:38.376596+00:00,1779934478376,delta,0.997,0.88,0.9385,-0.117,0.12,0.003,0.0615,-0.117,0.0,0.0
2026-05-28T02:14:38.377559+00:00,1779934478377,delta,0.997,0.88,0.9385,-0.117,0.12,0.003,0.0615,-0.117,0.0,0.0
2026-05-28T02:14:38.378037+00:00,1779934478378,delta,0.997,0.88,0.9385,-0.117,0.12,0.003,0.0615,-0.117,0.0,0.0
2026-05-28T02:14:38.402990+00:00,1779934478402,delta,0.997,0.88,0.9385,-0.117,0.12,0.003,0.0615,-0.117,0.0,0.0
2026-05-28T02:14:38.404044+00:00,1779934478404,delta,0.997,0.88,0.9385,-0.117,0.12,0.003,0.0615,-0.117,0.0,0.0
2026-05-28T02:14:38.426958+00:00,1779934478426,delta,0.997,0.88,0.9385,-0.117,0.12,0.003,0.0615,-0.117,0.0,0.0
2026-05-28T02:14:38.430070+00:00,1779934478430,delta,0.997,0.88,0.9385,-0.117,0.12,0.003,0.0615,-0.117,0.0,0.0
2026-05-28T02:14:38.431429+00:00,1779934478431,delta,0.997,0.88,0.9385,-0.117,0.12,0.003,0.0615,-0.117,10.0,0.0
2026-05-28T02:14:38.453677+00:00,1779934478453,delta,0.997,0.88,0.9385,-0.117,0.12,0.003,0.0615,-0.117,10.0,0.0
2026-05-28T02:14:38.482036+00:00,1779934478482,delta,0.997,0.88,0.9385,-0.117,0.12,0.003,0.0615,-0.117,10.0,0.0
2026-05-28T02:14:38.483474+00:00,1779934478483,delta,0.997,0.88,0.9385,-0.117,0.12,0.003,0.0615,-0.117,10.0,0.0
2026-05-28T02:14:38.484887+00:00,1779934478484,delta,0.997,0.88,0.9385,-0.117,0.12,0.003,0.0615,-0.117,10.0,0.0
2026-05-28T02:14:38.486163+00:00,1779934478486,delta,0.997,0.88,0.9385,-0.117,0.12,0.003,0.0615,-0.117,10.0,0.0
2026-05-28T02:14:38.508113+00:00,1779934478508,delta,0.997,0.88,0.9385,-0.117,0.12,0.003,0.0615,-0.117,10.0,0.0
2026-05-28T02:14:38.526714+00:00,1779934478526,delta,0.997,0.88,0.9385,-0.117,0.12,0.003,0.0615,-0.117,10.0,0.0
2026-05-28T02:14:38.527783+00:00,1779934478527,delta,0.997,0.88,0.9385,-0.117,0.12,0.003,0.0615,-0.117,10.0,0.0
2026-05-28T02:14:38.528607+00:00,1779934478528,delta,0.997,0.88,0.9385,-0.117,0.12,0.003,0.0615,-0.117,10.0,0.0
2026-05-28T02:14:38.582174+00:00,1779934478582,delta,0.997,0.88,0.9385,-0.117,0.12,0.003,0.0615,-0.117,10.0,0.0
2026-05-28T02:14:38.583118+00:00,1779934478583,delta,0.997,0.88,0.9385,-0.117,0.12,0.003,0.0615,-0.117,10.0,0.0
2026-05-28T02:14:38.584526+00:00,1779934478584,delta,0.997,0.88,0.9385,-0.117,0.12,0.003,0.0615,-0.117,60.0,0.0
2026-05-28T02:14:38.635097+00:00,1779934478635,delta,0.997,0.88,0.9385,-0.117,0.12,0.003,0.0615,-0.117,60.0,0.0
2026-05-28T02:14:38.636511+00:00,1779934478636,delta,0.997,0.88,0.9385,-0.117,0.12,0.003,0.0615,-0.117,60.0,0.0
2026-05-28T02:14:38.684959+00:00,1779934478684,delta,0.997,0.88,0.9385,-0.117,0.12,0.003,0.0615,-0.117,60.0,0.0
2026-05-28T02:14:38.686736+00:00,1779934478686,delta,0.997,0.88,0.9385,-0.117,0.12,0.003,0.0615,-0.117,60.0,0.0
2026-05-28T02:14:38.712596+00:00,1779934478712,delta,0.997,0.88,0.9385,-0.117,0.12,0.003,0.0615,-0.117,60.0,0.0
2026-05-28T02:14:38.713381+00:00,1779934478713,delta,0.997,0.88,0.9385,-0.117,0.12,0.003,0.0615,-0.117,50.0,0.0
2026-05-28T02:14:38.713890+00:00,1779934478713,delta,0.997,0.88,0.9385,-0.117,0.12,0.003,0.0615,-0.117,35.0,0.0
2026-05-28T02:14:38.738352+00:00,1779934478738,delta,0.997,0.88,0.9385,-0.117,0.12,0.003,0.0615,-0.117,35.0,0.0
2026-05-28T02:14:38.768286+00:00,1779934478768,delta,0.997,0.88,0.9385,-0.117,0.12,0.003,0.0615,-0.117,35.0,0.0
2026-05-28T02:14:38.798841+00:00,1779934478798,delta,0.997,0.88,0.9385,-0.117,0.12,0.003,0.0615,-0.117,35.0,0.0
2026-05-28T02:14:38.831759+00:00,1779934478831,delta,0.997,0.88,0.9385,-0.117,0.12,0.003,0.0615,-0.117,35.0,0.0
2026-05-28T02:14:38.866699+00:00,1779934478866,delta,0.997,0.88,0.9385,-0.117,0.12,0.003,0.0615,-0.117,35.0,0.0
2026-05-28T02:14:38.867635+00:00,1779934478867,delta,0.997,0.88,0.9385,-0.117,0.12,0.003,0.0615,-0.117,35.0,0.0
2026-05-28T02:14:38.943470+00:00,1779934478943,delta,0.997,0.88,0.9385,-0.117,0.12,0.003,0.0615,-0.117,45.0,0.0
2026-05-28T02:14:38.964915+00:00,1779934478964,delta,0.997,0.88,0.9385,-0.117,0.12,0.003,0.0615,-0.117,45.0,0.0
2026-05-28T02:14:38.992975+00:00,1779934478992,delta,0.997,0.88,0.9385,-0.117,0.12,0.003,0.0615,-0.117,45.0,0.0
2026-05-28T02:14:38.996468+00:00,1779934478996,delta,0.997,0.88,0.9385,-0.117,0.12,0.003,0.0615,-0.117,45.0,0.0
2026-05-28T02:14:39.051222+00:00,1779934479051,delta,0.997,0.88,0.9385,-0.117,0.12,0.003,0.0615,-0.117,45.0,0.0
2026-05-28T02:14:39.084928+00:00,1779934479084,delta,0.997,0.88,0.9385,-0.117,0.12,0.003,0.0615,-0.117,45.0,0.0
2026-05-28T02:14:39.086694+00:00,1779934479086,delta,0.997,0.88,0.9385,-0.117,0.12,0.003,0.0615,-0.117,45.0,0.0
2026-05-28T02:14:39.140671+00:00,1779934479140,delta,0.997,0.88,0.9385,-0.117,0.12,0.003,0.0615,-0.117,35.0,0.0
2026-05-28T02:14:39.141297+00:00,1779934479141,delta,0.997,0.88,0.9385,-0.117,0.12,0.003,0.0615,-0.117,10.0,0.0
2026-05-28T02:14:39.141864+00:00,1779934479141,delta,0.997,0.88,0.9385,-0.117,0.12,0.003,0.0615,-0.117,10.0,0.0
2026-05-28T02:14:39.191700+00:00,1779934479191,delta,0.997,0.88,0.9385,-0.117,0.12,0.003,0.0615,-0.117,10.0,0.0
2026-05-28T02:14:39.192999+00:00,1779934479192,delta,0.997,0.88,0.9385,-0.117,0.12,0.003,0.0615,-0.117,60.0,0.0
2026-05-28T02:14:39.194384+00:00,1779934479194,delta,0.997,0.88,0.9385,-0.117,0.12,0.003,0.0615,-0.117,60.0,0.0
2026-05-28T02:14:39.195437+00:00,1779934479195,delta,0.997,0.88,0.9385,-0.117,0.12,0.003,0.0615,-0.117,60.0,0.0
2026-05-28T02:14:39.196205+00:00,1779934479196,delta,0.997,0.88,0.9385,-0.117,0.12,0.003,0.0615,-0.117,60.0,0.0
2026-05-28T02:14:39.196771+00:00,1779934479196,delta,0.997,0.88,0.9385,-0.117,0.12,0.003,0.0615,-0.117,60.0,0.0
2026-05-28T02:14:39.197347+00:00,1779934479197,delta,0.997,0.88,0.9385,-0.117,0.12,0.003,0.0615,-0.117,60.0,0.0
2026-05-28T02:14:39.198008+00:00,1779934479198,delta,0.997,0.88,0.9385,-0.117,0.12,0.003,0.0615,-0.117,60.0,0.0
2026-05-28T02:14:39.222361+00:00,1779934479222,delta,0.997,0.88,0.9385,-0.117,0.12,0.003,0.0615,-0.117,60.0,0.0
2026-05-28T02:14:39.243256+00:00,1779934479243,delta,0.997,0.88,0.9385,-0.117,0.12,0.003,0.0615,-0.117,60.0,0.0
2026-05-28T02:14:39.268053+00:00,1779934479268,delta,0.997,0.88,0.9385,-0.117,0.12,0.003,0.0615,-0.117,60.0,0.0
2026-05-28T02:14:39.359041+00:00,1779934479359,delta,0.997,0.88,0.9385,-0.117,0.12,0.003,0.0615,-0.117,60.0,0.0
2026-05-28T02:14:39.359709+00:00,1779934479359,delta,0.997,0.88,0.9385,-0.117,0.12,0.003,0.0615,-0.117,50.0,0.0
2026-05-28T02:14:39.360189+00:00,1779934479360,delta,0.997,0.88,0.9385,-0.117,0.12,0.003,0.0615,-0.117,13.21,0.0
2026-05-28T02:14:39.388287+00:00,1779934479388,delta,0.997,0.88,0.9385,-0.117,0.12,0.003,0.0615,-0.117,13.21,0.0
2026-05-28T02:14:39.389133+00:00,1779934479389,delta,0.997,0.88,0.9385,-0.117,0.12,0.003,0.0615,-0.117,13.21,0.0
2026-05-28T02:14:39.389664+00:00,1779934479389,delta,0.997,0.88,0.9385,-0.117,0.12,0.003,0.0615,-0.117,13.21,0.0
2026-05-28T02:14:39.390126+00:00,1779934479390,delta,0.997,0.88,0.9385,-0.117,0.12,0.003,0.0615,-0.117,13.21,0.0
2026-05-28T02:14:39.390632+00:00,1779934479390,delta,0.997,0.88,0.9385,-0.117,0.12,0.003,0.0615,-0.117,13.21,0.0
2026-05-28T02:14:39.439494+00:00,1779934479439,delta,0.997,0.88,0.9385,-0.117,0.12,0.003,0.0615,-0.117,13.21,0.0
2026-05-28T02:14:39.440604+00:00,1779934479440,delta,0.997,0.88,0.9385,-0.117,0.12,0.003,0.0615,-0.117,13.21,0.0
2026-05-28T02:14:39.493224+00:00,1779934479493,delta,0.997,0.88,0.9385,-0.117,0.12,0.003,0.0615,-0.117,23.21,0.0
2026-05-28T02:14:39.659919+00:00,1779934479659,delta,0.997,0.88,0.9385,-0.117,0.12,0.003,0.0615,-0.117,10.0,0.0
2026-05-28T02:14:39.660519+00:00,1779934479660,delta,0.997,0.88,0.9385,-0.117,0.12,0.003,0.0615,-0.117,47.76,0.0
2026-05-28T02:14:39.661030+00:00,1779934479661,delta,0.997,0.88,0.9385,-0.117,0.12,0.003,0.0615,-0.117,47.65,0.0
2026-05-28T02:14:39.703383+00:00,1779934479703,delta,0.997,0.88,0.9385,-0.117,0.12,0.003,0.0615,-0.117,50.0,0.0
2026-05-28T02:14:39.704013+00:00,1779934479704,delta,0.997,0.88,0.9385,-0.117,0.12,0.003,0.0615,-0.117,50.0,0.0
2026-05-28T02:14:39.704471+00:00,1779934479704,delta,0.997,0.88,0.9385,-0.117,0.12,0.003,0.0615,-0.117,50.0,0.0
2026-05-28T02:14:39.704896+00:00,1779934479704,delta,0.997,0.88,0.9385,-0.117,0.12,0.003,0.0615,-0.117,50.0,0.0
2026-05-28T02:14:39.724460+00:00,1779934479724,delta,0.997,0.88,0.9385,-0.117,0.12,0.003,0.0615,-0.117,350.0,0.0
2026-05-28T02:14:39.725391+00:00,1779934479725,delta,0.997,0.88,0.9385,-0.117,0.12,0.003,0.0615,-0.117,350.0,0.0
2026-05-28T02:14:39.737721+00:00,1779934479737,delta,0.997,0.88,0.9385,-0.117,0.12,0.003,0.0615,-0.117,350.0,0.0
2026-05-28T02:14:39.738781+00:00,1779934479738,delta,0.997,0.88,0.9385,-0.117,0.12,0.003,0.0615,-0.117,350.0,0.0
2026-05-28T02:14:39.759986+00:00,1779934479759,delta,0.997,0.88,0.9385,-0.117,0.12,0.003,0.0615,-0.117,350.0,0.0
2026-05-28T02:14:39.761944+00:00,1779934479761,delta,0.997,0.88,0.9385,-0.117,0.12,0.003,0.0615,-0.117,350.0,0.0
2026-05-28T02:14:39.795055+00:00,1779934479795,delta,0.997,0.88,0.9385,-0.117,0.12,0.003,0.0615,-0.117,350.0,0.0
2026-05-28T02:14:39.795886+00:00,1779934479795,delta,0.997,0.88,0.9385,-0.117,0.12,0.003,0.0615,-0.117,350.0,0.0
2026-05-28T02:14:39.796924+00:00,1779934479796,delta,0.997,0.88,0.9385,-0.117,0.12,0.003,0.0615,-0.117,350.0,0.0
2026-05-28T02:14:39.819667+00:00,1779934479819,delta,0.997,0.88,0.9385,-0.117,0.12,0.003,0.0615,-0.117,350.0,0.0
2026-05-28T02:14:39.820471+00:00,1779934479820,delta,0.997,0.88,0.9385,-0.117,0.12,0.003,0.0615,-0.117,301.25,0.0
2026-05-28T02:14:39.820977+00:00,1779934479820,delta,0.997,0.88,0.9385,-0.117,0.12,0.003,0.0615,-0.117,301.25,0.0
2026-05-28T02:14:39.821467+00:00,1779934479821,delta,0.997,0.88,0.9385,-0.117,0.12,0.003,0.0615,-0.117,304.9,0.0
2026-05-28T02:14:39.874453+00:00,1779934479874,delta,0.997,0.88,0.9385,-0.117,0.12,0.003,0.0615,-0.117,303.65,0.0
2026-05-28T02:14:39.875205+00:00,1779934479875,delta,0.997,0.88,0.9385,-0.117,0.12,0.003,0.0615,-0.117,291.46,0.0
2026-05-28T02:14:39.900947+00:00,1779934479900,delta,0.997,0.88,0.9385,-0.117,0.12,0.003,0.0615,-0.117,242.52,0.0
2026-05-28T02:14:39.901840+00:00,1779934479901,delta,0.997,0.88,0.9385,-0.117,0.12,0.003,0.0615,-0.117,292.52,0.0
2026-05-28T02:14:39.984463+00:00,1779934479984,delta,0.997,0.88,0.9385,-0.117,0.12,0.003,0.0615,-0.117,53.65,0.0
2026-05-28T02:14:39.985487+00:00,1779934479985,delta,0.997,0.88,0.9385,-0.117,0.12,0.003,0.0615,-0.117,50.0,0.0
2026-05-28T02:14:39.986304+00:00,1779934479986,delta,0.997,0.88,0.9385,-0.117,0.12,0.003,0.0615,-0.117,338.45,0.0
2026-05-28T02:14:39.986882+00:00,1779934479986,delta,0.997,0.88,0.9385,-0.117,0.12,0.003,0.0615,-0.117,130.97,0.0
2026-05-28T02:14:40.016655+00:00,1779934480016,delta,0.997,0.88,0.9385,-0.117,0.12,0.003,0.0615,-0.117,50.0,0.0
2026-05-28T02:14:40.048423+00:00,1779934480048,delta,0.997,0.88,0.9385,-0.117,0.12,0.003,0.0615,-0.117,50.0,0.0
2026-05-28T02:14:40.072086+00:00,1779934480072,delta,0.997,0.88,0.9385,-0.117,0.12,0.003,0.0615,-0.117,50.0,0.0
2026-05-28T02:14:40.072796+00:00,1779934480072,delta,0.997,0.88,0.9385,-0.117,0.12,0.003,0.0615,-0.117,50.0,0.0
2026-05-28T02:14:40.123905+00:00,1779934480123,delta,0.997,0.88,0.9385,-0.117,0.12,0.003,0.0615,-0.117,50.0,0.0
2026-05-28T02:14:40.124828+00:00,1779934480124,delta,0.997,0.88,0.9385,-0.117,0.12,0.003,0.0615,-0.117,50.0,0.0
2026-05-28T02:14:40.151056+00:00,1779934480151,delta,0.997,0.88,0.9385,-0.117,0.12,0.003,0.0615,-0.117,50.0,0.0
2026-05-28T02:14:40.151905+00:00,1779934480151,delta,0.997,0.88,0.9385,-0.117,0.12,0.003,0.0615,-0.117,50.0,0.0
2026-05-28T02:14:40.174999+00:00,1779934480174,delta,0.997,0.88,0.9385,-0.117,0.12,0.003,0.0615,-0.117,130.97,0.0
2026-05-28T02:14:40.175683+00:00,1779934480175,delta,0.997,0.88,0.9385,-0.117,0.12,0.003,0.0615,-0.117,40.6,0.0
2026-05-28T02:14:40.200066+00:00,1779934480200,delta,0.997,0.88,0.9385,-0.117,0.12,0.003,0.0615,-0.117,50.0,0.0
2026-05-28T02:14:40.237558+00:00,1779934480237,delta,0.997,0.88,0.9385,-0.117,0.12,0.003,0.0615,-0.117,50.0,0.0
2026-05-28T02:14:40.238413+00:00,1779934480238,delta,0.997,0.88,0.9385,-0.117,0.12,0.003,0.0615,-0.117,50.0,0.0
2026-05-28T02:14:40.242270+00:00,1779934480242,delta,0.997,0.88,0.9385,-0.117,0.12,0.003,0.0615,-0.117,50.0,0.0
2026-05-28T02:14:40.290493+00:00,1779934480290,delta,0.997,0.88,0.9385,-0.117,0.12,0.003,0.0615,-0.117,50.0,0.0
2026-05-28T02:14:40.291419+00:00,1779934480291,delta,0.997,0.88,0.9385,-0.117,0.12,0.003,0.0615,-0.117,50.0,0.0
2026-05-28T02:14:40.292055+00:00,1779934480292,delta,0.997,0.88,0.9385,-0.117,0.12,0.003,0.0615,-0.117,50.0,0.0
2026-05-28T02:14:40.347220+00:00,1779934480347,delta,0.997,0.88,0.9385,-0.117,0.12,0.003,0.0615,-0.117,50.0,0.0
2026-05-28T02:14:40.347792+00:00,1779934480347,delta,0.997,0.88,0.9385,-0.117,0.12,0.003,0.0615,-0.117,50.0,0.0
2026-05-28T02:14:40.425953+00:00,1779934480425,delta,0.997,0.88,0.9385,-0.117,0.12,0.003,0.0615,-0.117,40.6,0.0
2026-05-28T02:14:40.426622+00:00,1779934480426,delta,0.997,0.88,0.9385,-0.117,0.12,0.003,0.0615,-0.117,38.45,0.0
2026-05-28T02:14:40.427154+00:00,1779934480427,delta,0.997,0.88,0.9385,-0.117,0.12,0.003,0.0615,-0.117,9.62,0.0
2026-05-28T02:14:40.427596+00:00,1779934480427,delta,0.997,0.88,0.9385,-0.117,0.12,0.003,0.0615,-0.117,300.0,0.0
2026-05-28T02:14:40.456263+00:00,1779934480456,delta,0.997,0.88,0.9385,-0.117,0.12,0.003,0.0615,-0.117,350.0,0.0
2026-05-28T02:14:40.477904+00:00,1779934480477,delta,0.997,0.88,0.9385,-0.117,0.12,0.003,0.0615,-0.117,350.0,0.0
2026-05-28T02:14:40.506013+00:00,1779934480506,delta,0.997,0.88,0.9385,-0.117,0.12,0.003,0.0615,-0.117,350.0,0.0
2026-05-28T02:14:40.507015+00:00,1779934480507,delta,0.997,0.88,0.9385,-0.117,0.12,0.003,0.0615,-0.117,350.0,0.0
2026-05-28T02:14:40.508039+00:00,1779934480508,delta,0.997,0.88,0.9385,-0.117,0.12,0.003,0.0615,-0.117,350.0,0.0
2026-05-28T02:14:40.535174+00:00,1779934480535,delta,0.997,0.88,0.9385,-0.117,0.12,0.003,0.0615,-0.117,350.0,0.0
2026-05-28T02:14:40.536679+00:00,1779934480536,delta,0.997,0.88,0.9385,-0.117,0.12,0.003,0.0615,-0.117,350.0,0.0
2026-05-28T02:14:40.688980+00:00,1779934480688,delta,0.997,0.88,0.9385,-0.117,0.12,0.003,0.0615,-0.117,50.0,0.0
2026-05-28T02:14:40.689653+00:00,1779934480689,delta,0.997,0.88,0.9385,-0.117,0.12,0.003,0.0615,-0.117,1038.49,0.0
2026-05-28T02:14:40.690165+00:00,1779934480690,delta,0.997,0.88,0.9385,-0.117,0.12,0.003,0.0615,-0.117,1028.49,0.0
2026-05-28T02:14:40.690634+00:00,1779934480690,delta,0.997,0.88,0.9385,-0.117,0.12,0.003,0.0615,-0.117,728.49,0.0
2026-05-28T02:14:40.691046+00:00,1779934480691,delta,0.997,0.88,0.9385,-0.117,0.12,0.003,0.0615,-0.117,608.32,0.0
2026-05-28T02:14:40.691504+00:00,1779934480691,delta,0.997,0.88,0.9385,-0.117,0.12,0.003,0.0615,-0.117,608.32,0.0
2026-05-28T02:14:40.719595+00:00,1779934480719,delta,0.997,0.88,0.9385,-0.117,0.12,0.003,0.0615,-0.117,608.32,0.0
2026-05-28T02:14:40.720346+00:00,1779934480720,delta,0.997,0.88,0.9385,-0.117,0.12,0.003,0.0615,-0.117,50.0,0.0
2026-05-28T02:14:40.720999+00:00,1779934480720,delta,0.997,0.88,0.9385,-0.117,0.12,0.003,0.0615,-0.117,50.0,0.0
2026-05-28T02:14:40.742805+00:00,1779934480742,delta,0.997,0.88,0.9385,-0.117,0.12,0.003,0.0615,-0.117,50.0,0.0
2026-05-28T02:14:40.774613+00:00,1779934480774,delta,0.997,0.88,0.9385,-0.117,0.12,0.003,0.0615,-0.117,50.0,0.0
2026-05-28T02:14:40.775627+00:00,1779934480775,delta,0.997,0.88,0.9385,-0.117,0.12,0.003,0.0615,-0.117,50.0,0.0
2026-05-28T02:14:40.776658+00:00,1779934480776,delta,0.997,0.88,0.9385,-0.117,0.12,0.003,0.0615,-0.117,50.0,0.0
2026-05-28T02:14:40.777468+00:00,1779934480777,delta,0.997,0.88,0.9385,-0.117,0.12,0.003,0.0615,-0.117,50.0,0.0
2026-05-28T02:14:40.797683+00:00,1779934480797,delta,0.997,0.88,0.9385,-0.117,0.12,0.003,0.0615,-0.117,50.0,0.0
2026-05-28T02:14:40.804974+00:00,1779934480804,delta,0.997,0.88,0.9385,-0.117,0.12,0.003,0.0615,-0.117,50.0,0.0
2026-05-28T02:14:40.825936+00:00,1779934480825,delta,0.997,0.88,0.9385,-0.117,0.12,0.003,0.0615,-0.117,50.0,0.0
2026-05-28T02:14:40.827704+00:00,1779934480827,delta,0.997,0.88,0.9385,-0.117,0.12,0.003,0.0615,-0.117,50.0,0.0
2026-05-28T02:14:40.829243+00:00,1779934480829,delta,0.997,0.88,0.9385,-0.117,0.12,0.003,0.0615,-0.117,50.0,0.0
2026-05-28T02:14:40.949462+00:00,1779934480949,delta,0.997,0.88,0.9385,-0.117,0.12,0.003,0.0615,-0.117,9.7,0.0
2026-05-28T02:14:40.951802+00:00,1779934480951,delta,0.997,0.88,0.9385,-0.117,0.12,0.003,0.0615,-0.117,9.7,0.0
2026-05-28T02:14:40.952572+00:00,1779934480952,delta,0.997,0.88,0.9385,-0.117,0.12,0.003,0.0615,-0.117,9.7,0.0
2026-05-28T02:14:40.953212+00:00,1779934480953,delta,0.997,0.88,0.9385,-0.117,0.12,0.003,0.0615,-0.117,9.7,0.0
2026-05-28T02:14:40.953952+00:00,1779934480953,delta,0.997,0.88,0.9385,-0.117,0.12,0.003,0.0615,-0.117,9.7,0.0
2026-05-28T02:14:40.954664+00:00,1779934480954,delta,0.997,0.88,0.9385,-0.117,0.12,0.003,0.0615,-0.117,9.7,0.0
2026-05-28T02:14:40.955735+00:00,1779934480955,delta,0.997,0.88,0.9385,-0.117,0.12,0.003,0.0615,-0.117,9.7,0.0
2026-05-28T02:14:40.956666+00:00,1779934480956,delta,0.997,0.88,0.9385,-0.117,0.12,0.003,0.0615,-0.117,9.7,0.0
2026-05-28T02:14:40.970000+00:00,1779934480970,delta,0.997,0.88,0.9385,-0.117,0.12,0.003,0.0615,-0.117,9.7,0.0
2026-05-28T02:14:40.970580+00:00,1779934480970,delta,0.997,0.88,0.9385,-0.117,0.12,0.003,0.0615,-0.117,9.7,0.0
2026-05-28T02:14:40.996770+00:00,1779934480996,delta,0.997,0.88,0.9385,-0.117,0.12,0.003,0.0615,-0.117,9.7,0.0
2026-05-28T02:14:40.998446+00:00,1779934480998,delta,0.997,0.88,0.9385,-0.117,0.12,0.003,0.0615,-0.117,9.7,0.0
2026-05-28T02:14:41.021494+00:00,1779934481021,delta,0.997,0.88,0.9385,-0.117,0.12,0.003,0.0615,-0.117,9.7,0.0
2026-05-28T02:14:41.022278+00:00,1779934481022,delta,0.997,0.88,0.9385,-0.117,0.12,0.003,0.0615,-0.117,5.27,0.0
2026-05-28T02:14:41.048375+00:00,1779934481048,delta,0.997,0.88,0.9385,-0.117,0.12,0.003,0.0615,-0.117,5.27,0.0
2026-05-28T02:14:41.078878+00:00,1779934481078,delta,0.997,0.88,0.9385,-0.117,0.12,0.003,0.0615,-0.117,0.0,0.0
2026-05-28T02:14:41.079590+00:00,1779934481079,delta,0.997,0.88,0.9385,-0.117,0.12,0.003,0.0615,-0.117,0.0,0.0
2026-05-28T02:14:41.080174+00:00,1779934481080,delta,0.997,0.88,0.9385,-0.117,0.12,0.003,0.0615,-0.117,0.0,0.0
2026-05-28T02:14:41.080729+00:00,1779934481080,delta,0.997,0.88,0.9385,-0.117,0.12,0.003,0.0615,-0.117,0.0,0.0
2026-05-28T02:14:41.109184+00:00,1779934481109,delta,0.997,0.88,0.9385,-0.117,0.12,0.003,0.0615,-0.117,0.0,0.0
2026-05-28T02:14:41.109854+00:00,1779934481109,delta,0.997,0.88,0.9385,-0.117,0.12,0.003,0.0615,-0.117,0.0,0.0
2026-05-28T02:14:41.137689+00:00,1779934481137,delta,0.997,0.88,0.9385,-0.117,0.12,0.003,0.0615,-0.117,0.0,0.0
2026-05-28T02:14:41.138562+00:00,1779934481138,delta,0.997,0.88,0.9385,-0.117,0.12,0.003,0.0615,-0.117,0.0,0.0
2026-05-28T02:14:41.139241+00:00,1779934481139,delta,0.997,0.88,0.9385,-0.117,0.12,0.003,0.0615,-0.117,0.0,0.0
2026-05-28T02:14:41.140145+00:00,1779934481140,delta,0.997,0.88,0.9385,-0.117,0.12,0.003,0.0615,-0.117,0.0,0.0
2026-05-28T02:14:41.140937+00:00,1779934481140,delta,0.997,0.88,0.9385,-0.117,0.12,0.003,0.0615,-0.117,0.0,0.0
2026-05-28T02:14:41.141615+00:00,1779934481141,delta,0.997,0.88,0.9385,-0.117,0.12,0.003,0.0615,-0.117,0.0,0.0
2026-05-28T02:14:41.170843+00:00,1779934481170,delta,0.997,0.88,0.9385,-0.117,0.12,0.003,0.0615,-0.117,0.0,0.0
2026-05-28T02:14:41.171846+00:00,1779934481171,delta,0.997,0.88,0.9385,-0.117,0.12,0.003,0.0615,-0.117,0.0,0.0
2026-05-28T02:14:41.173351+00:00,1779934481173,delta,0.997,0.88,0.9385,-0.117,0.12,0.003,0.0615,-0.117,0.0,0.0
2026-05-28T02:14:41.173848+00:00,1779934481173,delta,0.997,0.88,0.9385,-0.117,0.12,0.003,0.0615,-0.117,0.0,0.0
2026-05-28T02:14:41.184604+00:00,1779934481184,delta,0.997,0.88,0.9385,-0.117,0.12,0.003,0.0615,-0.117,0.0,0.0
2026-05-28T02:14:41.185811+00:00,1779934481185,delta,0.997,0.88,0.9385,-0.117,0.12,0.003,0.0615,-0.117,0.0,0.0
2026-05-28T02:14:41.210670+00:00,1779934481210,delta,0.997,0.88,0.9385,-0.117,0.12,0.003,0.0615,-0.117,0.0,0.0
2026-05-28T02:14:41.211504+00:00,1779934481211,delta,0.997,0.88,0.9385,-0.117,0.12,0.003,0.0615,-0.117,0.0,0.0
2026-05-28T02:14:41.212098+00:00,1779934481212,delta,0.997,0.88,0.9385,-0.117,0.12,0.003,0.0615,-0.117,0.0,0.0
2026-05-28T02:14:41.212628+00:00,1779934481212,delta,0.997,0.88,0.9385,-0.117,0.12,0.003,0.0615,-0.117,0.0,0.0
2026-05-28T02:14:41.213108+00:00,1779934481213,delta,0.997,0.88,0.9385,-0.117,0.12,0.003,0.0615,-0.117,0.0,0.0
2026-05-28T02:14:41.213666+00:00,1779934481213,delta,0.997,0.88,0.9385,-0.117,0.12,0.003,0.0615,-0.117,0.0,0.0
2026-05-28T02:14:41.259846+00:00,1779934481259,delta,0.997,0.88,0.9385,-0.117,0.12,0.003,0.0615,-0.117,0.0,0.0
2026-05-28T02:14:41.261180+00:00,1779934481261,delta,0.997,0.88,0.9385,-0.117,0.12,0.003,0.0615,-0.117,0.0,0.0
2026-05-28T02:14:41.262313+00:00,1779934481262,delta,0.997,0.88,0.9385,-0.117,0.12,0.003,0.0615,-0.117,0.0,0.0
2026-05-28T02:14:41.267245+00:00,1779934481267,delta,0.997,0.88,0.9385,-0.117,0.12,0.003,0.0615,-0.117,0.0,0.0
2026-05-28T02:14:41.268205+00:00,1779934481268,delta,0.997,0.88,0.9385,-0.117,0.12,0.003,0.0615,-0.117,0.0,0.0
2026-05-28T02:14:41.269693+00:00,1779934481269,delta,0.997,0.88,0.9385,-0.117,0.12,0.003,0.0615,-0.117,0.0,0.0
2026-05-28T02:14:41.270280+00:00,1779934481270,delta,0.997,0.88,0.9385,-0.117,0.12,0.003,0.0615,-0.117,0.0,0.0
2026-05-28T02:14:41.270748+00:00,1779934481270,delta,0.997,0.88,0.9385,-0.117,0.12,0.003,0.0615,-0.117,0.0,0.0
2026-05-28T02:14:41.271276+00:00,1779934481271,delta,0.997,0.88,0.9385,-0.117,0.12,0.003,0.0615,-0.117,0.0,0.0
2026-05-28T02:14:41.271749+00:00,1779934481271,delta,0.997,0.88,0.9385,-0.117,0.12,0.003,0.0615,-0.117,0.0,0.0
2026-05-28T02:14:41.272190+00:00,1779934481272,delta,0.997,0.88,0.9385,-0.117,0.12,0.003,0.0615,-0.117,0.0,0.0
2026-05-28T02:14:41.288873+00:00,1779934481288,delta,0.997,0.88,0.9385,-0.117,0.12,0.003,0.0615,-0.117,0.0,0.0
2026-05-28T02:14:41.289478+00:00,1779934481289,delta,0.997,0.88,0.9385,-0.117,0.12,0.003,0.0615,-0.117,0.0,0.0
2026-05-28T02:14:41.289979+00:00,1779934481289,delta,0.997,0.88,0.9385,-0.117,0.12,0.003,0.0615,-0.117,0.0,0.0
2026-05-28T02:14:41.318897+00:00,1779934481318,delta,0.997,0.88,0.9385,-0.117,0.12,0.003,0.0615,-0.117,0.0,0.0
2026-05-28T02:14:41.321537+00:00,1779934481321,delta,0.997,0.88,0.9385,-0.117,0.12,0.003,0.0615,-0.117,0.0,0.0
2026-05-28T02:14:41.400424+00:00,1779934481400,delta,0.997,0.88,0.9385,-0.117,0.12,0.003,0.0615,-0.117,0.0,0.0
2026-05-28T02:14:41.401583+00:00,1779934481401,delta,0.997,0.88,0.9385,-0.117,0.12,0.003,0.0615,-0.117,0.0,0.0
2026-05-28T02:14:41.455613+00:00,1779934481455,delta,0.997,0.88,0.9385,-0.117,0.12,0.003,0.0615,-0.117,0.0,0.0
2026-05-28T02:14:41.456362+00:00,1779934481456,delta,0.997,0.88,0.9385,-0.117,0.12,0.003,0.0615,-0.117,0.0,0.0
2026-05-28T02:14:41.456885+00:00,1779934481456,delta,0.997,0.88,0.9385,-0.117,0.12,0.003,0.0615,-0.117,0.0,0.0
2026-05-28T02:14:41.486095+00:00,1779934481486,delta,0.997,0.88,0.9385,-0.117,0.12,0.003,0.0615,-0.117,0.0,0.0
2026-05-28T02:14:41.560680+00:00,1779934481560,delta,0.997,0.88,0.9385,-0.117,0.12,0.003,0.0615,-0.117,0.0,0.0
2026-05-28T02:14:41.669668+00:00,1779934481669,delta,0.997,0.88,0.9385,-0.117,0.12,0.003,0.0615,-0.117,0.0,0.0
2026-05-28T02:14:41.670865+00:00,1779934481670,delta,0.997,0.88,0.9385,-0.117,0.12,0.003,0.0615,-0.117,0.0,0.0
2026-05-28T02:14:41.672650+00:00,1779934481672,delta,0.997,0.88,0.9385,-0.117,0.12,0.003,0.0615,-0.117,0.0,0.0
2026-05-28T02:14:41.726222+00:00,1779934481726,delta,0.997,0.88,0.9385,-0.117,0.12,0.003,0.0615,-0.117,0.0,0.0
2026-05-28T02:14:41.726918+00:00,1779934481726,delta,0.997,0.88,0.9385,-0.117,0.12,0.003,0.0615,-0.117,0.0,0.0
2026-05-28T02:14:41.758972+00:00,1779934481758,delta,0.997,0.88,0.9385,-0.117,0.12,0.003,0.0615,-0.117,0.0,0.0
2026-05-28T02:14:41.759646+00:00,1779934481759,delta,0.997,0.88,0.9385,-0.117,0.12,0.003,0.0615,-0.117,0.0,0.0
2026-05-28T02:14:41.760160+00:00,1779934481760,delta,0.997,0.88,0.9385,-0.117,0.12,0.003,0.0615,-0.117,0.0,0.0
2026-05-28T02:14:41.815937+00:00,1779934481815,delta,0.997,0.88,0.9385,-0.117,0.12,0.003,0.0615,-0.117,0.0,0.0
2026-05-28T02:14:41.817832+00:00,1779934481817,delta,0.997,0.88,0.9385,-0.117,0.12,0.003,0.0615,-0.117,0.0,0.0
2026-05-28T02:14:41.871874+00:00,1779934481871,delta,0.997,0.88,0.9385,-0.117,0.12,0.003,0.0615,-0.117,0.0,0.0
2026-05-28T02:14:42.060916+00:00,1779934482060,delta,0.997,0.88,0.9385,-0.117,0.12,0.003,0.0615,-0.117,0.0,0.0
2026-05-28T02:14:42.061562+00:00,1779934482061,delta,0.997,0.88,0.9385,-0.117,0.12,0.003,0.0615,-0.117,0.0,0.0
2026-05-28T02:14:42.062047+00:00,1779934482062,delta,0.997,0.88,0.9385,-0.117,0.12,0.003,0.0615,-0.117,0.0,0.0
2026-05-28T02:14:42.062566+00:00,1779934482062,delta,0.997,0.88,0.9385,-0.117,0.12,0.003,0.0615,-0.117,0.0,0.0
2026-05-28T02:14:42.092300+00:00,1779934482092,delta,0.997,0.88,0.9385,-0.117,0.12,0.003,0.0615,-0.117,0.0,0.0
2026-05-28T02:14:42.092990+00:00,1779934482092,delta,0.997,0.88,0.9385,-0.117,0.12,0.003,0.0615,-0.117,0.0,0.0
2026-05-28T02:14:42.093550+00:00,1779934482093,delta,0.997,0.88,0.9385,-0.117,0.12,0.003,0.0615,-0.117,0.0,0.0
2026-05-28T02:14:42.094022+00:00,1779934482094,delta,0.997,0.88,0.9385,-0.117,0.12,0.003,0.0615,-0.117,0.0,0.0
2026-05-28T02:14:42.094482+00:00,1779934482094,delta,0.997,0.88,0.9385,-0.117,0.12,0.003,0.0615,-0.117,0.0,0.0
2026-05-28T02:14:42.094898+00:00,1779934482094,delta,0.997,0.88,0.9385,-0.117,0.12,0.003,0.0615,-0.117,175.0,0.0
2026-05-28T02:14:42.095289+00:00,1779934482095,delta,0.997,0.88,0.9385,-0.117,0.12,0.003,0.0615,-0.117,175.0,0.0
2026-05-28T02:14:42.095681+00:00,1779934482095,delta,0.997,0.88,0.9385,-0.117,0.12,0.003,0.0615,-0.117,175.0,0.0
2026-05-28T02:14:42.096070+00:00,1779934482096,delta,0.997,0.88,0.9385,-0.117,0.12,0.003,0.0615,-0.117,175.0,0.0
2026-05-28T02:14:42.119198+00:00,1779934482119,delta,0.997,0.88,0.9385,-0.117,0.12,0.003,0.0615,-0.117,175.0,0.0
2026-05-28T02:14:42.122041+00:00,1779934482122,delta,0.997,0.88,0.9385,-0.117,0.12,0.003,0.0615,-0.117,175.0,0.0
2026-05-28T02:14:42.146469+00:00,1779934482146,delta,0.997,0.88,0.9385,-0.117,0.12,0.003,0.0615,-0.117,175.0,0.0
2026-05-28T02:14:42.170428+00:00,1779934482170,delta,0.997,0.88,0.9385,-0.117,0.12,0.003,0.0615,-0.117,226.07,0.0
2026-05-28T02:14:42.230328+00:00,1779934482230,delta,0.997,0.88,0.9385,-0.117,0.12,0.003,0.0615,-0.117,226.07,0.0
2026-05-28T02:14:42.233030+00:00,1779934482233,delta,0.997,0.88,0.9385,-0.117,0.12,0.003,0.0615,-0.117,226.07,0.0
2026-05-28T02:14:42.287131+00:00,1779934482287,delta,0.997,0.88,0.9385,-0.117,0.12,0.003,0.0615,-0.117,226.07,0.0
2026-05-28T02:14:42.288306+00:00,1779934482288,delta,0.997,0.88,0.9385,-0.117,0.12,0.003,0.0615,-0.117,226.07,0.0
2026-05-28T02:14:42.342501+00:00,1779934482342,delta,0.997,0.88,0.9385,-0.117,0.12,0.003,0.0615,-0.117,226.07,0.0
2026-05-28T02:14:42.343682+00:00,1779934482343,delta,0.997,0.88,0.9385,-0.117,0.12,0.003,0.0615,-0.117,226.07,0.0
2026-05-28T02:14:42.344609+00:00,1779934482344,delta,0.997,0.88,0.9385,-0.117,0.12,0.003,0.0615,-0.117,226.07,0.0
2026-05-28T02:14:42.345515+00:00,1779934482345,delta,0.997,0.88,0.9385,-0.117,0.12,0.003,0.0615,-0.117,226.07,0.0
2026-05-28T02:14:42.346011+00:00,1779934482346,delta,0.997,0.88,0.9385,-0.117,0.12,0.003,0.0615,-0.117,420.59,0.0
2026-05-28T02:14:42.346575+00:00,1779934482346,delta,0.997,0.88,0.9385,-0.117,0.12,0.003,0.0615,-0.117,366.11,0.0
2026-05-28T02:14:42.369600+00:00,1779934482369,delta,0.997,0.88,0.9385,-0.117,0.12,0.003,0.0615,-0.117,366.11,0.0
2026-05-28T02:14:42.370322+00:00,1779934482370,delta,0.997,0.88,0.9385,-0.117,0.12,0.003,0.0615,-0.117,366.11,0.0
2026-05-28T02:14:42.370773+00:00,1779934482370,delta,0.997,0.88,0.9385,-0.117,0.12,0.003,0.0615,-0.117,366.11,0.0
2026-05-28T02:14:42.371209+00:00,1779934482371,delta,0.997,0.88,0.9385,-0.117,0.12,0.003,0.0615,-0.117,366.11,0.0
2026-05-28T02:14:42.394154+00:00,1779934482394,delta,0.997,0.88,0.9385,-0.117,0.12,0.003,0.0615,-0.117,315.04,0.0
2026-05-28T02:14:42.395450+00:00,1779934482395,delta,0.997,0.88,0.9385,-0.117,0.12,0.003,0.0615,-0.117,315.04,0.0
2026-05-28T02:14:42.421779+00:00,1779934482421,delta,0.997,0.88,0.9385,-0.117,0.12,0.003,0.0615,-0.117,315.04,0.0
2026-05-28T02:14:42.422471+00:00,1779934482422,delta,0.997,0.88,0.9385,-0.117,0.12,0.003,0.0615,-0.117,315.04,0.0
2026-05-28T02:14:42.422979+00:00,1779934482422,delta,0.997,0.88,0.9385,-0.117,0.12,0.003,0.0615,-0.117,315.04,0.0
2026-05-28T02:14:42.427940+00:00,1779934482427,delta,0.997,0.88,0.9385,-0.117,0.12,0.003,0.0615,-0.117,315.04,0.0
2026-05-28T02:14:42.481818+00:00,1779934482481,delta,0.997,0.88,0.9385,-0.117,0.12,0.003,0.0615,-0.117,369.1,0.0
2026-05-28T02:14:42.483146+00:00,1779934482483,delta,0.997,0.88,0.9385,-0.117,0.12,0.003,0.0615,-0.117,278.29,0.0
2026-05-28T02:14:42.536587+00:00,1779934482536,delta,0.997,0.88,0.9385,-0.117,0.12,0.003,0.0615,-0.117,578.29,0.0
2026-05-28T02:14:42.537604+00:00,1779934482537,delta,0.997,0.88,0.9385,-0.117,0.12,0.003,0.0615,-0.117,524.23,0.0
2026-05-28T02:14:42.627293+00:00,1779934482627,delta,0.997,0.88,0.9385,-0.117,0.12,0.003,0.0615,-0.117,578.29,0.0
2026-05-28T02:14:42.661261+00:00,1779934482661,delta,0.997,0.88,0.9385,-0.117,0.12,0.003,0.0615,-0.117,578.29,0.0
2026-05-28T02:14:42.729653+00:00,1779934482729,delta,0.997,0.88,0.9385,-0.117,0.12,0.003,0.0615,-0.117,578.29,0.0
2026-05-28T02:14:42.807125+00:00,1779934482807,delta,0.997,0.88,0.9385,-0.117,0.12,0.003,0.0615,-0.117,578.29,0.0
2026-05-28T02:14:42.833412+00:00,1779934482833,delta,0.997,0.88,0.9385,-0.117,0.12,0.003,0.0615,-0.117,529.06,0.0
2026-05-28T02:14:42.835272+00:00,1779934482835,delta,0.997,0.88,0.9385,-0.117,0.12,0.003,0.0615,-0.117,229.06,0.0
2026-05-28T02:14:42.837100+00:00,1779934482837,delta,0.997,0.88,0.9385,-0.117,0.12,0.003,0.0615,-0.117,175.0,0.0
2026-05-28T02:14:42.838015+00:00,1779934482838,delta,0.997,0.88,0.9385,-0.117,0.12,0.003,0.0615,-0.117,76.48,0.0
2026-05-28T02:14:42.859342+00:00,1779934482859,delta,0.997,0.88,0.9385,-0.117,0.12,0.003,0.0615,-0.117,76.48,0.0
2026-05-28T02:14:42.860142+00:00,1779934482860,delta,0.997,0.88,0.9385,-0.117,0.12,0.003,0.0615,-0.117,76.48,0.0
2026-05-28T02:14:42.860775+00:00,1779934482860,delta,0.997,0.88,0.9385,-0.117,0.12,0.003,0.0615,-0.117,76.48,0.0
2026-05-28T02:14:42.861351+00:00,1779934482861,delta,0.997,0.88,0.9385,-0.117,0.12,0.003,0.0615,-0.117,73.91,0.0
2026-05-28T02:14:42.884136+00:00,1779934482884,delta,0.997,0.88,0.9385,-0.117,0.12,0.003,0.0615,-0.117,73.91,0.0
2026-05-28T02:14:42.914467+00:00,1779934482914,delta,0.997,0.88,0.9385,-0.117,0.12,0.003,0.0615,-0.117,124.98,0.0
2026-05-28T02:14:42.915244+00:00,1779934482915,delta,0.997,0.88,0.9385,-0.117,0.12,0.003,0.0615,-0.117,124.98,0.0
2026-05-28T02:14:42.916334+00:00,1779934482916,delta,0.997,0.88,0.9385,-0.117,0.12,0.003,0.0615,-0.117,124.98,0.0
2026-05-28T02:14:42.917400+00:00,1779934482917,delta,0.997,0.88,0.9385,-0.117,0.12,0.003,0.0615,-0.117,51.07,0.0
2026-05-28T02:14:42.917918+00:00,1779934482917,delta,0.997,0.88,0.9385,-0.117,0.12,0.003,0.0615,-0.117,13.17,0.0
2026-05-28T02:14:42.969183+00:00,1779934482969,delta,0.997,0.88,0.9385,-0.117,0.12,0.003,0.0615,-0.117,0.0,0.0
2026-05-28T02:14:42.969900+00:00,1779934482969,delta,0.997,0.88,0.9385,-0.117,0.12,0.003,0.0615,-0.117,0.0,0.0
2026-05-28T02:14:42.997531+00:00,1779934482997,delta,0.997,0.88,0.9385,-0.117,0.12,0.003,0.0615,-0.117,0.0,0.0
2026-05-28T02:14:43.023727+00:00,1779934483023,delta,0.997,0.88,0.9385,-0.117,0.12,0.003,0.0615,-0.117,0.0,0.0
2026-05-28T02:14:43.049013+00:00,1779934483049,delta,0.997,0.88,0.9385,-0.117,0.12,0.003,0.0615,-0.117,0.0,0.0
2026-05-28T02:14:43.050376+00:00,1779934483050,delta,0.997,0.88,0.9385,-0.117,0.12,0.003,0.0615,-0.117,0.0,0.0
2026-05-28T02:14:43.051489+00:00,1779934483051,delta,0.997,0.88,0.9385,-0.117,0.12,0.003,0.0615,-0.117,0.0,0.0
2026-05-28T02:14:43.080219+00:00,1779934483080,delta,0.997,0.88,0.9385,-0.117,0.12,0.003,0.0615,-0.117,0.0,0.0
2026-05-28T02:14:43.133345+00:00,1779934483133,delta,0.997,0.88,0.9385,-0.117,0.12,0.003,0.0615,-0.117,0.0,0.0
2026-05-28T02:14:43.134810+00:00,1779934483134,delta,0.997,0.88,0.9385,-0.117,0.12,0.003,0.0615,-0.117,0.0,0.0
2026-05-28T02:14:43.136721+00:00,1779934483136,delta,0.997,0.88,0.9385,-0.117,0.12,0.003,0.0615,-0.117,0.0,0.0
2026-05-28T02:14:43.137258+00:00,1779934483137,delta,0.997,0.88,0.9385,-0.117,0.12,0.003,0.0615,-0.117,0.0,0.0
2026-05-28T02:14:43.137739+00:00,1779934483137,delta,0.997,0.88,0.9385,-0.117,0.12,0.003,0.0615,-0.117,0.0,0.0
2026-05-28T02:14:43.138352+00:00,1779934483138,delta,0.997,0.88,0.9385,-0.117,0.12,0.003,0.0615,-0.117,0.0,0.0
2026-05-28T02:14:43.139034+00:00,1779934483139,delta,0.997,0.88,0.9385,-0.117,0.12,0.003,0.0615,-0.117,0.0,0.0
2026-05-28T02:14:43.162265+00:00,1779934483162,delta,0.997,0.88,0.9385,-0.117,0.12,0.003,0.0615,-0.117,0.0,0.0
2026-05-28T02:14:43.163156+00:00,1779934483163,delta,0.997,0.88,0.9385,-0.117,0.12,0.003,0.0615,-0.117,0.0,0.0
2026-05-28T02:14:43.163882+00:00,1779934483163,delta,0.997,0.88,0.9385,-0.117,0.12,0.003,0.0615,-0.117,0.0,0.0
2026-05-28T02:14:43.164577+00:00,1779934483164,delta,0.997,0.88,0.9385,-0.117,0.12,0.003,0.0615,-0.117,0.0,0.0
2026-05-28T02:14:43.165235+00:00,1779934483165,delta,0.997,0.88,0.9385,-0.117,0.12,0.003,0.0615,-0.117,0.0,0.0
2026-05-28T02:14:43.186246+00:00,1779934483186,delta,0.997,0.88,0.9385,-0.117,0.12,0.003,0.0615,-0.117,0.0,0.0
2026-05-28T02:14:43.215072+00:00,1779934483215,delta,0.997,0.88,0.9385,-0.117,0.12,0.003,0.0615,-0.117,0.0,0.0
2026-05-28T02:14:43.215747+00:00,1779934483215,delta,0.997,0.88,0.9385,-0.117,0.12,0.003,0.0615,-0.117,50.0,0.0
2026-05-28T02:14:43.218316+00:00,1779934483218,delta,0.997,0.88,0.9385,-0.117,0.12,0.003,0.0615,-0.117,0.0,0.0
2026-05-28T02:14:43.220143+00:00,1779934483220,delta,0.997,0.88,0.9385,-0.117,0.12,0.003,0.0615,-0.117,0.0,0.0
2026-05-28T02:14:43.220937+00:00,1779934483220,delta,0.997,0.88,0.9385,-0.117,0.12,0.003,0.0615,-0.117,0.0,0.0
2026-05-28T02:14:43.221466+00:00,1779934483221,delta,0.997,0.88,0.9385,-0.117,0.12,0.003,0.0615,-0.117,0.0,0.0
2026-05-28T02:14:43.221950+00:00,1779934483221,delta,0.997,0.88,0.9385,-0.117,0.12,0.003,0.0615,-0.117,0.0,0.0
2026-05-28T02:14:43.268042+00:00,1779934483268,delta,0.997,0.88,0.9385,-0.117,0.12,0.003,0.0615,-0.117,0.0,0.0
2026-05-28T02:14:43.269844+00:00,1779934483269,delta,0.997,0.88,0.9385,-0.117,0.12,0.003,0.0615,-0.117,0.0,0.0
2026-05-28T02:14:43.270662+00:00,1779934483270,delta,0.997,0.88,0.9385,-0.117,0.12,0.003,0.0615,-0.117,0.0,0.0
2026-05-28T02:14:43.271405+00:00,1779934483271,delta,0.997,0.88,0.9385,-0.117,0.12,0.003,0.0615,-0.117,0.0,0.0
2026-05-28T02:14:43.272202+00:00,1779934483272,delta,0.997,0.88,0.9385,-0.117,0.12,0.003,0.0615,-0.117,0.0,0.0
2026-05-28T02:14:43.298637+00:00,1779934483298,delta,0.997,0.88,0.9385,-0.117,0.12,0.003,0.0615,-0.117,0.0,0.0
2026-05-28T02:14:43.300490+00:00,1779934483300,delta,0.997,0.88,0.9385,-0.117,0.12,0.003,0.0615,-0.117,50.0,0.0
2026-05-28T02:14:43.351966+00:00,1779934483351,delta,0.997,0.88,0.9385,-0.117,0.12,0.003,0.0615,-0.117,50.0,0.0
2026-05-28T02:14:43.354020+00:00,1779934483354,delta,0.997,0.88,0.9385,-0.117,0.12,0.003,0.0615,-0.117,50.0,0.0
2026-05-28T02:14:43.383327+00:00,1779934483383,delta,0.997,0.88,0.9385,-0.117,0.12,0.003,0.0615,-0.117,50.0,0.0
2026-05-28T02:14:43.385400+00:00,1779934483385,delta,0.997,0.88,0.9385,-0.117,0.12,0.003,0.0615,-0.117,50.0,0.0
2026-05-28T02:14:43.387321+00:00,1779934483387,delta,0.997,0.88,0.9385,-0.117,0.12,0.003,0.0615,-0.117,350.0,0.0
2026-05-28T02:14:43.406098+00:00,1779934483406,delta,0.997,0.88,0.9385,-0.117,0.12,0.003,0.0615,-0.117,350.0,0.0
2026-05-28T02:14:43.406613+00:00,1779934483406,delta,0.997,0.88,0.9385,-0.117,0.12,0.003,0.0615,-0.117,368.0,0.0
2026-05-28T02:14:43.407043+00:00,1779934483407,delta,0.997,0.88,0.9385,-0.117,0.12,0.003,0.0615,-0.117,368.0,0.0
2026-05-28T02:14:43.407433+00:00,1779934483407,delta,0.997,0.88,0.9385,-0.117,0.12,0.003,0.0615,-0.117,368.0,0.0
2026-05-28T02:14:43.431115+00:00,1779934483431,delta,0.997,0.88,0.9385,-0.117,0.12,0.003,0.0615,-0.117,415.67,0.0
2026-05-28T02:14:43.459600+00:00,1779934483459,delta,0.997,0.88,0.9385,-0.117,0.12,0.003,0.0615,-0.117,365.67,0.0
2026-05-28T02:14:43.460265+00:00,1779934483460,delta,0.997,0.88,0.9385,-0.117,0.12,0.003,0.0615,-0.117,415.67,0.0
2026-05-28T02:14:43.466315+00:00,1779934483466,delta,0.997,0.88,0.9385,-0.117,0.12,0.003,0.0615,-0.117,368.0,0.0
2026-05-28T02:14:43.467304+00:00,1779934483467,delta,0.997,0.88,0.9385,-0.117,0.12,0.003,0.0615,-0.117,368.0,0.0
2026-05-28T02:14:43.516248+00:00,1779934483516,delta,0.997,0.88,0.9385,-0.117,0.12,0.003,0.0615,-0.117,368.0,0.0
2026-05-28T02:14:43.539212+00:00,1779934483539,delta,0.997,0.88,0.9385,-0.117,0.12,0.003,0.0615,-0.117,419.07,0.0
2026-05-28T02:14:43.563401+00:00,1779934483563,delta,0.997,0.88,0.9385,-0.117,0.12,0.003,0.0615,-0.117,401.07,0.0
2026-05-28T02:14:43.564112+00:00,1779934483564,delta,0.997,0.88,0.9385,-0.117,0.12,0.003,0.0615,-0.117,351.07,0.0
2026-05-28T02:14:43.564600+00:00,1779934483564,delta,0.997,0.88,0.9385,-0.117,0.12,0.003,0.0615,-0.117,302.37,0.0
2026-05-28T02:14:43.587300+00:00,1779934483587,delta,0.997,0.88,0.9385,-0.117,0.12,0.003,0.0615,-0.117,302.37,0.0
2026-05-28T02:14:43.587967+00:00,1779934483587,delta,0.997,0.88,0.9385,-0.117,0.12,0.003,0.0615,-0.117,302.37,0.0
2026-05-28T02:14:43.588422+00:00,1779934483588,delta,0.997,0.88,0.9385,-0.117,0.12,0.003,0.0615,-0.117,302.37,0.0
2026-05-28T02:14:43.588844+00:00,1779934483588,delta,0.997,0.88,0.9385,-0.117,0.12,0.003,0.0615,-0.117,302.37,0.0
2026-05-28T02:14:43.618844+00:00,1779934483618,delta,0.997,0.88,0.9385,-0.117,0.12,0.003,0.0615,-0.117,300.0,0.0
2026-05-28T02:14:43.649366+00:00,1779934483649,delta,0.997,0.88,0.9385,-0.117,0.12,0.003,0.0615,-0.117,300.0,0.0
2026-05-28T02:14:43.650253+00:00,1779934483650,delta,0.997,0.88,0.9385,-0.117,0.12,0.003,0.0615,-0.117,300.0,0.0
2026-05-28T02:14:43.664054+00:00,1779934483664,delta,0.997,0.88,0.9385,-0.117,0.12,0.003,0.0615,-0.117,300.0,0.0
2026-05-28T02:14:43.664623+00:00,1779934483664,delta,0.997,0.88,0.9385,-0.117,0.12,0.003,0.0615,-0.117,300.0,0.0
2026-05-28T02:14:43.668264+00:00,1779934483668,delta,0.997,0.88,0.9385,-0.117,0.12,0.003,0.0615,-0.117,347.67,0.0
2026-05-28T02:14:43.670195+00:00,1779934483670,delta,0.997,0.88,0.9385,-0.117,0.12,0.003,0.0615,-0.117,347.67,0.0
2026-05-28T02:14:43.688473+00:00,1779934483688,delta,0.997,0.88,0.9385,-0.117,0.12,0.003,0.0615,-0.117,347.67,0.0
2026-05-28T02:14:43.689089+00:00,1779934483689,delta,0.997,0.88,0.9385,-0.117,0.12,0.003,0.0615,-0.117,347.67,0.0
2026-05-28T02:14:43.689532+00:00,1779934483689,delta,0.997,0.88,0.9385,-0.117,0.12,0.003,0.0615,-0.117,347.67,0.0
2026-05-28T02:14:43.715072+00:00,1779934483715,delta,0.997,0.88,0.9385,-0.117,0.12,0.003,0.0615,-0.117,647.67,0.0
2026-05-28T02:14:43.720022+00:00,1779934483720,delta,0.997,0.88,0.9385,-0.117,0.12,0.003,0.0615,-0.117,647.67,0.0
2026-05-28T02:14:43.720682+00:00,1779934483720,delta,0.997,0.88,0.9385,-0.117,0.12,0.003,0.0615,-0.117,647.67,0.0
2026-05-28T02:14:43.721206+00:00,1779934483721,delta,0.997,0.88,0.9385,-0.117,0.12,0.003,0.0615,-0.117,647.67,0.0
2026-05-28T02:14:43.746344+00:00,1779934483746,delta,0.997,0.88,0.9385,-0.117,0.12,0.003,0.0615,-0.117,647.67,0.0
2026-05-28T02:14:43.746998+00:00,1779934483746,delta,0.997,0.88,0.9385,-0.117,0.12,0.003,0.0615,-0.117,647.67,0.0
2026-05-28T02:14:43.774830+00:00,1779934483774,delta,0.997,0.88,0.9385,-0.117,0.12,0.003,0.0615,-0.117,358.59,0.0
2026-05-28T02:14:43.775573+00:00,1779934483775,delta,0.997,0.88,0.9385,-0.117,0.12,0.003,0.0615,-0.117,358.59,0.0
2026-05-28T02:14:43.778364+00:00,1779934483778,delta,0.997,0.88,0.9385,-0.117,0.12,0.003,0.0615,-0.117,358.59,0.0
2026-05-28T02:14:43.779041+00:00,1779934483779,delta,0.997,0.88,0.9385,-0.117,0.12,0.003,0.0615,-0.117,358.59,0.0
2026-05-28T02:14:43.804583+00:00,1779934483804,delta,0.997,0.88,0.9385,-0.117,0.12,0.003,0.0615,-0.117,358.59,0.0
2026-05-28T02:14:43.805323+00:00,1779934483805,delta,0.997,0.88,0.9385,-0.117,0.12,0.003,0.0615,-0.117,358.59,0.0
2026-05-28T02:14:43.805879+00:00,1779934483805,delta,0.997,0.88,0.9385,-0.117,0.12,0.003,0.0615,-0.117,358.59,0.0
2026-05-28T02:14:43.806409+00:00,1779934483806,delta,0.997,0.88,0.9385,-0.117,0.12,0.003,0.0615,-0.117,358.59,0.0
2026-05-28T02:14:43.806888+00:00,1779934483806,delta,0.997,0.88,0.9385,-0.117,0.12,0.003,0.0615,-0.117,358.59,0.0
2026-05-28T02:14:43.835576+00:00,1779934483835,delta,0.997,0.88,0.9385,-0.117,0.12,0.003,0.0615,-0.117,358.59,0.0
2026-05-28T02:14:43.836260+00:00,1779934483836,delta,0.997,0.88,0.9385,-0.117,0.12,0.003,0.0615,-0.117,358.59,0.0
2026-05-28T02:14:43.836851+00:00,1779934483836,delta,0.997,0.88,0.9385,-0.117,0.12,0.003,0.0615,-0.117,358.59,0.0
2026-05-28T02:14:43.851709+00:00,1779934483851,delta,0.997,0.88,0.9385,-0.117,0.12,0.003,0.0615,-0.117,358.59,0.0
2026-05-28T02:14:43.852733+00:00,1779934483852,delta,0.997,0.88,0.9385,-0.117,0.12,0.003,0.0615,-0.117,358.59,0.0
2026-05-28T02:14:43.883732+00:00,1779934483883,delta,0.997,0.88,0.9385,-0.117,0.12,0.003,0.0615,-0.117,358.59,0.0
2026-05-28T02:14:43.913208+00:00,1779934483913,delta,0.997,0.88,0.9385,-0.117,0.12,0.003,0.0615,-0.117,358.59,0.0
2026-05-28T02:14:43.914107+00:00,1779934483914,delta,0.997,0.88,0.9385,-0.117,0.12,0.003,0.0615,-0.117,358.59,0.0
2026-05-28T02:14:43.916153+00:00,1779934483916,delta,0.997,0.88,0.9385,-0.117,0.12,0.003,0.0615,-0.117,358.59,0.0
2026-05-28T02:14:43.917093+00:00,1779934483917,delta,0.997,0.88,0.9385,-0.117,0.12,0.003,0.0615,-0.117,358.59,0.0
2026-05-28T02:14:43.917891+00:00,1779934483917,delta,0.997,0.88,0.9385,-0.117,0.12,0.003,0.0615,-0.117,358.59,0.0
2026-05-28T02:14:43.919142+00:00,1779934483919,delta,0.997,0.88,0.9385,-0.117,0.12,0.003,0.0615,-0.117,358.59,0.0
2026-05-28T02:14:43.949655+00:00,1779934483949,delta,0.997,0.88,0.9385,-0.117,0.12,0.003,0.0615,-0.117,358.59,0.0
2026-05-28T02:14:43.950372+00:00,1779934483950,delta,0.997,0.88,0.9385,-0.117,0.12,0.003,0.0615,-0.117,358.59,0.0
2026-05-28T02:14:43.951012+00:00,1779934483951,delta,0.997,0.88,0.9385,-0.117,0.12,0.003,0.0615,-0.117,360.59,0.0
2026-05-28T02:14:43.951600+00:00,1779934483951,delta,0.997,0.88,0.9385,-0.117,0.12,0.003,0.0615,-0.117,540.59,0.0
2026-05-28T02:14:43.952077+00:00,1779934483952,delta,0.997,0.88,0.9385,-0.117,0.12,0.003,0.0615,-0.117,540.59,0.0
2026-05-28T02:14:43.952680+00:00,1779934483952,delta,0.997,0.88,0.9385,-0.117,0.12,0.003,0.0615,-0.117,740.59,0.0
2026-05-28T02:14:43.985930+00:00,1779934483985,delta,0.997,0.88,0.9385,-0.117,0.12,0.003,0.0615,-0.117,740.59,0.0
2026-05-28T02:14:43.986519+00:00,1779934483986,delta,0.997,0.88,0.9385,-0.117,0.12,0.003,0.0615,-0.117,740.59,0.0
2026-05-28T02:14:44.009578+00:00,1779934484009,delta,0.997,0.88,0.9385,-0.117,0.12,0.003,0.0615,-0.117,692.92,0.0
2026-05-28T02:14:44.010422+00:00,1779934484010,delta,0.997,0.88,0.9385,-0.117,0.12,0.003,0.0615,-0.117,692.92,0.0
2026-05-28T02:14:44.010935+00:00,1779934484010,delta,0.997,0.88,0.9385,-0.117,0.12,0.003,0.0615,-0.117,692.92,0.0
2026-05-28T02:14:44.011940+00:00,1779934484011,delta,0.997,0.88,0.9385,-0.117,0.12,0.003,0.0615,-0.117,743.99,0.0
2026-05-28T02:14:44.038718+00:00,1779934484038,delta,0.997,0.88,0.9385,-0.117,0.12,0.003,0.0615,-0.117,743.99,0.0
2026-05-28T02:14:44.039324+00:00,1779934484039,delta,0.997,0.88,0.9385,-0.117,0.12,0.003,0.0615,-0.117,743.99,0.0
2026-05-28T02:14:44.039913+00:00,1779934484039,delta,0.997,0.88,0.9385,-0.117,0.12,0.003,0.0615,-0.117,743.99,0.0
2026-05-28T02:14:44.051140+00:00,1779934484051,delta,0.997,0.88,0.9385,-0.117,0.12,0.003,0.0615,-0.117,743.99,0.0
2026-05-28T02:14:44.051928+00:00,1779934484051,delta,0.997,0.88,0.9385,-0.117,0.12,0.003,0.0615,-0.117,743.99,0.0
2026-05-28T02:14:44.052514+00:00,1779934484052,delta,0.997,0.88,0.9385,-0.117,0.12,0.003,0.0615,-0.117,743.99,0.0
2026-05-28T02:14:44.053239+00:00,1779934484053,delta,0.997,0.88,0.9385,-0.117,0.12,0.003,0.0615,-0.117,743.99,0.0
2026-05-28T02:14:44.053989+00:00,1779934484053,delta,0.997,0.88,0.9385,-0.117,0.12,0.003,0.0615,-0.117,743.99,0.0
2026-05-28T02:14:44.080535+00:00,1779934484080,delta,0.997,0.88,0.9385,-0.117,0.12,0.003,0.0615,-0.117,743.99,0.0
2026-05-28T02:14:44.106069+00:00,1779934484106,delta,0.997,0.88,0.9385,-0.117,0.12,0.003,0.0615,-0.117,743.99,0.0
2026-05-28T02:14:44.106813+00:00,1779934484106,delta,0.997,0.88,0.9385,-0.117,0.12,0.003,0.0615,-0.117,743.99,0.0
2026-05-28T02:14:44.137270+00:00,1779934484137,delta,0.997,0.88,0.9385,-0.117,0.12,0.003,0.0615,-0.117,65.07,0.0
2026-05-28T02:14:44.138003+00:00,1779934484138,delta,0.997,0.88,0.9385,-0.117,0.12,0.003,0.0615,-0.117,365.07,0.0
2026-05-28T02:14:44.166389+00:00,1779934484166,delta,0.997,0.88,0.9385,-0.117,0.12,0.003,0.0615,-0.117,365.07,0.0
2026-05-28T02:14:44.167650+00:00,1779934484167,delta,0.997,0.88,0.9385,-0.117,0.12,0.003,0.0615,-0.117,365.07,0.0
2026-05-28T02:14:44.169017+00:00,1779934484169,delta,0.997,0.88,0.9385,-0.117,0.12,0.003,0.0615,-0.117,365.07,0.0
2026-05-28T02:14:44.169995+00:00,1779934484169,delta,0.997,0.88,0.9385,-0.117,0.12,0.003,0.0615,-0.117,365.07,0.0
2026-05-28T02:14:44.170911+00:00,1779934484170,delta,0.997,0.88,0.9385,-0.117,0.12,0.003,0.0615,-0.117,365.07,0.0
2026-05-28T02:14:44.171471+00:00,1779934484171,delta,0.997,0.88,0.9385,-0.117,0.12,0.003,0.0615,-0.117,365.07,0.0
2026-05-28T02:14:44.194838+00:00,1779934484194,delta,0.997,0.88,0.9385,-0.117,0.12,0.003,0.0615,-0.117,314.0,0.0
2026-05-28T02:14:44.197216+00:00,1779934484197,delta,0.997,0.88,0.9385,-0.117,0.12,0.003,0.0615,-0.117,314.0,0.0
2026-05-28T02:14:44.226610+00:00,1779934484226,delta,0.997,0.88,0.9385,-0.117,0.12,0.003,0.0615,-0.117,314.0,0.0
2026-05-28T02:14:44.227579+00:00,1779934484227,delta,0.997,0.88,0.9385,-0.117,0.12,0.003,0.0615,-0.117,314.0,0.0
2026-05-28T02:14:44.232868+00:00,1779934484232,delta,0.997,0.88,0.9385,-0.117,0.12,0.003,0.0615,-0.117,365.01,0.0
2026-05-28T02:14:44.234595+00:00,1779934484234,delta,0.997,0.88,0.9385,-0.117,0.12,0.003,0.0615,-0.117,365.01,0.0
2026-05-28T02:14:44.236120+00:00,1779934484236,delta,0.997,0.88,0.9385,-0.117,0.12,0.003,0.0615,-0.117,365.01,0.0
2026-05-28T02:14:44.236750+00:00,1779934484236,delta,0.997,0.88,0.9385,-0.117,0.12,0.003,0.0615,-0.117,365.01,0.0
2026-05-28T02:14:44.237162+00:00,1779934484237,delta,0.997,0.88,0.9385,-0.117,0.12,0.003,0.0615,-0.117,365.01,0.0
2026-05-28T02:14:44.290014+00:00,1779934484290,delta,0.997,0.88,0.9385,-0.117,0.12,0.003,0.0615,-0.117,365.01,0.0
2026-05-28T02:14:44.290809+00:00,1779934484290,delta,0.997,0.88,0.9385,-0.117,0.12,0.003,0.0615,-0.117,365.01,0.0
2026-05-28T02:14:44.291400+00:00,1779934484291,delta,0.997,0.88,0.9385,-0.117,0.12,0.003,0.0615,-0.117,365.01,0.0
2026-05-28T02:14:44.291956+00:00,1779934484291,delta,0.997,0.88,0.9385,-0.117,0.12,0.003,0.0615,-0.117,97.01,0.0
2026-05-28T02:14:44.292638+00:00,1779934484292,delta,0.997,0.88,0.9385,-0.117,0.12,0.003,0.0615,-0.117,97.01,0.0
2026-05-28T02:14:44.293195+00:00,1779934484293,delta,0.997,0.88,0.9385,-0.117,0.12,0.003,0.0615,-0.117,97.01,0.0
2026-05-28T02:14:44.323023+00:00,1779934484323,delta,0.997,0.88,0.9385,-0.117,0.12,0.003,0.0615,-0.117,97.01,0.0
2026-05-28T02:14:44.323844+00:00,1779934484323,delta,0.997,0.88,0.9385,-0.117,0.12,0.003,0.0615,-0.117,97.01,0.0
2026-05-28T02:14:44.324380+00:00,1779934484324,delta,0.997,0.88,0.9385,-0.117,0.12,0.003,0.0615,-0.117,97.01,0.0
2026-05-28T02:14:44.371430+00:00,1779934484371,delta,0.997,0.88,0.9385,-0.117,0.12,0.003,0.0615,-0.117,97.01,0.0
2026-05-28T02:14:44.373014+00:00,1779934484373,delta,0.997,0.88,0.9385,-0.117,0.12,0.003,0.0615,-0.117,97.01,0.0
2026-05-28T02:14:44.373523+00:00,1779934484373,delta,0.997,0.88,0.9385,-0.117,0.12,0.003,0.0615,-0.117,97.01,0.0
2026-05-28T02:14:44.373961+00:00,1779934484373,delta,0.997,0.88,0.9385,-0.117,0.12,0.003,0.0615,-0.117,97.01,0.0
2026-05-28T02:14:44.377387+00:00,1779934484377,delta,0.997,0.88,0.9385,-0.117,0.12,0.003,0.0615,-0.117,97.01,0.0
2026-05-28T02:14:44.377992+00:00,1779934484377,delta,0.997,0.88,0.9385,-0.117,0.12,0.003,0.0615,-0.117,97.01,0.0
2026-05-28T02:14:44.378614+00:00,1779934484378,delta,0.997,0.88,0.9385,-0.117,0.12,0.003,0.0615,-0.117,365.01,0.0
2026-05-28T02:14:44.379077+00:00,1779934484379,delta,0.997,0.88,0.9385,-0.117,0.12,0.003,0.0615,-0.117,353.01,0.0
2026-05-28T02:14:44.379456+00:00,1779934484379,delta,0.997,0.88,0.9385,-0.117,0.12,0.003,0.0615,-0.117,337.11,0.0
2026-05-28T02:14:44.379874+00:00,1779934484379,delta,0.997,0.88,0.9385,-0.117,0.12,0.003,0.0615,-0.117,337.11,0.0
2026-05-28T02:14:44.380289+00:00,1779934484380,delta,0.997,0.88,0.9385,-0.117,0.12,0.003,0.0615,-0.117,337.11,0.0
2026-05-28T02:14:44.380659+00:00,1779934484380,delta,0.997,0.88,0.9385,-0.117,0.12,0.003,0.0615,-0.117,337.11,0.0
2026-05-28T02:14:44.410065+00:00,1779934484410,delta,0.997,0.88,0.9385,-0.117,0.12,0.003,0.0615,-0.117,337.11,0.0
2026-05-28T02:14:44.410692+00:00,1779934484410,delta,0.997,0.88,0.9385,-0.117,0.12,0.003,0.0615,-0.117,337.11,0.0
2026-05-28T02:14:44.412417+00:00,1779934484412,delta,0.997,0.88,0.9385,-0.117,0.12,0.003,0.0615,-0.117,337.11,0.0
2026-05-28T02:14:44.413131+00:00,1779934484413,delta,0.997,0.88,0.9385,-0.117,0.12,0.003,0.0615,-0.117,535.11,0.0
2026-05-28T02:14:44.440230+00:00,1779934484440,delta,0.997,0.88,0.9385,-0.117,0.12,0.003,0.0615,-0.117,535.11,0.0
2026-05-28T02:14:44.440864+00:00,1779934484440,delta,0.997,0.88,0.9385,-0.117,0.12,0.003,0.0615,-0.117,535.11,0.0
2026-05-28T02:14:44.448448+00:00,1779934484448,delta,0.997,0.88,0.9385,-0.117,0.12,0.003,0.0615,-0.117,535.11,0.0
2026-05-28T02:14:44.449145+00:00,1779934484449,delta,0.997,0.88,0.9385,-0.117,0.12,0.003,0.0615,-0.117,802.0,0.0
2026-05-28T02:14:44.449870+00:00,1779934484449,delta,0.997,0.88,0.9385,-0.117,0.12,0.003,0.0615,-0.117,802.0,0.0
2026-05-28T02:14:44.450688+00:00,1779934484450,delta,0.997,0.88,0.9385,-0.117,0.12,0.003,0.0615,-0.117,802.0,0.0
2026-05-28T02:14:44.451878+00:00,1779934484451,delta,0.997,0.88,0.9385,-0.117,0.12,0.003,0.0615,-0.117,708.49,0.0
2026-05-28T02:14:44.453004+00:00,1779934484453,delta,0.997,0.88,0.9385,-0.117,0.12,0.003,0.0615,-0.117,433.86,0.0
2026-05-28T02:14:44.466577+00:00,1779934484466,delta,0.997,0.88,0.9385,-0.117,0.12,0.003,0.0615,-0.117,433.86,0.0
2026-05-28T02:14:44.467242+00:00,1779934484467,delta,0.997,0.88,0.9385,-0.117,0.12,0.003,0.0615,-0.117,483.86,0.0
2026-05-28T02:14:44.493885+00:00,1779934484493,delta,0.997,0.88,0.9385,-0.117,0.12,0.003,0.0615,-0.117,483.86,0.0
2026-05-28T02:14:44.494475+00:00,1779934484494,delta,0.997,0.88,0.9385,-0.117,0.12,0.003,0.0615,-0.117,483.86,0.0
2026-05-28T02:14:44.495139+00:00,1779934484495,delta,0.997,0.88,0.9385,-0.117,0.12,0.003,0.0615,-0.117,483.86,0.0
2026-05-28T02:14:44.495575+00:00,1779934484495,delta,0.997,0.88,0.9385,-0.117,0.12,0.003,0.0615,-0.117,483.86,0.0
2026-05-28T02:14:44.524412+00:00,1779934484524,delta,0.997,0.88,0.9385,-0.117,0.12,0.003,0.0615,-0.117,783.86,0.0
2026-05-28T02:14:44.527163+00:00,1779934484527,delta,0.997,0.88,0.9385,-0.117,0.12,0.003,0.0615,-0.117,783.86,0.0
2026-05-28T02:14:44.527813+00:00,1779934484527,delta,0.997,0.88,0.9385,-0.117,0.12,0.003,0.0615,-0.117,783.86,0.0
2026-05-28T02:14:44.528420+00:00,1779934484528,delta,0.997,0.88,0.9385,-0.117,0.12,0.003,0.0615,-0.117,783.86,0.0
2026-05-28T02:14:44.553638+00:00,1779934484553,delta,0.997,0.88,0.9385,-0.117,0.12,0.003,0.0615,-0.117,774.51,0.0
2026-05-28T02:14:44.554435+00:00,1779934484554,delta,0.997,0.88,0.9385,-0.117,0.12,0.003,0.0615,-0.117,774.51,0.0
2026-05-28T02:14:44.554998+00:00,1779934484554,delta,0.997,0.88,0.9385,-0.117,0.12,0.003,0.0615,-0.117,774.51,0.0
2026-05-28T02:14:44.555466+00:00,1779934484555,delta,0.997,0.88,0.9385,-0.117,0.12,0.003,0.0615,-0.117,523.52,0.0
2026-05-28T02:14:44.561274+00:00,1779934484561,delta,0.997,0.88,0.9385,-0.117,0.12,0.003,0.0615,-0.117,505.63,0.0
2026-05-28T02:14:44.562994+00:00,1779934484562,delta,0.997,0.88,0.9385,-0.117,0.12,0.003,0.0615,-0.117,505.63,0.0
2026-05-28T02:14:44.563498+00:00,1779934484563,delta,0.997,0.88,0.9385,-0.117,0.12,0.003,0.0615,-0.117,505.63,0.0
2026-05-28T02:14:44.585930+00:00,1779934484585,delta,0.997,0.88,0.9385,-0.117,0.12,0.003,0.0615,-0.117,756.62,0.0
2026-05-28T02:14:44.586727+00:00,1779934484586,delta,0.997,0.88,0.9385,-0.117,0.12,0.003,0.0615,-0.117,810.68,0.0
2026-05-28T02:14:44.588028+00:00,1779934484588,delta,0.997,0.88,0.9385,-0.117,0.12,0.003,0.0615,-0.117,810.68,0.0
2026-05-28T02:14:44.609451+00:00,1779934484609,delta,0.997,0.88,0.9385,-0.117,0.12,0.003,0.0615,-0.117,810.68,0.0
2026-05-28T02:14:44.610076+00:00,1779934484610,delta,0.997,0.88,0.9385,-0.117,0.12,0.003,0.0615,-0.117,810.68,0.0
2026-05-28T02:14:44.610616+00:00,1779934484610,delta,0.997,0.88,0.9385,-0.117,0.12,0.003,0.0615,-0.117,810.68,0.0
2026-05-28T02:14:44.611188+00:00,1779934484611,delta,0.997,0.88,0.9385,-0.117,0.12,0.003,0.0615,-0.117,810.68,0.0
2026-05-28T02:14:44.636353+00:00,1779934484636,delta,0.997,0.88,0.9385,-0.117,0.12,0.003,0.0615,-0.117,706.06,0.0
2026-05-28T02:14:44.637138+00:00,1779934484637,delta,0.997,0.88,0.9385,-0.117,0.12,0.003,0.0615,-0.117,656.06,0.0
2026-05-28T02:14:44.637726+00:00,1779934484637,delta,0.997,0.88,0.9385,-0.117,0.12,0.003,0.0615,-0.117,518.33,0.0
2026-05-28T02:14:44.665811+00:00,1779934484665,delta,0.997,0.88,0.9385,-0.117,0.12,0.003,0.0615,-0.117,518.33,0.0
2026-05-28T02:14:44.667105+00:00,1779934484667,delta,0.997,0.88,0.9385,-0.117,0.12,0.003,0.0615,-0.117,518.33,0.0
2026-05-28T02:14:44.697768+00:00,1779934484697,delta,0.997,0.88,0.9385,-0.117,0.12,0.003,0.0615,-0.117,518.33,0.0
2026-05-28T02:14:44.729829+00:00,1779934484729,delta,0.997,0.88,0.9385,-0.117,0.12,0.003,0.0615,-0.117,518.33,0.0
2026-05-28T02:14:44.730824+00:00,1779934484730,delta,0.997,0.88,0.9385,-0.117,0.12,0.003,0.0615,-0.117,518.33,0.0
2026-05-28T02:14:44.731391+00:00,1779934484731,delta,0.997,0.88,0.9385,-0.117,0.12,0.003,0.0615,-0.117,518.33,0.0
2026-05-28T02:14:44.731842+00:00,1779934484731,delta,0.997,0.88,0.9385,-0.117,0.12,0.003,0.0615,-0.117,518.33,0.0
2026-05-28T02:14:44.756075+00:00,1779934484756,delta,0.997,0.88,0.9385,-0.117,0.12,0.003,0.0615,-0.117,698.33,0.0
2026-05-28T02:14:44.756781+00:00,1779934484756,delta,0.997,0.88,0.9385,-0.117,0.12,0.003,0.0615,-0.117,898.33,0.0
2026-05-28T02:14:44.777712+00:00,1779934484777,delta,0.997,0.88,0.9385,-0.117,0.12,0.003,0.0615,-0.117,898.33,0.0
2026-05-28T02:14:44.806996+00:00,1779934484806,delta,0.997,0.88,0.9385,-0.117,0.12,0.003,0.0615,-0.117,898.33,0.0
2026-05-28T02:14:44.807747+00:00,1779934484807,delta,0.997,0.88,0.9385,-0.117,0.12,0.003,0.0615,-0.117,948.33,0.0
2026-05-28T02:14:44.833469+00:00,1779934484833,delta,0.997,0.88,0.9385,-0.117,0.12,0.003,0.0615,-0.117,948.33,0.0
2026-05-28T02:14:44.866061+00:00,1779934484866,delta,0.997,0.88,0.9385,-0.117,0.12,0.003,0.0615,-0.117,1248.33,0.0
2026-05-28T02:14:44.925875+00:00,1779934484925,delta,0.997,0.88,0.9385,-0.117,0.12,0.003,0.0615,-0.117,581.33,0.0
2026-05-28T02:14:44.989415+00:00,1779934484989,delta,0.997,0.88,0.9385,-0.117,0.12,0.003,0.0615,-0.117,527.27,0.0
2026-05-28T02:14:45.054702+00:00,1779934485054,delta,0.997,0.88,0.9385,-0.117,0.12,0.003,0.0615,-0.117,1194.27,0.0
2026-05-28T02:14:45.055306+00:00,1779934485055,delta,0.997,0.88,0.9385,-0.117,0.12,0.003,0.0615,-0.117,1032.0,0.0
2026-05-28T02:14:45.055827+00:00,1779934485055,delta,0.997,0.88,0.9385,-0.117,0.12,0.003,0.0615,-0.117,982.0,0.0
2026-05-28T02:14:45.056277+00:00,1779934485056,delta,0.997,0.88,0.9385,-0.117,0.12,0.003,0.0615,-0.117,709.27,0.0
2026-05-28T02:14:45.079788+00:00,1779934485079,delta,0.997,0.88,0.9385,-0.117,0.12,0.003,0.0615,-0.117,709.27,0.0
2026-05-28T02:14:45.135572+00:00,1779934485135,delta,0.997,0.88,0.9385,-0.117,0.12,0.003,0.0615,-0.117,992.92,0.0
2026-05-28T02:14:45.136599+00:00,1779934485136,delta,0.997,0.88,0.9385,-0.117,0.12,0.003,0.0615,-0.117,990.92,0.0
2026-05-28T02:14:45.137186+00:00,1779934485137,delta,0.997,0.88,0.9385,-0.117,0.12,0.003,0.0615,-0.117,690.92,0.0
2026-05-28T02:14:45.137667+00:00,1779934485137,delta,0.997,0.88,0.9385,-0.117,0.12,0.003,0.0615,-0.117,616.52,0.0
2026-05-28T02:14:45.138253+00:00,1779934485138,delta,0.997,0.88,0.9385,-0.117,0.12,0.003,0.0615,-0.117,356.61,0.0
2026-05-28T02:14:45.141109+00:00,1779934485141,delta,0.997,0.88,0.9385,-0.117,0.12,0.003,0.0615,-0.117,356.61,0.0
2026-05-28T02:14:45.164676+00:00,1779934485164,delta,0.997,0.88,0.9385,-0.117,0.12,0.003,0.0615,-0.117,356.61,0.0
2026-05-28T02:14:45.200217+00:00,1779934485200,delta,0.997,0.88,0.9385,-0.117,0.12,0.003,0.0615,-0.117,616.52,0.0
2026-05-28T02:14:45.201855+00:00,1779934485201,delta,0.997,0.88,0.9385,-0.117,0.12,0.003,0.0615,-0.117,616.52,0.0
2026-05-28T02:14:45.203086+00:00,1779934485203,delta,0.997,0.88,0.9385,-0.117,0.12,0.003,0.0615,-0.117,616.52,0.0
2026-05-28T02:14:45.203794+00:00,1779934485203,delta,0.997,0.88,0.9385,-0.117,0.12,0.003,0.0615,-0.117,616.52,0.0
2026-05-28T02:14:45.204365+00:00,1779934485204,delta,0.997,0.88,0.9385,-0.117,0.12,0.003,0.0615,-0.117,616.52,0.0
2026-05-28T02:14:45.204868+00:00,1779934485204,delta,0.997,0.88,0.9385,-0.117,0.12,0.003,0.0615,-0.117,616.52,0.0
2026-05-28T02:14:45.226110+00:00,1779934485226,delta,0.997,0.88,0.9385,-0.117,0.12,0.003,0.0615,-0.117,616.52,0.0
2026-05-28T02:14:45.226766+00:00,1779934485226,delta,0.997,0.88,0.9385,-0.117,0.12,0.003,0.0615,-0.117,616.52,0.0
2026-05-28T02:14:45.227337+00:00,1779934485227,delta,0.997,0.88,0.9385,-0.117,0.12,0.003,0.0615,-0.117,667.59,0.0
2026-05-28T02:14:45.227788+00:00,1779934485227,delta,0.997,0.88,0.9385,-0.117,0.12,0.003,0.0615,-0.117,667.59,0.0
2026-05-28T02:14:45.250225+00:00,1779934485250,delta,0.997,0.88,0.9385,-0.117,0.12,0.003,0.0615,-0.117,561.99,0.0
2026-05-28T02:14:45.251047+00:00,1779934485251,delta,0.997,0.88,0.9385,-0.117,0.12,0.003,0.0615,-0.117,361.99,0.0
2026-05-28T02:14:45.252244+00:00,1779934485252,delta,0.997,0.88,0.9385,-0.117,0.12,0.003,0.0615,-0.117,310.92,0.0
2026-05-28T02:14:45.253041+00:00,1779934485253,delta,0.997,0.88,0.9385,-0.117,0.12,0.003,0.0615,-0.117,300.0,0.0
2026-05-28T02:14:45.253576+00:00,1779934485253,delta,0.997,0.88,0.9385,-0.117,0.12,0.003,0.0615,-0.117,0.0,0.0
2026-05-28T02:14:45.254037+00:00,1779934485254,delta,0.997,0.88,0.9385,-0.117,0.12,0.003,0.0615,-0.117,0.0,0.0
2026-05-28T02:14:45.254425+00:00,1779934485254,delta,0.997,0.88,0.9385,-0.117,0.12,0.003,0.0615,-0.117,0.0,0.0
2026-05-28T02:14:45.254837+00:00,1779934485254,delta,0.997,0.88,0.9385,-0.117,0.12,0.003,0.0615,-0.117,0.0,0.0
2026-05-28T02:14:45.255275+00:00,1779934485255,delta,0.997,0.88,0.9385,-0.117,0.12,0.003,0.0615,-0.117,0.0,0.0
2026-05-28T02:14:45.255673+00:00,1779934485255,delta,0.997,0.88,0.9385,-0.117,0.12,0.003,0.0615,-0.117,0.0,0.0
2026-05-28T02:14:45.256044+00:00,1779934485256,delta,0.997,0.88,0.9385,-0.117,0.12,0.003,0.0615,-0.117,0.0,0.0
2026-05-28T02:14:45.256409+00:00,1779934485256,delta,0.997,0.88,0.9385,-0.117,0.12,0.003,0.0615,-0.117,0.0,0.0
2026-05-28T02:14:45.256776+00:00,1779934485256,delta,0.997,0.88,0.9385,-0.117,0.12,0.003,0.0615,-0.117,0.0,0.0
2026-05-28T02:14:45.281278+00:00,1779934485281,delta,0.997,0.88,0.9385,-0.117,0.12,0.003,0.0615,-0.117,0.0,0.0
2026-05-28T02:14:45.283820+00:00,1779934485283,delta,0.997,0.88,0.9385,-0.117,0.12,0.003,0.0615,-0.117,0.0,0.0
2026-05-28T02:14:45.285339+00:00,1779934485285,delta,0.997,0.88,0.9385,-0.117,0.12,0.003,0.0615,-0.117,0.0,0.0
2026-05-28T02:14:45.307660+00:00,1779934485307,delta,0.997,0.88,0.9385,-0.117,0.12,0.003,0.0615,-0.117,0.0,0.0
2026-05-28T02:14:45.308514+00:00,1779934485308,delta,0.997,0.88,0.9385,-0.117,0.12,0.003,0.0615,-0.117,0.0,0.0
2026-05-28T02:14:45.309189+00:00,1779934485309,delta,0.997,0.88,0.9385,-0.117,0.12,0.003,0.0615,-0.117,0.0,0.0
2026-05-28T02:14:45.309724+00:00,1779934485309,delta,0.997,0.88,0.9385,-0.117,0.12,0.003,0.0615,-0.117,0.0,0.0
2026-05-28T02:14:45.310226+00:00,1779934485310,delta,0.997,0.88,0.9385,-0.117,0.12,0.003,0.0615,-0.117,0.0,0.0
2026-05-28T02:14:45.310763+00:00,1779934485310,delta,0.997,0.88,0.9385,-0.117,0.12,0.003,0.0615,-0.117,300.0,0.0
2026-05-28T02:14:45.336245+00:00,1779934485336,delta,0.997,0.88,0.9385,-0.117,0.12,0.003,0.0615,-0.117,300.0,0.0
2026-05-28T02:14:45.338902+00:00,1779934485338,delta,0.997,0.88,0.9385,-0.117,0.12,0.003,0.0615,-0.117,300.0,0.0
2026-05-28T02:14:45.339484+00:00,1779934485339,delta,0.997,0.88,0.9385,-0.117,0.12,0.003,0.0615,-0.117,300.0,0.0
2026-05-28T02:14:45.339986+00:00,1779934485339,delta,0.997,0.88,0.9385,-0.117,0.12,0.003,0.0615,-0.117,300.0,0.0
2026-05-28T02:14:45.340444+00:00,1779934485340,delta,0.997,0.88,0.9385,-0.117,0.12,0.003,0.0615,-0.117,300.0,0.0
2026-05-28T02:14:45.340842+00:00,1779934485340,delta,0.997,0.88,0.9385,-0.117,0.12,0.003,0.0615,-0.117,300.0,0.0
2026-05-28T02:14:45.341294+00:00,1779934485341,delta,0.997,0.88,0.9385,-0.117,0.12,0.003,0.0615,-0.117,300.0,0.0
2026-05-28T02:14:45.341707+00:00,1779934485341,delta,0.997,0.88,0.9385,-0.117,0.12,0.003,0.0615,-0.117,302.0,0.0
2026-05-28T02:14:45.342122+00:00,1779934485342,delta,0.997,0.88,0.9385,-0.117,0.12,0.003,0.0615,-0.117,302.0,0.0
2026-05-28T02:14:45.342502+00:00,1779934485342,delta,0.997,0.88,0.9385,-0.117,0.12,0.003,0.0615,-0.117,302.0,0.0
2026-05-28T02:14:45.342905+00:00,1779934485342,delta,0.997,0.88,0.9385,-0.117,0.12,0.003,0.0615,-0.117,302.0,0.0
2026-05-28T02:14:45.343271+00:00,1779934485343,delta,0.997,0.88,0.9385,-0.117,0.12,0.003,0.0615,-0.117,302.0,0.0
2026-05-28T02:14:45.371574+00:00,1779934485371,delta,0.997,0.88,0.9385,-0.117,0.12,0.003,0.0615,-0.117,302.0,0.0
2026-05-28T02:14:45.372222+00:00,1779934485372,delta,0.997,0.88,0.9385,-0.117,0.12,0.003,0.0615,-0.117,302.0,0.0
2026-05-28T02:14:45.378673+00:00,1779934485378,delta,0.997,0.88,0.9385,-0.117,0.12,0.003,0.0615,-0.117,302.0,0.0
2026-05-28T02:14:45.379385+00:00,1779934485379,delta,0.997,0.88,0.9385,-0.117,0.12,0.003,0.0615,-0.117,302.0,0.0
2026-05-28T02:14:45.399467+00:00,1779934485399,delta,0.997,0.88,0.9385,-0.117,0.12,0.003,0.0615,-0.117,302.0,0.0
2026-05-28T02:14:45.400725+00:00,1779934485400,delta,0.997,0.88,0.9385,-0.117,0.12,0.003,0.0615,-0.117,302.0,0.0
2026-05-28T02:14:45.401709+00:00,1779934485401,delta,0.997,0.88,0.9385,-0.117,0.12,0.003,0.0615,-0.117,302.0,0.0
2026-05-28T02:14:45.402844+00:00,1779934485402,delta,0.997,0.88,0.9385,-0.117,0.12,0.003,0.0615,-0.117,302.0,0.0
2026-05-28T02:14:45.403417+00:00,1779934485403,delta,0.997,0.88,0.9385,-0.117,0.12,0.003,0.0615,-0.117,302.0,0.0
2026-05-28T02:14:45.403934+00:00,1779934485403,delta,0.997,0.88,0.9385,-0.117,0.12,0.003,0.0615,-0.117,53.01,0.0
2026-05-28T02:14:45.427839+00:00,1779934485427,delta,0.997,0.88,0.9385,-0.117,0.12,0.003,0.0615,-0.117,53.01,0.0
2026-05-28T02:14:45.428450+00:00,1779934485428,delta,0.997,0.88,0.9385,-0.117,0.12,0.003,0.0615,-0.117,53.01,0.0
2026-05-28T02:14:45.430214+00:00,1779934485430,delta,0.997,0.88,0.9385,-0.117,0.12,0.003,0.0615,-0.117,53.01,0.0
2026-05-28T02:14:45.431006+00:00,1779934485431,delta,0.997,0.88,0.9385,-0.117,0.12,0.003,0.0615,-0.117,103.01,0.0
2026-05-28T02:14:45.472151+00:00,1779934485472,delta,0.997,0.88,0.9385,-0.117,0.12,0.003,0.0615,-0.117,403.01,0.0
2026-05-28T02:14:45.518178+00:00,1779934485518,delta,0.997,0.88,0.9385,-0.117,0.12,0.003,0.0615,-0.117,403.01,0.0
2026-05-28T02:14:45.520394+00:00,1779934485520,delta,0.997,0.88,0.9385,-0.117,0.12,0.003,0.0615,-0.117,652.0,0.0
2026-05-28T02:14:45.521020+00:00,1779934485521,delta,0.997,0.88,0.9385,-0.117,0.12,0.003,0.0615,-0.117,652.0,0.0
2026-05-28T02:14:45.605822+00:00,1779934485605,delta,0.997,0.88,0.9385,-0.117,0.12,0.003,0.0615,-0.117,652.0,0.0
2026-05-28T02:14:45.606602+00:00,1779934485606,delta,0.997,0.88,0.9385,-0.117,0.12,0.003,0.0615,-0.117,703.07,0.0
2026-05-28T02:14:45.658673+00:00,1779934485658,delta,0.997,0.88,0.9385,-0.117,0.12,0.003,0.0615,-0.117,703.07,0.0
2026-05-28T02:14:45.659379+00:00,1779934485659,delta,0.997,0.88,0.9385,-0.117,0.12,0.003,0.0615,-0.117,703.07,0.0
2026-05-28T02:14:45.659916+00:00,1779934485659,delta,0.997,0.88,0.9385,-0.117,0.12,0.003,0.0615,-0.117,459.5,0.0
2026-05-28T02:14:45.708925+00:00,1779934485708,delta,0.997,0.88,0.9385,-0.117,0.12,0.003,0.0615,-0.117,409.5,0.0
2026-05-28T02:14:45.709757+00:00,1779934485709,delta,0.997,0.88,0.9385,-0.117,0.12,0.003,0.0615,-0.117,459.5,0.0
2026-05-28T02:14:45.710812+00:00,1779934485710,delta,0.997,0.88,0.9385,-0.117,0.12,0.003,0.0615,-0.117,459.5,0.0
2026-05-28T02:14:45.711564+00:00,1779934485711,delta,0.997,0.88,0.9385,-0.117,0.12,0.003,0.0615,-0.117,459.5,0.0
2026-05-28T02:14:45.712277+00:00,1779934485712,delta,0.997,0.88,0.9385,-0.117,0.12,0.003,0.0615,-0.117,459.5,0.0
2026-05-28T02:14:45.713211+00:00,1779934485713,delta,0.997,0.88,0.9385,-0.117,0.12,0.003,0.0615,-0.117,459.5,0.0
2026-05-28T02:14:45.714061+00:00,1779934485714,delta,0.997,0.88,0.9385,-0.117,0.12,0.003,0.0615,-0.117,459.5,0.0
2026-05-28T02:14:45.714663+00:00,1779934485714,delta,0.997,0.88,0.9385,-0.117,0.12,0.003,0.0615,-0.117,352.0,0.0
2026-05-28T02:14:45.715308+00:00,1779934485715,delta,0.997,0.88,0.9385,-0.117,0.12,0.003,0.0615,-0.117,602.0,0.0
2026-05-28T02:14:45.715908+00:00,1779934485715,delta,0.997,0.88,0.9385,-0.117,0.12,0.003,0.0615,-0.117,600.0,0.0
2026-05-28T02:14:45.716672+00:00,1779934485716,delta,0.997,0.88,0.9385,-0.117,0.12,0.003,0.0615,-0.117,572.74,0.0
2026-05-28T02:14:45.717278+00:00,1779934485717,delta,0.997,0.88,0.9385,-0.117,0.12,0.003,0.0615,-0.117,572.74,0.0
2026-05-28T02:14:45.718470+00:00,1779934485718,delta,0.997,0.88,0.9385,-0.117,0.12,0.003,0.0615,-0.117,572.74,0.0
2026-05-28T02:14:45.737418+00:00,1779934485737,delta,0.997,0.88,0.9385,-0.117,0.12,0.003,0.0615,-0.117,572.74,0.0
2026-05-28T02:14:45.738189+00:00,1779934485738,delta,0.997,0.88,0.9385,-0.117,0.12,0.003,0.0615,-0.117,572.74,0.0
2026-05-28T02:14:45.738952+00:00,1779934485738,delta,0.997,0.88,0.9385,-0.117,0.12,0.003,0.0615,-0.117,572.74,0.0
2026-05-28T02:14:45.739396+00:00,1779934485739,delta,0.997,0.88,0.9385,-0.117,0.12,0.003,0.0615,-0.117,572.74,0.0
2026-05-28T02:14:45.798107+00:00,1779934485798,delta,0.997,0.88,0.9385,-0.117,0.12,0.003,0.0615,-0.117,572.74,0.0
2026-05-28T02:14:45.799907+00:00,1779934485799,delta,0.997,0.88,0.9385,-0.117,0.12,0.003,0.0615,-0.117,572.74,0.0
2026-05-28T02:14:45.801502+00:00,1779934485801,delta,0.997,0.88,0.9385,-0.117,0.12,0.003,0.0615,-0.117,615.29,0.0
2026-05-28T02:14:45.803077+00:00,1779934485803,delta,0.997,0.88,0.9385,-0.117,0.12,0.003,0.0615,-0.117,615.29,0.0
2026-05-28T02:14:45.852003+00:00,1779934485852,delta,0.997,0.88,0.9385,-0.117,0.12,0.003,0.0615,-0.117,615.29,0.0
2026-05-28T02:14:45.853819+00:00,1779934485853,delta,0.997,0.88,0.9385,-0.117,0.12,0.003,0.0615,-0.117,615.29,0.0
2026-05-28T02:14:45.854541+00:00,1779934485854,delta,0.997,0.88,0.9385,-0.117,0.12,0.003,0.0615,-0.117,615.29,0.0
2026-05-28T02:14:45.854966+00:00,1779934485854,delta,0.997,0.88,0.9385,-0.117,0.12,0.003,0.0615,-0.117,615.29,0.0
2026-05-28T02:14:45.882716+00:00,1779934485882,delta,0.997,0.88,0.9385,-0.117,0.12,0.003,0.0615,-0.117,615.29,0.0
2026-05-28T02:14:45.883812+00:00,1779934485883,delta,0.997,0.88,0.9385,-0.117,0.12,0.003,0.0615,-0.117,615.29,0.0
2026-05-28T02:14:45.884984+00:00,1779934485884,delta,0.997,0.88,0.9385,-0.117,0.12,0.003,0.0615,-0.117,615.29,0.0
2026-05-28T02:14:45.886059+00:00,1779934485886,delta,0.997,0.88,0.9385,-0.117,0.12,0.003,0.0615,-0.117,615.29,0.0
2026-05-28T02:14:45.907288+00:00,1779934485907,delta,0.997,0.88,0.9385,-0.117,0.12,0.003,0.0615,-0.117,615.29,0.0
2026-05-28T02:14:45.908020+00:00,1779934485908,delta,0.997,0.88,0.9385,-0.117,0.12,0.003,0.0615,-0.117,615.29,0.0
2026-05-28T02:14:45.908550+00:00,1779934485908,delta,0.997,0.88,0.9385,-0.117,0.12,0.003,0.0615,-0.117,615.29,0.0
2026-05-28T02:14:45.909017+00:00,1779934485909,delta,0.997,0.88,0.9385,-0.117,0.12,0.003,0.0615,-0.117,615.29,0.0
2026-05-28T02:14:45.931216+00:00,1779934485931,delta,0.997,0.88,0.9385,-0.117,0.12,0.003,0.0615,-0.117,615.29,0.0
2026-05-28T02:14:45.932307+00:00,1779934485932,delta,0.997,0.88,0.9385,-0.117,0.12,0.003,0.0615,-0.117,615.29,0.0
2026-05-28T02:14:45.933911+00:00,1779934485933,delta,0.997,0.88,0.9385,-0.117,0.12,0.003,0.0615,-0.117,615.29,0.0
2026-05-28T02:14:45.935184+00:00,1779934485935,delta,0.997,0.88,0.9385,-0.117,0.12,0.003,0.0615,-0.117,615.29,0.0
2026-05-28T02:14:45.964098+00:00,1779934485964,delta,0.997,0.88,0.9385,-0.117,0.12,0.003,0.0615,-0.117,615.29,0.0
2026-05-28T02:14:45.964732+00:00,1779934485964,delta,0.997,0.88,0.9385,-0.117,0.12,0.003,0.0615,-0.117,615.29,0.0
2026-05-28T02:14:45.965316+00:00,1779934485965,delta,0.997,0.88,0.9385,-0.117,0.12,0.003,0.0615,-0.117,615.29,0.0
2026-05-28T02:14:45.991984+00:00,1779934485991,delta,0.997,0.88,0.9385,-0.117,0.12,0.003,0.0615,-0.117,615.29,0.0
2026-05-28T02:14:45.992564+00:00,1779934485992,delta,0.997,0.88,0.9385,-0.117,0.12,0.003,0.0615,-0.117,615.29,0.0
2026-05-28T02:14:46.024262+00:00,1779934486024,delta,0.997,0.88,0.9385,-0.117,0.12,0.003,0.0615,-0.117,572.74,0.0
2026-05-28T02:14:46.025742+00:00,1779934486025,delta,0.997,0.88,0.9385,-0.117,0.12,0.003,0.0615,-0.117,572.74,0.0
2026-05-28T02:14:46.026684+00:00,1779934486026,delta,0.997,0.88,0.9385,-0.117,0.12,0.003,0.0615,-0.117,622.74,0.0
2026-05-28T02:14:46.062860+00:00,1779934486062,delta,0.997,0.88,0.9385,-0.117,0.12,0.003,0.0615,-0.117,622.74,0.0
2026-05-28T02:14:46.063500+00:00,1779934486063,delta,0.997,0.88,0.9385,-0.117,0.12,0.003,0.0615,-0.117,622.74,0.0
2026-05-28T02:14:46.064195+00:00,1779934486064,delta,0.997,0.88,0.9385,-0.117,0.12,0.003,0.0615,-0.117,676.8,0.0
2026-05-28T02:14:46.064772+00:00,1779934486064,delta,0.997,0.88,0.9385,-0.117,0.12,0.003,0.0615,-0.117,676.8,0.0
2026-05-28T02:14:46.065257+00:00,1779934486065,delta,0.997,0.88,0.9385,-0.117,0.12,0.003,0.0615,-0.117,676.8,0.0
2026-05-28T02:14:46.088535+00:00,1779934486088,delta,0.997,0.88,0.9385,-0.117,0.12,0.003,0.0615,-0.117,676.8,0.0
2026-05-28T02:14:46.089207+00:00,1779934486089,delta,0.997,0.88,0.9385,-0.117,0.12,0.003,0.0615,-0.117,676.8,0.0
2026-05-28T02:14:46.089808+00:00,1779934486089,delta,0.997,0.88,0.9385,-0.117,0.12,0.003,0.0615,-0.117,676.8,0.0
2026-05-28T02:14:46.090292+00:00,1779934486090,delta,0.997,0.88,0.9385,-0.117,0.12,0.003,0.0615,-0.117,676.8,0.0
2026-05-28T02:14:46.090736+00:00,1779934486090,delta,0.997,0.88,0.9385,-0.117,0.12,0.003,0.0615,-0.117,676.8,0.0
2026-05-28T02:14:46.091137+00:00,1779934486091,delta,0.997,0.88,0.9385,-0.117,0.12,0.003,0.0615,-0.117,676.8,0.0
2026-05-28T02:14:46.111237+00:00,1779934486111,delta,0.997,0.88,0.9385,-0.117,0.12,0.003,0.0615,-0.117,676.8,0.0
2026-05-28T02:14:46.111901+00:00,1779934486111,delta,0.997,0.88,0.9385,-0.117,0.12,0.003,0.0615,-0.117,676.8,0.0
2026-05-28T02:14:46.115686+00:00,1779934486115,delta,0.997,0.88,0.9385,-0.117,0.12,0.003,0.0615,-0.117,676.8,0.0
2026-05-28T02:14:46.116540+00:00,1779934486116,delta,0.997,0.88,0.9385,-0.117,0.12,0.003,0.0615,-0.117,676.8,0.0
2026-05-28T02:14:46.164712+00:00,1779934486164,delta,0.997,0.88,0.9385,-0.117,0.12,0.003,0.0615,-0.117,676.8,0.0
2026-05-28T02:14:46.165932+00:00,1779934486165,delta,0.997,0.88,0.9385,-0.117,0.12,0.003,0.0615,-0.117,676.8,0.0
2026-05-28T02:14:46.167384+00:00,1779934486167,delta,0.997,0.88,0.9385,-0.117,0.12,0.003,0.0615,-0.117,704.06,0.0
2026-05-28T02:14:46.223141+00:00,1779934486223,delta,0.997,0.88,0.9385,-0.117,0.12,0.003,0.0615,-0.117,704.06,0.0
2026-05-28T02:14:46.224447+00:00,1779934486224,delta,0.997,0.88,0.9385,-0.117,0.12,0.003,0.0615,-0.117,704.06,0.0
2026-05-28T02:14:46.225577+00:00,1779934486225,delta,0.997,0.88,0.9385,-0.117,0.12,0.003,0.0615,-0.117,650.0,0.0
2026-05-28T02:14:46.226219+00:00,1779934486226,delta,0.997,0.88,0.9385,-0.117,0.12,0.003,0.0615,-0.117,650.0,0.0
2026-05-28T02:14:46.226871+00:00,1779934486226,delta,0.997,0.88,0.9385,-0.117,0.12,0.003,0.0615,-0.117,650.0,0.0
2026-05-28T02:14:46.227516+00:00,1779934486227,delta,0.997,0.88,0.9385,-0.117,0.12,0.003,0.0615,-0.117,650.0,0.0
2026-05-28T02:14:46.227919+00:00,1779934486227,delta,0.997,0.88,0.9385,-0.117,0.12,0.003,0.0615,-0.117,650.0,0.0
2026-05-28T02:14:46.273138+00:00,1779934486273,delta,0.997,0.88,0.9385,-0.117,0.12,0.003,0.0615,-0.117,650.0,0.0
2026-05-28T02:14:46.274027+00:00,1779934486274,delta,0.997,0.88,0.9385,-0.117,0.12,0.003,0.0615,-0.117,650.0,0.0
2026-05-28T02:14:46.301533+00:00,1779934486301,delta,0.997,0.88,0.9385,-0.117,0.12,0.003,0.0615,-0.117,650.0,0.0
2026-05-28T02:14:46.303147+00:00,1779934486303,delta,0.997,0.88,0.9385,-0.117,0.12,0.003,0.0615,-0.117,650.0,0.0
2026-05-28T02:14:46.304144+00:00,1779934486304,delta,0.997,0.88,0.9385,-0.117,0.12,0.003,0.0615,-0.117,704.0,0.0
2026-05-28T02:14:46.305569+00:00,1779934486305,delta,0.997,0.88,0.9385,-0.117,0.12,0.003,0.0615,-0.117,704.0,0.0
2026-05-28T02:14:46.306419+00:00,1779934486306,delta,0.997,0.88,0.9385,-0.117,0.12,0.003,0.0615,-0.117,704.0,0.0
2026-05-28T02:14:46.353231+00:00,1779934486353,delta,0.997,0.88,0.9385,-0.117,0.12,0.003,0.0615,-0.117,704.0,0.0
2026-05-28T02:14:46.354048+00:00,1779934486354,delta,0.997,0.88,0.9385,-0.117,0.12,0.003,0.0615,-0.117,704.0,0.0
2026-05-28T02:14:46.402990+00:00,1779934486402,delta,0.997,0.88,0.9385,-0.117,0.12,0.003,0.0615,-0.117,704.0,0.0
2026-05-28T02:14:46.404174+00:00,1779934486404,delta,0.997,0.88,0.9385,-0.117,0.12,0.003,0.0615,-0.117,704.0,0.0
2026-05-28T02:14:46.405001+00:00,1779934486405,delta,0.997,0.88,0.9385,-0.117,0.12,0.003,0.0615,-0.117,704.0,0.0
2026-05-28T02:14:46.405713+00:00,1779934486405,delta,0.997,0.88,0.9385,-0.117,0.12,0.003,0.0615,-0.117,704.0,0.0
2026-05-28T02:14:46.406988+00:00,1779934486406,delta,0.997,0.88,0.9385,-0.117,0.12,0.003,0.0615,-0.117,704.0,0.0
2026-05-28T02:14:46.407440+00:00,1779934486407,delta,0.997,0.88,0.9385,-0.117,0.12,0.003,0.0615,-0.117,704.0,0.0
2026-05-28T02:14:46.414699+00:00,1779934486414,delta,0.997,0.88,0.9385,-0.117,0.12,0.003,0.0615,-0.117,704.0,0.0
2026-05-28T02:14:46.415388+00:00,1779934486415,delta,0.997,0.88,0.9385,-0.117,0.12,0.003,0.0615,-0.117,704.0,0.0
2026-05-28T02:14:46.457422+00:00,1779934486457,delta,0.997,0.88,0.9385,-0.117,0.12,0.003,0.0615,-0.117,704.0,0.0
2026-05-28T02:14:46.458185+00:00,1779934486458,delta,0.997,0.88,0.9385,-0.117,0.12,0.003,0.0615,-0.117,704.0,0.0
2026-05-28T02:14:46.458835+00:00,1779934486458,delta,0.997,0.88,0.9385,-0.117,0.12,0.003,0.0615,-0.117,704.0,0.0
2026-05-28T02:14:46.459341+00:00,1779934486459,delta,0.997,0.88,0.9385,-0.117,0.12,0.003,0.0615,-0.117,704.0,0.0
2026-05-28T02:14:46.488296+00:00,1779934486488,delta,0.997,0.88,0.9385,-0.117,0.12,0.003,0.0615,-0.117,704.0,0.0
2026-05-28T02:14:46.489026+00:00,1779934486489,delta,0.997,0.88,0.9385,-0.117,0.12,0.003,0.0615,-0.117,704.0,0.0
2026-05-28T02:14:46.514731+00:00,1779934486514,delta,0.997,0.88,0.9385,-0.117,0.12,0.003,0.0615,-0.117,1004.0,0.0
2026-05-28T02:14:46.515705+00:00,1779934486515,delta,0.997,0.88,0.9385,-0.117,0.12,0.003,0.0615,-0.117,1004.0,0.0
2026-05-28T02:14:46.516855+00:00,1779934486516,delta,0.997,0.88,0.9385,-0.117,0.12,0.003,0.0615,-0.117,1004.0,0.0
2026-05-28T02:14:46.544537+00:00,1779934486544,delta,0.997,0.88,0.9385,-0.117,0.12,0.003,0.0615,-0.117,1004.0,0.0
2026-05-28T02:14:46.545164+00:00,1779934486545,delta,0.997,0.88,0.9385,-0.117,0.12,0.003,0.0615,-0.117,1004.0,0.0
2026-05-28T02:14:46.574082+00:00,1779934486574,delta,0.997,0.88,0.9385,-0.117,0.12,0.003,0.0615,-0.117,1004.0,0.0
2026-05-28T02:14:46.574745+00:00,1779934486574,delta,0.997,0.88,0.9385,-0.117,0.12,0.003,0.0615,-0.117,1004.0,0.0
2026-05-28T02:14:46.625119+00:00,1779934486625,delta,0.997,0.88,0.9385,-0.117,0.12,0.003,0.0615,-0.117,1004.0,0.0
2026-05-28T02:14:46.625774+00:00,1779934486625,delta,0.997,0.88,0.9385,-0.117,0.12,0.003,0.0615,-0.117,1004.0,0.0
2026-05-28T02:14:46.626286+00:00,1779934486626,delta,0.997,0.88,0.9385,-0.117,0.12,0.003,0.0615,-0.117,1004.0,0.0
2026-05-28T02:14:46.626803+00:00,1779934486626,delta,0.997,0.88,0.9385,-0.117,0.12,0.003,0.0615,-0.117,1004.0,0.0
2026-05-28T02:14:46.627249+00:00,1779934486627,delta,0.997,0.88,0.9385,-0.117,0.12,0.003,0.0615,-0.117,1004.0,0.0
2026-05-28T02:14:46.627703+00:00,1779934486627,delta,0.997,0.88,0.9385,-0.117,0.12,0.003,0.0615,-0.117,1004.0,0.0
2026-05-28T02:14:46.628186+00:00,1779934486628,delta,0.997,0.88,0.9385,-0.117,0.12,0.003,0.0615,-0.117,1004.0,0.0
2026-05-28T02:14:46.648203+00:00,1779934486648,delta,0.997,0.88,0.9385,-0.117,0.12,0.003,0.0615,-0.117,1004.0,0.0
2026-05-28T02:14:46.649063+00:00,1779934486649,delta,0.997,0.88,0.9385,-0.117,0.12,0.003,0.0615,-0.117,1004.0,0.0
2026-05-28T02:14:46.649916+00:00,1779934486649,delta,0.997,0.88,0.9385,-0.117,0.12,0.003,0.0615,-0.117,1004.0,0.0
2026-05-28T02:14:46.650600+00:00,1779934486650,delta,0.997,0.88,0.9385,-0.117,0.12,0.003,0.0615,-0.117,1004.0,0.0
2026-05-28T02:14:46.651738+00:00,1779934486651,delta,0.997,0.88,0.9385,-0.117,0.12,0.003,0.0615,-0.117,1004.0,0.0
2026-05-28T02:14:46.652241+00:00,1779934486652,delta,0.997,0.88,0.9385,-0.117,0.12,0.003,0.0615,-0.117,1004.0,0.0
2026-05-28T02:14:46.675797+00:00,1779934486675,delta,0.997,0.88,0.9385,-0.117,0.12,0.003,0.0615,-0.117,1004.0,0.0
2026-05-28T02:14:46.676557+00:00,1779934486676,delta,0.997,0.88,0.9385,-0.117,0.12,0.003,0.0615,-0.117,1004.0,0.0
2026-05-28T02:14:46.721494+00:00,1779934486721,delta,0.997,0.88,0.9385,-0.117,0.12,0.003,0.0615,-0.117,1004.0,0.0
2026-05-28T02:14:46.722666+00:00,1779934486722,delta,0.997,0.88,0.9385,-0.117,0.12,0.003,0.0615,-0.117,1004.0,0.0
2026-05-28T02:14:46.723934+00:00,1779934486723,delta,0.997,0.88,0.9385,-0.117,0.12,0.003,0.0615,-0.117,991.0,0.0
2026-05-28T02:14:46.774186+00:00,1779934486774,delta,0.997,0.88,0.9385,-0.117,0.12,0.003,0.0615,-0.117,991.0,0.0
2026-05-28T02:14:46.775203+00:00,1779934486775,delta,0.997,0.88,0.9385,-0.117,0.12,0.003,0.0615,-0.117,991.0,0.0
2026-05-28T02:14:46.776373+00:00,1779934486776,delta,0.997,0.88,0.9385,-0.117,0.12,0.003,0.0615,-0.117,991.0,0.0
2026-05-28T02:14:46.777377+00:00,1779934486777,delta,0.997,0.88,0.9385,-0.117,0.12,0.003,0.0615,-0.117,991.0,0.0
2026-05-28T02:14:46.800206+00:00,1779934486800,delta,0.997,0.88,0.9385,-0.117,0.12,0.003,0.0615,-0.117,991.0,0.0
2026-05-28T02:14:46.802254+00:00,1779934486802,delta,0.997,0.88,0.9385,-0.117,0.12,0.003,0.0615,-0.117,991.0,0.0
2026-05-28T02:14:46.802996+00:00,1779934486802,delta,0.997,0.88,0.9385,-0.117,0.12,0.003,0.0615,-0.117,991.0,0.0
2026-05-28T02:14:46.803657+00:00,1779934486803,delta,0.997,0.88,0.9385,-0.117,0.12,0.003,0.0615,-0.117,991.0,0.0
2026-05-28T02:14:46.858950+00:00,1779934486858,delta,0.997,0.88,0.9385,-0.117,0.12,0.003,0.0615,-0.117,991.0,0.0
2026-05-28T02:14:46.860165+00:00,1779934486860,delta,0.997,0.88,0.9385,-0.117,0.12,0.003,0.0615,-0.117,991.0,0.0
2026-05-28T02:14:46.861342+00:00,1779934486861,delta,0.997,0.88,0.9385,-0.117,0.12,0.003,0.0615,-0.117,1291.0,0.0
2026-05-28T02:14:46.862209+00:00,1779934486862,delta,0.997,0.88,0.9385,-0.117,0.12,0.003,0.0615,-0.117,1291.0,0.0
2026-05-28T02:14:46.863022+00:00,1779934486863,delta,0.997,0.88,0.9385,-0.117,0.12,0.003,0.0615,-0.117,1291.0,0.0
2026-05-28T02:14:46.863744+00:00,1779934486863,delta,0.997,0.88,0.9385,-0.117,0.12,0.003,0.0615,-0.117,1291.0,0.0
2026-05-28T02:14:46.864598+00:00,1779934486864,delta,0.997,0.88,0.9385,-0.117,0.12,0.003,0.0615,-0.117,1291.0,0.0
2026-05-28T02:14:46.887888+00:00,1779934486887,delta,0.997,0.88,0.9385,-0.117,0.12,0.003,0.0615,-0.117,1291.0,0.0
2026-05-28T02:14:46.888736+00:00,1779934486888,delta,0.997,0.88,0.9385,-0.117,0.12,0.003,0.0615,-0.117,1291.0,0.0
2026-05-28T02:14:46.889521+00:00,1779934486889,delta,0.997,0.88,0.9385,-0.117,0.12,0.003,0.0615,-0.117,1291.0,0.0
2026-05-28T02:14:46.890184+00:00,1779934486890,delta,0.997,0.88,0.9385,-0.117,0.12,0.003,0.0615,-0.117,1291.0,0.0
2026-05-28T02:14:46.914782+00:00,1779934486914,delta,0.997,0.88,0.9385,-0.117,0.12,0.003,0.0615,-0.117,1282.9,0.0
2026-05-28T02:14:46.915588+00:00,1779934486915,delta,0.997,0.88,0.9385,-0.117,0.12,0.003,0.0615,-0.117,1282.9,0.0
2026-05-28T02:14:46.916177+00:00,1779934486916,delta,0.997,0.88,0.9385,-0.117,0.12,0.003,0.0615,-0.117,1282.9,0.0
2026-05-28T02:14:46.966313+00:00,1779934486966,delta,0.997,0.88,0.9385,-0.117,0.12,0.003,0.0615,-0.117,1282.9,0.0
2026-05-28T02:14:46.967246+00:00,1779934486967,delta,0.997,0.88,0.9385,-0.117,0.12,0.003,0.0615,-0.117,1282.9,0.0
2026-05-28T02:14:46.969127+00:00,1779934486969,delta,0.997,0.88,0.9385,-0.117,0.12,0.003,0.0615,-0.117,1282.9,0.0
2026-05-28T02:14:46.969667+00:00,1779934486969,delta,0.997,0.88,0.9385,-0.117,0.12,0.003,0.0615,-0.117,1282.9,0.0
2026-05-28T02:14:46.997004+00:00,1779934486997,delta,0.997,0.88,0.9385,-0.117,0.12,0.003,0.0615,-0.117,1282.9,0.0
2026-05-28T02:14:46.998075+00:00,1779934486998,delta,0.997,0.88,0.9385,-0.117,0.12,0.003,0.0615,-0.117,1282.9,0.0
2026-05-28T02:14:46.999256+00:00,1779934486999,delta,0.997,0.88,0.9385,-0.117,0.12,0.003,0.0615,-0.117,1282.9,0.0
2026-05-28T02:14:47.000558+00:00,1779934487000,delta,0.997,0.88,0.9385,-0.117,0.12,0.003,0.0615,-0.117,1282.9,0.0
2026-05-28T02:14:47.001577+00:00,1779934487001,delta,0.997,0.88,0.9385,-0.117,0.12,0.003,0.0615,-0.117,1282.9,0.0
2026-05-28T02:14:47.002791+00:00,1779934487002,delta,0.997,0.88,0.9385,-0.117,0.12,0.003,0.0615,-0.117,1282.9,0.0
2026-05-28T02:14:47.026444+00:00,1779934487026,delta,0.997,0.88,0.9385,-0.117,0.12,0.003,0.0615,-0.117,1282.9,0.0
2026-05-28T02:14:47.027264+00:00,1779934487027,delta,0.997,0.88,0.9385,-0.117,0.12,0.003,0.0615,-0.117,1282.9,0.0
2026-05-28T02:14:47.027889+00:00,1779934487027,delta,0.997,0.88,0.9385,-0.117,0.12,0.003,0.0615,-0.117,1282.9,0.0
2026-05-28T02:14:47.028468+00:00,1779934487028,delta,0.997,0.88,0.9385,-0.117,0.12,0.003,0.0615,-0.117,1282.9,0.0
2026-05-28T02:14:47.029025+00:00,1779934487029,delta,0.997,0.88,0.9385,-0.117,0.12,0.003,0.0615,-0.117,1282.9,0.0
2026-05-28T02:14:47.029531+00:00,1779934487029,delta,0.997,0.88,0.9385,-0.117,0.12,0.003,0.0615,-0.117,1282.9,0.0
2026-05-28T02:14:47.059148+00:00,1779934487059,delta,0.997,0.88,0.9385,-0.117,0.12,0.003,0.0615,-0.117,1282.9,0.0
2026-05-28T02:14:47.062461+00:00,1779934487062,delta,0.997,0.88,0.9385,-0.117,0.12,0.003,0.0615,-0.117,1282.9,0.0
2026-05-28T02:14:47.063507+00:00,1779934487063,delta,0.997,0.88,0.9385,-0.117,0.12,0.003,0.0615,-0.117,1282.9,0.0
2026-05-28T02:14:47.085632+00:00,1779934487085,delta,0.997,0.88,0.9385,-0.117,0.12,0.003,0.0615,-0.117,1282.9,0.0
2026-05-28T02:14:47.086256+00:00,1779934487086,delta,0.997,0.88,0.9385,-0.117,0.12,0.003,0.0615,-0.117,1282.9,0.0
2026-05-28T02:14:47.086738+00:00,1779934487086,delta,0.997,0.88,0.9385,-0.117,0.12,0.003,0.0615,-0.117,1282.9,0.0
2026-05-28T02:14:47.087204+00:00,1779934487087,delta,0.997,0.88,0.9385,-0.117,0.12,0.003,0.0615,-0.117,1282.9,0.0
2026-05-28T02:14:47.087973+00:00,1779934487087,delta,0.997,0.88,0.9385,-0.117,0.12,0.003,0.0615,-0.117,1282.9,0.0
2026-05-28T02:14:47.088407+00:00,1779934487088,delta,0.997,0.88,0.9385,-0.117,0.12,0.003,0.0615,-0.117,1282.9,0.0
2026-05-28T02:14:47.118943+00:00,1779934487118,delta,0.997,0.88,0.9385,-0.117,0.12,0.003,0.0615,-0.117,1582.9,0.0
2026-05-28T02:14:47.119685+00:00,1779934487119,delta,0.997,0.88,0.9385,-0.117,0.12,0.003,0.0615,-0.117,1582.9,0.0
2026-05-28T02:14:47.120224+00:00,1779934487120,delta,0.997,0.88,0.9385,-0.117,0.12,0.003,0.0615,-0.117,1582.9,0.0
2026-05-28T02:14:47.143839+00:00,1779934487143,delta,0.997,0.88,0.9385,-0.117,0.12,0.003,0.0615,-0.117,1582.9,0.0
2026-05-28T02:14:47.144544+00:00,1779934487144,delta,0.997,0.88,0.9385,-0.117,0.12,0.003,0.0615,-0.117,1582.9,0.0
2026-05-28T02:14:47.145272+00:00,1779934487145,delta,0.997,0.88,0.9385,-0.117,0.12,0.003,0.0615,-0.117,1582.9,0.0
2026-05-28T02:14:47.145752+00:00,1779934487145,delta,0.997,0.88,0.9385,-0.117,0.12,0.003,0.0615,-0.117,1582.9,0.0
2026-05-28T02:14:47.181210+00:00,1779934487181,delta,0.997,0.88,0.9385,-0.117,0.12,0.003,0.0615,-0.117,1582.9,0.0
2026-05-28T02:14:47.182021+00:00,1779934487182,delta,0.997,0.88,0.9385,-0.117,0.12,0.003,0.0615,-0.117,1582.9,0.0
2026-05-28T02:14:47.228866+00:00,1779934487228,delta,0.997,0.88,0.9385,-0.117,0.12,0.003,0.0615,-0.117,1582.9,0.0
2026-05-28T02:14:47.230075+00:00,1779934487230,delta,0.997,0.88,0.9385,-0.117,0.12,0.003,0.0615,-0.117,1582.9,0.0
2026-05-28T02:14:47.231756+00:00,1779934487231,delta,0.997,0.88,0.9385,-0.117,0.12,0.003,0.0615,-0.117,1582.9,0.0
2026-05-28T02:14:47.233330+00:00,1779934487233,delta,0.997,0.88,0.9385,-0.117,0.12,0.003,0.0615,-0.117,1582.9,0.0
2026-05-28T02:14:47.234579+00:00,1779934487234,delta,0.997,0.88,0.9385,-0.117,0.12,0.003,0.0615,-0.117,1582.9,0.0
2026-05-28T02:14:47.235846+00:00,1779934487235,delta,0.997,0.88,0.9385,-0.117,0.12,0.003,0.0615,-0.117,1582.9,0.0
2026-05-28T02:14:47.236813+00:00,1779934487236,delta,0.997,0.88,0.9385,-0.117,0.12,0.003,0.0615,-0.117,1582.9,0.0
2026-05-28T02:14:47.237345+00:00,1779934487237,delta,0.997,0.88,0.9385,-0.117,0.12,0.003,0.0615,-0.117,1582.9,0.0
2026-05-28T02:14:47.256791+00:00,1779934487256,delta,0.997,0.88,0.9385,-0.117,0.12,0.003,0.0615,-0.117,1582.9,0.0
2026-05-28T02:14:47.257382+00:00,1779934487257,delta,0.997,0.88,0.9385,-0.117,0.12,0.003,0.0615,-0.117,1582.9,0.0
2026-05-28T02:14:47.284100+00:00,1779934487284,delta,0.997,0.88,0.9385,-0.117,0.12,0.003,0.0615,-0.117,1582.9,0.0
2026-05-28T02:14:47.285418+00:00,1779934487285,delta,0.997,0.88,0.9385,-0.117,0.12,0.003,0.0615,-0.117,1582.9,0.0
2026-05-28T02:14:47.286147+00:00,1779934487286,delta,0.997,0.88,0.9385,-0.117,0.12,0.003,0.0615,-0.117,1532.9,0.0
2026-05-28T02:14:47.313077+00:00,1779934487313,delta,0.997,0.88,0.9385,-0.117,0.12,0.003,0.0615,-0.117,1532.9,0.0
2026-05-28T02:14:47.314624+00:00,1779934487314,delta,0.997,0.88,0.9385,-0.117,0.12,0.003,0.0615,-0.117,1532.9,0.0
2026-05-28T02:14:47.345047+00:00,1779934487345,delta,0.997,0.88,0.9385,-0.117,0.12,0.003,0.0615,-0.117,1478.9,0.0
2026-05-28T02:14:47.373374+00:00,1779934487373,delta,0.997,0.88,0.9385,-0.117,0.12,0.003,0.0615,-0.117,1478.9,0.0
2026-05-28T02:14:47.374214+00:00,1779934487374,delta,0.997,0.88,0.9385,-0.117,0.12,0.003,0.0615,-0.117,1478.9,0.0
2026-05-28T02:14:47.375246+00:00,1779934487375,delta,0.997,0.88,0.9385,-0.117,0.12,0.003,0.0615,-0.117,1478.9,0.0
2026-05-28T02:14:47.376191+00:00,1779934487376,delta,0.997,0.88,0.9385,-0.117,0.12,0.003,0.0615,-0.117,1478.9,0.0
2026-05-28T02:14:47.376994+00:00,1779934487376,delta,0.997,0.88,0.9385,-0.117,0.12,0.003,0.0615,-0.117,1478.9,0.0
2026-05-28T02:14:47.377419+00:00,1779934487377,delta,0.997,0.88,0.9385,-0.117,0.12,0.003,0.0615,-0.117,1478.9,0.0
2026-05-28T02:14:47.399594+00:00,1779934487399,delta,0.997,0.88,0.9385,-0.117,0.12,0.003,0.0615,-0.117,1532.85,0.0
2026-05-28T02:14:47.401427+00:00,1779934487401,delta,0.997,0.88,0.9385,-0.117,0.12,0.003,0.0615,-0.117,1522.85,0.0
2026-05-28T02:14:47.403136+00:00,1779934487403,delta,0.997,0.88,0.9385,-0.117,0.12,0.003,0.0615,-0.117,1522.85,0.0
2026-05-28T02:14:47.403658+00:00,1779934487403,delta,0.997,0.88,0.9385,-0.117,0.12,0.003,0.0615,-0.117,1522.85,0.0
2026-05-28T02:14:47.404114+00:00,1779934487404,delta,0.997,0.88,0.9385,-0.117,0.12,0.003,0.0615,-0.117,1522.85,0.0
2026-05-28T02:14:47.404520+00:00,1779934487404,delta,0.997,0.88,0.9385,-0.117,0.12,0.003,0.0615,-0.117,1522.85,0.0
2026-05-28T02:14:47.676793+00:00,1779934487676,delta,0.997,0.88,0.9385,-0.117,0.12,0.003,0.0615,-0.117,1822.85,0.0
2026-05-28T02:14:47.704363+00:00,1779934487704,delta,0.997,0.88,0.9385,-0.117,0.12,0.003,0.0615,-0.117,943.95,0.0
2026-05-28T02:14:47.705340+00:00,1779934487705,delta,0.997,0.88,0.9385,-0.117,0.12,0.003,0.0615,-0.117,943.95,0.0
2026-05-28T02:14:47.706157+00:00,1779934487706,delta,0.997,0.88,0.9385,-0.117,0.12,0.003,0.0615,-0.117,943.95,0.0
2026-05-28T02:14:47.739043+00:00,1779934487739,delta,0.997,0.88,0.9385,-0.117,0.12,0.003,0.0615,-0.117,943.95,0.0
2026-05-28T02:14:47.764751+00:00,1779934487764,delta,0.997,0.88,0.9385,-0.117,0.12,0.003,0.0615,-0.117,943.95,0.0
2026-05-28T02:14:47.765951+00:00,1779934487765,delta,0.997,0.88,0.9385,-0.117,0.12,0.003,0.0615,-0.117,943.95,0.0
2026-05-28T02:14:47.767080+00:00,1779934487767,delta,0.997,0.88,0.9385,-0.117,0.12,0.003,0.0615,-0.117,890.0,0.0
2026-05-28T02:14:47.823853+00:00,1779934487823,delta,0.997,0.88,0.9385,-0.117,0.12,0.003,0.0615,-0.117,943.9,0.0
2026-05-28T02:14:47.936332+00:00,1779934487936,delta,0.997,0.88,0.9385,-0.117,0.12,0.003,0.0615,-0.117,943.9,0.0
2026-05-28T02:14:47.936974+00:00,1779934487936,delta,0.997,0.88,0.9385,-0.117,0.12,0.003,0.0615,-0.117,943.9,0.0
2026-05-28T02:14:48.053889+00:00,1779934488053,delta,0.997,0.88,0.9385,-0.117,0.12,0.003,0.0615,-0.117,940.22,0.0
2026-05-28T02:14:48.055195+00:00,1779934488055,delta,0.997,0.88,0.9385,-0.117,0.12,0.003,0.0615,-0.117,940.22,0.0
2026-05-28T02:14:48.267826+00:00,1779934488267,delta,0.997,0.88,0.9385,-0.117,0.12,0.003,0.0615,-0.117,940.22,0.0
2026-05-28T02:14:48.269875+00:00,1779934488269,delta,0.997,0.88,0.9385,-0.117,0.12,0.003,0.0615,-0.117,940.22,0.0
2026-05-28T02:14:48.403406+00:00,1779934488403,delta,0.997,0.88,0.9385,-0.117,0.12,0.003,0.0615,-0.117,940.22,0.0
2026-05-28T02:14:48.428692+00:00,1779934488428,delta,0.997,0.88,0.9385,-0.117,0.12,0.003,0.0615,-0.117,940.22,0.0
2026-05-28T02:14:48.432905+00:00,1779934488432,delta,0.997,0.88,0.9385,-0.117,0.12,0.003,0.0615,-0.117,940.22,0.0
2026-05-28T02:14:48.434231+00:00,1779934488434,delta,0.997,0.88,0.9385,-0.117,0.12,0.003,0.0615,-0.117,940.22,0.0
2026-05-28T02:14:48.435529+00:00,1779934488435,delta,0.997,0.88,0.9385,-0.117,0.12,0.003,0.0615,-0.117,940.22,0.0
2026-05-28T02:14:48.454778+00:00,1779934488454,delta,0.997,0.88,0.9385,-0.117,0.12,0.003,0.0615,-0.117,940.22,0.0
2026-05-28T02:14:48.455596+00:00,1779934488455,delta,0.997,0.88,0.9385,-0.117,0.12,0.003,0.0615,-0.117,940.22,0.0
2026-05-28T02:14:48.456355+00:00,1779934488456,delta,0.997,0.88,0.9385,-0.117,0.12,0.003,0.0615,-0.117,940.22,0.0
2026-05-28T02:14:48.481931+00:00,1779934488481,delta,0.997,0.88,0.9385,-0.117,0.12,0.003,0.0615,-0.117,940.22,0.0
2026-05-28T02:14:48.483331+00:00,1779934488483,delta,0.997,0.88,0.9385,-0.117,0.12,0.003,0.0615,-0.117,643.9,0.0
2026-05-28T02:14:48.484490+00:00,1779934488484,delta,0.997,0.88,0.9385,-0.117,0.12,0.003,0.0615,-0.117,1768.9,0.0
2026-05-28T02:14:48.485888+00:00,1779934488485,delta,0.997,0.88,0.9385,-0.117,0.12,0.003,0.0615,-0.117,1635.2,0.0
2026-05-28T02:14:48.486471+00:00,1779934488486,delta,0.997,0.88,0.9385,-0.117,0.12,0.003,0.0615,-0.117,1635.2,0.0
2026-05-28T02:14:48.487003+00:00,1779934488487,delta,0.997,0.88,0.9385,-0.117,0.12,0.003,0.0615,-0.117,1635.2,0.0
2026-05-28T02:14:48.514477+00:00,1779934488514,delta,0.997,0.88,0.9385,-0.117,0.12,0.003,0.0615,-0.117,1356.3,0.0
2026-05-28T02:14:48.561344+00:00,1779934488561,delta,0.997,0.88,0.9385,-0.117,0.12,0.003,0.0615,-0.117,1056.3,0.0
2026-05-28T02:14:48.561984+00:00,1779934488561,delta,0.997,0.88,0.9385,-0.117,0.12,0.003,0.0615,-0.117,1110.25,0.0
2026-05-28T02:14:48.596505+00:00,1779934488596,delta,0.997,0.88,0.9385,-0.117,0.12,0.003,0.0615,-0.117,1110.25,0.0
2026-05-28T02:14:48.597674+00:00,1779934488597,delta,0.997,0.88,0.9385,-0.117,0.12,0.003,0.0615,-0.117,1110.25,0.0
2026-05-28T02:14:48.599166+00:00,1779934488599,delta,0.997,0.88,0.9385,-0.117,0.12,0.003,0.0615,-0.117,1110.25,0.0
2026-05-28T02:14:48.600049+00:00,1779934488600,delta,0.997,0.88,0.9385,-0.117,0.12,0.003,0.0615,-0.117,1110.25,0.0
2026-05-28T02:14:48.600938+00:00,1779934488600,delta,0.997,0.88,0.9385,-0.117,0.12,0.003,0.0615,-0.117,1110.25,0.0
2026-05-28T02:14:48.602037+00:00,1779934488602,delta,0.997,0.88,0.9385,-0.117,0.12,0.003,0.0615,-0.117,1110.25,0.0
2026-05-28T02:14:48.602668+00:00,1779934488602,delta,0.997,0.88,0.9385,-0.117,0.12,0.003,0.0615,-0.117,1110.25,0.0
2026-05-28T02:14:48.603099+00:00,1779934488603,delta,0.997,0.88,0.9385,-0.117,0.12,0.003,0.0615,-0.117,1110.25,0.0
2026-05-28T02:14:48.603476+00:00,1779934488603,delta,0.997,0.88,0.9385,-0.117,0.12,0.003,0.0615,-0.117,1110.25,0.0
2026-05-28T02:14:48.603882+00:00,1779934488603,delta,0.997,0.88,0.9385,-0.117,0.12,0.003,0.0615,-0.117,1110.25,0.0
2026-05-28T02:14:48.604227+00:00,1779934488604,delta,0.997,0.88,0.9385,-0.117,0.12,0.003,0.0615,-0.117,1110.25,0.0
2026-05-28T02:14:48.604562+00:00,1779934488604,delta,0.997,0.88,0.9385,-0.117,0.12,0.003,0.0615,-0.117,1110.25,0.0
2026-05-28T02:14:48.604937+00:00,1779934488604,delta,0.997,0.88,0.9385,-0.117,0.12,0.003,0.0615,-0.117,1110.25,0.0
2026-05-28T02:14:48.605271+00:00,1779934488605,delta,0.997,0.88,0.9385,-0.117,0.12,0.003,0.0615,-0.117,1110.25,0.0
2026-05-28T02:14:48.605626+00:00,1779934488605,delta,0.999,0.88,0.9395,-0.119,0.12,0.001,0.0605,-0.119,526.54,0.0
2026-05-28T02:14:48.647575+00:00,1779934488647,delta,0.999,0.88,0.9395,-0.119,0.12,0.001,0.0605,-0.119,526.54,0.0
2026-05-28T02:14:48.648181+00:00,1779934488648,delta,0.999,0.88,0.9395,-0.119,0.12,0.001,0.0605,-0.119,472.59,0.0
2026-05-28T02:14:48.675852+00:00,1779934488675,delta,0.999,0.88,0.9395,-0.119,0.12,0.001,0.0605,-0.119,467.97,0.0
2026-05-28T02:14:48.705885+00:00,1779934488705,delta,0.999,0.88,0.9395,-0.119,0.12,0.001,0.0605,-0.119,467.97,0.0
2026-05-28T02:14:48.706679+00:00,1779934488706,delta,0.999,0.88,0.9395,-0.119,0.12,0.001,0.0605,-0.119,467.97,0.0
2026-05-28T02:14:48.707325+00:00,1779934488707,delta,0.999,0.88,0.9395,-0.119,0.12,0.001,0.0605,-0.119,467.97,0.0
2026-05-28T02:14:48.712700+00:00,1779934488712,delta,0.999,0.88,0.9395,-0.119,0.12,0.001,0.0605,-0.119,65.57,0.0
2026-05-28T02:14:48.743362+00:00,1779934488743,delta,0.999,0.88,0.9395,-0.119,0.12,0.001,0.0605,-0.119,65.57,0.0
2026-05-28T02:14:48.744113+00:00,1779934488744,delta,0.999,0.88,0.9395,-0.119,0.12,0.001,0.0605,-0.119,965.57,0.0
2026-05-28T02:14:48.763009+00:00,1779934488763,delta,0.999,0.88,0.9395,-0.119,0.12,0.001,0.0605,-0.119,965.57,0.0
2026-05-28T02:14:48.764180+00:00,1779934488764,delta,0.999,0.88,0.9395,-0.119,0.12,0.001,0.0605,-0.119,1611.67,0.0
2026-05-28T02:14:48.792131+00:00,1779934488792,delta,0.999,0.88,0.9395,-0.119,0.12,0.001,0.0605,-0.119,1611.67,0.0
2026-05-28T02:14:48.793610+00:00,1779934488793,delta,0.999,0.88,0.9395,-0.119,0.12,0.001,0.0605,-0.119,921.67,0.0
2026-05-28T02:14:48.794740+00:00,1779934488794,delta,0.999,0.88,0.9395,-0.119,0.12,0.001,0.0605,-0.119,921.67,0.0
2026-05-28T02:14:48.819432+00:00,1779934488819,delta,0.999,0.88,0.9395,-0.119,0.12,0.001,0.0605,-0.119,968.9,0.0
2026-05-28T02:14:48.844355+00:00,1779934488844,delta,0.999,0.88,0.9395,-0.119,0.12,0.001,0.0605,-0.119,921.67,0.0
2026-05-28T02:14:49.022461+00:00,1779934489022,delta,0.999,0.88,0.9395,-0.119,0.12,0.001,0.0605,-0.119,1221.67,0.0
2026-05-28T02:14:49.053163+00:00,1779934489053,delta,0.999,0.88,0.9395,-0.119,0.12,0.001,0.0605,-0.119,1221.67,0.0
2026-05-28T02:14:49.122236+00:00,1779934489122,delta,0.999,0.88,0.9395,-0.119,0.12,0.001,0.0605,-0.119,1290.67,0.0
2026-05-28T02:14:49.368274+00:00,1779934489368,delta,0.999,0.88,0.9395,-0.119,0.12,0.001,0.0605,-0.119,1290.67,0.0
2026-05-28T02:14:49.369868+00:00,1779934489369,delta,0.999,0.88,0.9395,-0.119,0.12,0.001,0.0605,-0.119,1590.67,0.0
2026-05-28T02:14:49.428361+00:00,1779934489428,delta,0.999,0.88,0.9395,-0.119,0.12,0.001,0.0605,-0.119,1521.67,0.0
2026-05-28T02:14:49.431407+00:00,1779934489431,delta,0.999,0.88,0.9395,-0.119,0.12,0.001,0.0605,-0.119,1521.67,0.0
2026-05-28T02:14:49.432102+00:00,1779934489432,delta,0.999,0.88,0.9395,-0.119,0.12,0.001,0.0605,-0.119,1521.67,0.0
2026-05-28T02:14:49.489007+00:00,1779934489489,delta,0.999,0.88,0.9395,-0.119,0.12,0.001,0.0605,-0.119,1521.67,0.0
2026-05-28T02:14:49.489795+00:00,1779934489489,delta,0.999,0.88,0.9395,-0.119,0.12,0.001,0.0605,-0.119,1590.6,0.0
2026-05-28T02:14:49.582246+00:00,1779934489582,delta,0.999,0.88,0.9395,-0.119,0.12,0.001,0.0605,-0.119,1578.93,0.0
2026-05-28T02:14:49.583374+00:00,1779934489583,delta,0.999,0.88,0.9395,-0.119,0.12,0.001,0.0605,-0.119,1575.33,0.0
2026-05-28T02:14:49.608806+00:00,1779934489608,delta,0.999,0.88,0.9395,-0.119,0.12,0.001,0.0605,-0.119,1481.82,0.0
2026-05-28T02:14:49.634913+00:00,1779934489634,delta,0.999,0.88,0.9395,-0.119,0.12,0.001,0.0605,-0.119,1481.82,0.0
2026-05-28T02:14:49.635582+00:00,1779934489635,delta,0.999,0.88,0.9395,-0.119,0.12,0.001,0.0605,-0.119,1481.82,0.0
2026-05-28T02:14:49.639071+00:00,1779934489639,delta,0.999,0.88,0.9395,-0.119,0.12,0.001,0.0605,-0.119,1481.82,0.0
2026-05-28T02:14:49.667932+00:00,1779934489667,delta,0.999,0.88,0.9395,-0.119,0.12,0.001,0.0605,-0.119,1481.82,0.0
2026-05-28T02:14:49.669619+00:00,1779934489669,delta,0.999,0.88,0.9395,-0.119,0.12,0.001,0.0605,-0.119,1407.67,0.0
2026-05-28T02:14:49.726212+00:00,1779934489726,delta,0.999,0.88,0.9395,-0.119,0.12,0.001,0.0605,-0.119,1338.74,0.0
2026-05-28T02:14:49.900593+00:00,1779934489900,delta,0.999,0.88,0.9395,-0.119,0.12,0.001,0.0605,-0.119,1338.74,0.0
2026-05-28T02:14:49.902989+00:00,1779934489902,delta,0.999,0.88,0.9395,-0.119,0.12,0.001,0.0605,-0.119,1338.74,0.0
2026-05-28T02:14:49.960582+00:00,1779934489960,delta,0.999,0.88,0.9395,-0.119,0.12,0.001,0.0605,-0.119,1338.74,0.0
2026-05-28T02:14:49.984984+00:00,1779934489984,delta,0.999,0.88,0.9395,-0.119,0.12,0.001,0.0605,-0.119,1338.74,0.0
2026-05-28T02:14:49.985756+00:00,1779934489985,delta,0.999,0.88,0.9395,-0.119,0.12,0.001,0.0605,-0.119,1385.97,0.0
2026-05-28T02:14:50.037306+00:00,1779934490037,delta,0.999,0.88,0.9395,-0.119,0.12,0.001,0.0605,-0.119,1338.74,0.0
2026-05-28T02:14:50.037968+00:00,1779934490037,delta,0.999,0.88,0.9395,-0.119,0.12,0.001,0.0605,-0.119,1407.74,0.0
2026-05-28T02:14:50.090525+00:00,1779934490090,delta,0.998,0.88,0.939,-0.118,0.12,0.002,0.061,-0.118,1430.0,0.0
2026-05-28T02:14:50.091563+00:00,1779934490091,delta,0.998,0.88,0.939,-0.118,0.12,0.002,0.061,-0.118,1420.0,0.0
2026-05-28T02:14:50.092333+00:00,1779934490092,delta,0.998,0.88,0.939,-0.118,0.12,0.002,0.061,-0.118,1188.74,0.0
2026-05-28T02:14:50.122781+00:00,1779934490122,delta,0.998,0.88,0.939,-0.118,0.12,0.002,0.061,-0.118,1488.74,0.0
2026-05-28T02:14:50.390490+00:00,1779934490390,delta,0.998,0.88,0.939,-0.118,0.12,0.002,0.061,-0.118,1488.74,0.0
2026-05-28T02:14:50.426401+00:00,1779934490426,delta,0.998,0.88,0.939,-0.118,0.12,0.002,0.061,-0.118,1488.74,0.0
2026-05-28T02:14:50.506424+00:00,1779934490506,delta,0.998,0.88,0.939,-0.118,0.12,0.002,0.061,-0.118,1488.74,0.0
2026-05-28T02:14:50.676650+00:00,1779934490676,delta,0.998,0.88,0.939,-0.118,0.12,0.002,0.061,-0.118,1488.74,0.0
2026-05-28T02:14:50.677331+00:00,1779934490677,delta,0.998,0.88,0.939,-0.118,0.12,0.002,0.061,-0.118,1488.74,0.0
2026-05-28T02:14:50.678142+00:00,1779934490678,delta,0.998,0.88,0.939,-0.118,0.12,0.002,0.061,-0.118,1488.74,0.0
2026-05-28T02:14:50.678604+00:00,1779934490678,delta,0.998,0.88,0.939,-0.118,0.12,0.002,0.061,-0.118,1488.74,0.0
2026-05-28T02:14:50.679033+00:00,1779934490679,delta,0.998,0.88,0.939,-0.118,0.12,0.002,0.061,-0.118,1488.74,0.0
2026-05-28T02:14:50.710348+00:00,1779934490710,delta,0.998,0.88,0.939,-0.118,0.12,0.002,0.061,-0.118,1488.74,0.0
2026-05-28T02:14:50.711096+00:00,1779934490711,delta,0.998,0.88,0.939,-0.118,0.12,0.002,0.061,-0.118,1488.74,0.0
2026-05-28T02:14:50.798304+00:00,1779934490798,delta,0.998,0.88,0.939,-0.118,0.12,0.002,0.061,-0.118,1488.74,0.0
2026-05-28T02:14:50.800030+00:00,1779934490800,delta,0.998,0.88,0.939,-0.118,0.12,0.002,0.061,-0.118,1488.74,0.0
2026-05-28T02:14:50.801535+00:00,1779934490801,delta,0.998,0.88,0.939,-0.118,0.12,0.002,0.061,-0.118,1488.74,0.0
2026-05-28T02:14:50.802621+00:00,1779934490802,delta,0.998,0.88,0.939,-0.118,0.12,0.002,0.061,-0.118,1488.74,0.0
2026-05-28T02:14:50.803329+00:00,1779934490803,delta,0.998,0.88,0.939,-0.118,0.12,0.002,0.061,-0.118,1488.74,0.0
2026-05-28T02:14:50.825113+00:00,1779934490825,delta,0.998,0.88,0.939,-0.118,0.12,0.002,0.061,-0.118,1488.74,0.0
2026-05-28T02:14:50.860687+00:00,1779934490860,delta,0.998,0.88,0.939,-0.118,0.12,0.002,0.061,-0.118,1420.0,0.0
2026-05-28T02:14:50.950055+00:00,1779934490950,delta,0.998,0.88,0.939,-0.118,0.12,0.002,0.061,-0.118,1120.0,0.0
2026-05-28T02:14:50.951529+00:00,1779934490951,delta,0.998,0.88,0.939,-0.118,0.12,0.002,0.061,-0.118,1120.0,0.0
2026-05-28T02:14:50.952549+00:00,1779934490952,delta,0.997,0.88,0.9385,-0.117,0.12,0.003,0.0615,-0.117,1751.0,0.0
2026-05-28T02:14:51.008211+00:00,1779934491008,delta,0.997,0.88,0.9385,-0.117,0.12,0.003,0.0615,-0.117,1798.23,0.0
2026-05-28T02:14:51.031938+00:00,1779934491031,delta,0.997,0.88,0.9385,-0.117,0.12,0.003,0.0615,-0.117,1798.23,0.0
2026-05-28T02:14:51.032872+00:00,1779934491032,delta,0.997,0.88,0.9385,-0.117,0.12,0.003,0.0615,-0.117,1798.23,0.0
2026-05-28T02:14:51.214022+00:00,1779934491214,delta,0.997,0.88,0.9385,-0.117,0.12,0.003,0.0615,-0.117,1769.13,0.0
2026-05-28T02:14:51.241632+00:00,1779934491241,delta,0.997,0.88,0.9385,-0.117,0.12,0.003,0.0615,-0.117,1769.13,0.0
2026-05-28T02:14:51.242391+00:00,1779934491242,delta,0.997,0.88,0.9385,-0.117,0.12,0.003,0.0615,-0.117,1769.13,0.0
2026-05-28T02:14:51.245936+00:00,1779934491245,delta,0.997,0.88,0.9385,-0.117,0.12,0.003,0.0615,-0.117,1769.13,0.0
2026-05-28T02:14:51.270729+00:00,1779934491270,delta,0.997,0.88,0.9385,-0.117,0.12,0.003,0.0615,-0.117,1769.13,0.0
2026-05-28T02:14:51.275300+00:00,1779934491275,delta,0.997,0.88,0.9385,-0.117,0.12,0.003,0.0615,-0.117,1769.13,0.0
2026-05-28T02:14:51.275936+00:00,1779934491275,delta,0.997,0.88,0.9385,-0.117,0.12,0.003,0.0615,-0.117,1769.13,0.0
2026-05-28T02:14:51.364553+00:00,1779934491364,delta,0.997,0.88,0.9385,-0.117,0.12,0.003,0.0615,-0.117,1769.13,0.0
2026-05-28T02:14:51.496755+00:00,1779934491496,delta,0.997,0.88,0.9385,-0.117,0.12,0.003,0.0615,-0.117,2069.13,0.0
2026-05-28T02:14:51.522941+00:00,1779934491522,delta,0.997,0.88,0.9385,-0.117,0.12,0.003,0.0615,-0.117,2069.13,0.0
2026-05-28T02:14:51.524063+00:00,1779934491524,delta,0.997,0.88,0.9385,-0.117,0.12,0.003,0.0615,-0.117,2069.13,0.0
2026-05-28T02:14:51.524915+00:00,1779934491524,delta,0.997,0.88,0.9385,-0.117,0.12,0.003,0.0615,-0.117,2069.13,0.0
2026-05-28T02:14:51.525661+00:00,1779934491525,delta,0.997,0.88,0.9385,-0.117,0.12,0.003,0.0615,-0.117,2069.13,0.0
2026-05-28T02:14:51.526210+00:00,1779934491526,delta,0.999,0.88,0.9395,-0.119,0.12,0.001,0.0605,-0.119,1627.76,0.0
2026-05-28T02:14:51.552862+00:00,1779934491552,delta,0.999,0.88,0.9395,-0.119,0.12,0.001,0.0605,-0.119,1627.76,0.0
2026-05-28T02:14:51.582206+00:00,1779934491582,delta,0.999,0.88,0.9395,-0.119,0.12,0.001,0.0605,-0.119,1627.76,0.0
2026-05-28T02:14:51.583392+00:00,1779934491583,delta,0.999,0.88,0.9395,-0.119,0.12,0.001,0.0605,-0.119,1580.53,0.0
2026-05-28T02:14:51.612650+00:00,1779934491612,delta,0.999,0.88,0.9395,-0.119,0.12,0.001,0.0605,-0.119,1580.53,0.0
2026-05-28T02:14:51.613426+00:00,1779934491613,delta,0.999,0.88,0.9395,-0.119,0.12,0.001,0.0605,-0.119,1580.53,0.0
2026-05-28T02:14:51.613981+00:00,1779934491613,delta,0.999,0.88,0.9395,-0.119,0.12,0.001,0.0605,-0.119,1580.53,0.0
2026-05-28T02:14:51.645711+00:00,1779934491645,delta,0.999,0.88,0.9395,-0.119,0.12,0.001,0.0605,-0.119,1580.53,0.0
2026-05-28T02:14:51.647199+00:00,1779934491647,delta,0.999,0.88,0.9395,-0.119,0.12,0.001,0.0605,-0.119,1498.53,0.0
2026-05-28T02:14:51.649124+00:00,1779934491649,delta,0.999,0.88,0.9395,-0.119,0.12,0.001,0.0605,-0.119,1798.53,0.0
2026-05-28T02:14:51.696093+00:00,1779934491696,delta,0.999,0.88,0.9395,-0.119,0.12,0.001,0.0605,-0.119,1880.53,0.0
2026-05-28T02:14:51.733006+00:00,1779934491733,delta,0.999,0.88,0.9395,-0.119,0.12,0.001,0.0605,-0.119,1739.53,0.0
2026-05-28T02:14:51.734179+00:00,1779934491734,delta,0.999,0.88,0.9395,-0.119,0.12,0.001,0.0605,-0.119,1721.65,0.0
2026-05-28T02:14:51.759292+00:00,1779934491759,delta,0.999,0.88,0.9395,-0.119,0.12,0.001,0.0605,-0.119,1721.65,0.0
2026-05-28T02:14:51.786230+00:00,1779934491786,delta,0.999,0.88,0.9395,-0.119,0.12,0.001,0.0605,-0.119,2021.65,0.0
2026-05-28T02:14:51.819623+00:00,1779934491819,delta,0.999,0.88,0.9395,-0.119,0.12,0.001,0.0605,-0.119,2090.58,0.0
2026-05-28T02:14:51.845286+00:00,1779934491845,delta,0.999,0.88,0.9395,-0.119,0.12,0.001,0.0605,-0.119,2090.58,0.0
2026-05-28T02:14:51.942793+00:00,1779934491942,delta,0.999,0.88,0.9395,-0.119,0.12,0.001,0.0605,-0.119,2080.58,0.0
2026-05-28T02:14:52.246135+00:00,1779934492246,delta,0.999,0.88,0.9395,-0.119,0.12,0.001,0.0605,-0.119,2080.58,0.0
2026-05-28T02:14:52.246789+00:00,1779934492246,delta,0.999,0.88,0.9395,-0.119,0.12,0.001,0.0605,-0.119,2080.58,0.0
2026-05-28T02:14:52.247434+00:00,1779934492247,delta,0.999,0.88,0.9395,-0.119,0.12,0.001,0.0605,-0.119,2080.58,0.0
2026-05-28T02:14:52.486538+00:00,1779934492486,delta,0.999,0.88,0.9395,-0.119,0.12,0.001,0.0605,-0.119,2080.58,0.0
2026-05-28T02:14:52.503561+00:00,1779934492503,delta,0.999,0.88,0.9395,-0.119,0.12,0.001,0.0605,-0.119,2080.58,0.0
2026-05-28T02:14:52.504451+00:00,1779934492504,delta,0.999,0.88,0.9395,-0.119,0.12,0.001,0.0605,-0.119,2080.58,0.0
2026-05-28T02:14:52.562269+00:00,1779934492562,delta,0.999,0.88,0.9395,-0.119,0.12,0.001,0.0605,-0.119,2005.58,0.0
2026-05-28T02:14:53.021305+00:00,1779934493021,delta,0.999,0.88,0.9395,-0.119,0.12,0.001,0.0605,-0.119,2005.58,0.0
2026-05-28T02:14:53.052132+00:00,1779934493052,delta,0.999,0.88,0.9395,-0.119,0.12,0.001,0.0605,-0.119,1982.58,0.0
2026-05-28T02:14:53.053158+00:00,1779934493053,delta,0.999,0.88,0.9395,-0.119,0.12,0.001,0.0605,-0.119,1982.58,0.0
2026-05-28T02:14:53.053970+00:00,1779934493053,delta,0.999,0.88,0.9395,-0.119,0.12,0.001,0.0605,-0.119,1982.58,0.0
2026-05-28T02:14:53.054762+00:00,1779934493054,delta,0.999,0.88,0.9395,-0.119,0.12,0.001,0.0605,-0.119,1982.58,0.0
2026-05-28T02:14:53.055290+00:00,1779934493055,delta,0.999,0.88,0.9395,-0.119,0.12,0.001,0.0605,-0.119,1982.58,0.0
2026-05-28T02:14:53.055805+00:00,1779934493055,delta,0.999,0.88,0.9395,-0.119,0.12,0.001,0.0605,-0.119,1982.58,0.0
2026-05-28T02:14:53.056310+00:00,1779934493056,delta,0.999,0.88,0.9395,-0.119,0.12,0.001,0.0605,-0.119,1982.58,0.0
2026-05-28T02:14:53.056801+00:00,1779934493056,delta,0.999,0.88,0.9395,-0.119,0.12,0.001,0.0605,-0.119,1982.58,0.0
2026-05-28T02:14:53.084852+00:00,1779934493084,delta,0.999,0.88,0.9395,-0.119,0.12,0.001,0.0605,-0.119,1982.58,0.0
2026-05-28T02:14:53.085979+00:00,1779934493085,delta,0.999,0.88,0.9395,-0.119,0.12,0.001,0.0605,-0.119,1982.58,0.0
2026-05-28T02:14:53.385965+00:00,1779934493385,delta,0.999,0.88,0.9395,-0.119,0.12,0.001,0.0605,-0.119,1919.95,0.0
2026-05-28T02:14:53.386858+00:00,1779934493386,delta,0.999,0.88,0.9395,-0.119,0.12,0.001,0.0605,-0.119,1849.83,0.0
2026-05-28T02:14:53.387533+00:00,1779934493387,delta,0.999,0.88,0.9395,-0.119,0.12,0.001,0.0605,-0.119,1848.95,0.0
2026-05-28T02:14:53.414513+00:00,1779934493414,delta,0.999,0.88,0.9395,-0.119,0.12,0.001,0.0605,-0.119,1848.95,0.0
2026-05-28T02:14:53.827415+00:00,1779934493827,delta,0.999,0.88,0.9395,-0.119,0.12,0.001,0.0605,-0.119,1848.95,0.0
2026-05-28T02:14:53.852532+00:00,1779934493852,delta,0.999,0.88,0.9395,-0.119,0.12,0.001,0.0605,-0.119,1848.95,0.0
2026-05-28T02:14:54.149677+00:00,1779934494149,delta,0.999,0.88,0.9395,-0.119,0.12,0.001,0.0605,-0.119,1848.95,0.0
2026-05-28T02:14:54.232822+00:00,1779934494232,delta,0.999,0.88,0.9395,-0.119,0.12,0.001,0.0605,-0.119,1848.95,0.0
2026-05-28T02:14:54.234533+00:00,1779934494234,delta,0.999,0.88,0.9395,-0.119,0.12,0.001,0.0605,-0.119,1848.95,0.0
2026-05-28T02:14:54.236108+00:00,1779934494236,delta,0.999,0.88,0.9395,-0.119,0.12,0.001,0.0605,-0.119,1848.95,0.0
2026-05-28T02:14:54.237036+00:00,1779934494237,delta,0.999,0.88,0.9395,-0.119,0.12,0.001,0.0605,-0.119,2181.95,0.0
2026-05-28T02:14:54.287655+00:00,1779934494287,delta,0.999,0.88,0.9395,-0.119,0.12,0.001,0.0605,-0.119,2181.95,0.0
2026-05-28T02:14:54.288278+00:00,1779934494288,delta,0.999,0.88,0.9395,-0.119,0.12,0.001,0.0605,-0.119,2181.95,0.0
2026-05-28T02:14:54.288795+00:00,1779934494288,delta,0.999,0.88,0.9395,-0.119,0.12,0.001,0.0605,-0.119,2181.95,0.0
2026-05-28T02:14:54.289209+00:00,1779934494289,delta,0.999,0.88,0.9395,-0.119,0.12,0.001,0.0605,-0.119,2181.95,0.0
2026-05-28T02:14:54.289635+00:00,1779934494289,delta,0.999,0.88,0.9395,-0.119,0.12,0.001,0.0605,-0.119,2181.95,0.0
2026-05-28T02:14:54.317652+00:00,1779934494317,delta,0.999,0.88,0.9395,-0.119,0.12,0.001,0.0605,-0.119,2162.95,0.0
2026-05-28T02:14:54.318441+00:00,1779934494318,delta,0.999,0.88,0.9395,-0.119,0.12,0.001,0.0605,-0.119,2162.95,0.0
2026-05-28T02:14:54.318989+00:00,1779934494318,delta,0.999,0.88,0.9395,-0.119,0.12,0.001,0.0605,-0.119,2162.95,0.0
2026-05-28T02:14:54.319462+00:00,1779934494319,delta,0.999,0.88,0.9395,-0.119,0.12,0.001,0.0605,-0.119,2162.95,0.0
2026-05-28T02:14:54.319988+00:00,1779934494319,delta,0.999,0.88,0.9395,-0.119,0.12,0.001,0.0605,-0.119,2162.95,0.0
2026-05-28T02:14:54.683682+00:00,1779934494683,delta,0.999,0.88,0.9395,-0.119,0.12,0.001,0.0605,-0.119,2162.95,0.0
2026-05-28T02:14:54.695906+00:00,1779934494695,delta,0.999,0.88,0.9395,-0.119,0.12,0.001,0.0605,-0.119,2157.95,0.0
2026-05-28T02:14:55.213417+00:00,1779934495213,delta,0.999,0.88,0.9395,-0.119,0.12,0.001,0.0605,-0.119,2209.95,0.0
2026-05-28T02:14:55.214554+00:00,1779934495214,delta,0.999,0.88,0.9395,-0.119,0.12,0.001,0.0605,-0.119,2261.95,0.0
2026-05-28T02:14:55.215789+00:00,1779934495215,delta,0.999,0.88,0.9395,-0.119,0.12,0.001,0.0605,-0.119,2313.95,0.0
2026-05-28T02:14:55.216881+00:00,1779934495216,delta,0.999,0.88,0.9395,-0.119,0.12,0.001,0.0605,-0.119,2313.95,0.0
2026-05-28T02:14:55.330670+00:00,1779934495330,delta,0.999,0.88,0.9395,-0.119,0.12,0.001,0.0605,-0.119,2313.95,0.0
2026-05-28T02:14:55.331495+00:00,1779934495331,delta,0.999,0.88,0.9395,-0.119,0.12,0.001,0.0605,-0.119,2313.95,0.0
2026-05-28T02:14:55.332138+00:00,1779934495332,delta,0.999,0.88,0.9395,-0.119,0.12,0.001,0.0605,-0.119,2313.95,0.0
2026-05-28T02:14:55.332658+00:00,1779934495332,delta,0.999,0.88,0.9395,-0.119,0.12,0.001,0.0605,-0.119,2313.95,0.0
2026-05-28T02:14:55.333687+00:00,1779934495333,delta,0.999,0.88,0.9395,-0.119,0.12,0.001,0.0605,-0.119,2313.95,0.0
2026-05-28T02:14:55.334421+00:00,1779934495334,delta,0.999,0.88,0.9395,-0.119,0.12,0.001,0.0605,-0.119,2313.95,0.0
2026-05-28T02:14:55.356787+00:00,1779934495356,delta,0.999,0.88,0.9395,-0.119,0.12,0.001,0.0605,-0.119,2306.65,0.0
2026-05-28T02:14:55.676717+00:00,1779934495676,delta,0.999,0.88,0.9395,-0.119,0.12,0.001,0.0605,-0.119,2306.65,0.0
2026-05-28T02:14:55.724932+00:00,1779934495724,delta,0.999,0.88,0.9395,-0.119,0.12,0.001,0.0605,-0.119,2306.65,0.0
2026-05-28T02:14:55.725593+00:00,1779934495725,delta,0.999,0.88,0.9395,-0.119,0.12,0.001,0.0605,-0.119,2306.65,0.0
2026-05-28T02:14:55.726063+00:00,1779934495726,delta,0.999,0.88,0.9395,-0.119,0.12,0.001,0.0605,-0.119,2306.65,0.0
2026-05-28T02:14:55.726481+00:00,1779934495726,delta,0.999,0.88,0.9395,-0.119,0.12,0.001,0.0605,-0.119,2306.65,0.0
2026-05-28T02:14:55.726909+00:00,1779934495726,delta,0.999,0.88,0.9395,-0.119,0.12,0.001,0.0605,-0.119,2306.65,0.0
2026-05-28T02:14:55.727307+00:00,1779934495727,delta,0.999,0.88,0.9395,-0.119,0.12,0.001,0.0605,-0.119,2306.65,0.0
2026-05-28T02:14:55.749038+00:00,1779934495749,delta,0.999,0.88,0.9395,-0.119,0.12,0.001,0.0605,-0.119,2306.65,0.0
2026-05-28T02:14:55.776491+00:00,1779934495776,delta,0.999,0.88,0.9395,-0.119,0.12,0.001,0.0605,-0.119,2306.65,0.0
2026-05-28T02:14:55.777386+00:00,1779934495777,delta,0.999,0.88,0.9395,-0.119,0.12,0.001,0.0605,-0.119,2306.65,0.0
2026-05-28T02:14:55.808905+00:00,1779934495808,delta,0.999,0.88,0.9395,-0.119,0.12,0.001,0.0605,-0.119,2506.65,0.0
2026-05-28T02:14:55.810171+00:00,1779934495810,delta,0.999,0.88,0.9395,-0.119,0.12,0.001,0.0605,-0.119,2506.65,0.0
2026-05-28T02:14:55.836073+00:00,1779934495836,delta,0.999,0.88,0.9395,-0.119,0.12,0.001,0.0605,-0.119,2506.65,0.0
2026-05-28T02:14:55.836645+00:00,1779934495836,delta,0.999,0.88,0.9395,-0.119,0.12,0.001,0.0605,-0.119,2506.65,0.0
2026-05-28T02:14:55.868808+00:00,1779934495868,delta,0.999,0.88,0.9395,-0.119,0.12,0.001,0.0605,-0.119,2506.65,0.0
2026-05-28T02:14:56.125429+00:00,1779934496125,delta,0.999,0.88,0.9395,-0.119,0.12,0.001,0.0605,-0.119,2506.65,0.0
2026-05-28T02:14:56.126595+00:00,1779934496126,delta,0.999,0.88,0.9395,-0.119,0.12,0.001,0.0605,-0.119,2506.65,0.0
2026-05-28T02:14:56.226475+00:00,1779934496226,delta,0.999,0.88,0.9395,-0.119,0.12,0.001,0.0605,-0.119,2385.65,0.0
2026-05-28T02:14:56.251519+00:00,1779934496251,delta,0.999,0.88,0.9395,-0.119,0.12,0.001,0.0605,-0.119,2385.65,0.0
2026-05-28T02:14:56.476782+00:00,1779934496476,delta,0.999,0.88,0.9395,-0.119,0.12,0.001,0.0605,-0.119,3185.65,0.0
2026-05-28T02:14:56.790268+00:00,1779934496790,delta,0.999,0.88,0.9395,-0.119,0.12,0.001,0.0605,-0.119,3157.84,0.0
2026-05-28T02:14:56.816717+00:00,1779934496816,delta,0.999,0.88,0.9395,-0.119,0.12,0.001,0.0605,-0.119,3157.84,0.0
2026-05-28T02:14:56.818552+00:00,1779934496818,delta,0.999,0.88,0.9395,-0.119,0.12,0.001,0.0605,-0.119,3157.84,0.0
2026-05-28T02:14:56.869529+00:00,1779934496869,delta,0.999,0.88,0.9395,-0.119,0.12,0.001,0.0605,-0.119,3157.84,0.0
2026-05-28T02:14:56.897573+00:00,1779934496897,delta,0.999,0.88,0.9395,-0.119,0.12,0.001,0.0605,-0.119,3157.84,0.0
2026-05-28T02:14:57.366067+00:00,1779934497366,delta,0.999,0.88,0.9395,-0.119,0.12,0.001,0.0605,-0.119,3157.84,0.0
2026-05-28T02:14:57.400678+00:00,1779934497400,delta,0.999,0.88,0.9395,-0.119,0.12,0.001,0.0605,-0.119,3157.84,0.0
2026-05-28T02:14:57.401613+00:00,1779934497401,delta,0.999,0.88,0.9395,-0.119,0.12,0.001,0.0605,-0.119,3157.84,0.0
2026-05-28T02:14:57.402357+00:00,1779934497402,delta,0.999,0.88,0.9395,-0.119,0.12,0.001,0.0605,-0.119,3157.84,0.0
2026-05-28T02:14:57.403277+00:00,1779934497403,delta,0.999,0.88,0.9395,-0.119,0.12,0.001,0.0605,-0.119,3157.84,0.0
2026-05-28T02:14:57.404522+00:00,1779934497404,delta,0.999,0.88,0.9395,-0.119,0.12,0.001,0.0605,-0.119,3157.84,0.0
2026-05-28T02:14:57.407745+00:00,1779934497407,delta,0.999,0.88,0.9395,-0.119,0.12,0.001,0.0605,-0.119,3157.84,0.0
2026-05-28T02:14:58.248545+00:00,1779934498248,delta,0.999,0.88,0.9395,-0.119,0.12,0.001,0.0605,-0.119,2857.84,0.0
2026-05-28T02:14:58.250795+00:00,1779934498250,delta,0.999,0.88,0.9395,-0.119,0.12,0.001,0.0605,-0.119,2857.84,0.0
2026-05-28T02:14:59.076007+00:00,1779934499076,delta,0.999,0.88,0.9395,-0.119,0.12,0.001,0.0605,-0.119,2738.83,0.0
2026-05-28T02:14:59.077531+00:00,1779934499077,delta,0.999,0.88,0.9395,-0.119,0.12,0.001,0.0605,-0.119,2438.83,0.0
2026-05-28T02:14:59.078613+00:00,1779934499078,delta,0.999,0.88,0.9395,-0.119,0.12,0.001,0.0605,-0.119,2369.9,0.0
2026-05-28T02:14:59.079803+00:00,1779934499079,delta,0.999,0.88,0.9395,-0.119,0.12,0.001,0.0605,-0.119,2353.11,0.0
2026-05-28T02:14:59.117667+00:00,1779934499117,delta,0.999,0.88,0.9395,-0.119,0.12,0.001,0.0605,-0.119,2353.11,0.0
2026-05-28T02:14:59.118898+00:00,1779934499118,delta,0.999,0.88,0.9395,-0.119,0.12,0.001,0.0605,-0.119,2353.11,0.0
2026-05-28T02:14:59.119711+00:00,1779934499119,delta,0.999,0.88,0.9395,-0.119,0.12,0.001,0.0605,-0.119,2353.11,0.0
2026-05-28T02:14:59.120413+00:00,1779934499120,delta,0.999,0.88,0.9395,-0.119,0.12,0.001,0.0605,-0.119,2353.11,0.0
2026-05-28T02:14:59.120892+00:00,1779934499120,delta,0.999,0.88,0.9395,-0.119,0.12,0.001,0.0605,-0.119,2353.11,0.0
2026-05-28T02:14:59.254896+00:00,1779934499254,delta,0.999,0.88,0.9395,-0.119,0.12,0.001,0.0605,-0.119,2422.04,0.0
2026-05-28T02:14:59.327475+00:00,1779934499327,delta,0.999,0.88,0.9395,-0.119,0.12,0.001,0.0605,-0.119,2422.04,0.0
2026-05-28T02:14:59.328110+00:00,1779934499328,delta,0.999,0.88,0.9395,-0.119,0.12,0.001,0.0605,-0.119,2422.04,0.0
2026-05-28T02:14:59.357594+00:00,1779934499357,delta,0.999,0.88,0.9395,-0.119,0.12,0.001,0.0605,-0.119,2422.04,0.0
2026-05-28T02:14:59.379792+00:00,1779934499379,delta,0.999,0.88,0.9395,-0.119,0.12,0.001,0.0605,-0.119,2422.04,0.0
2026-05-28T02:14:59.381031+00:00,1779934499381,delta,0.999,0.88,0.9395,-0.119,0.12,0.001,0.0605,-0.119,2422.04,0.0
2026-05-28T02:14:59.431828+00:00,1779934499431,delta,0.999,0.88,0.9395,-0.119,0.12,0.001,0.0605,-0.119,2422.04,0.0
2026-05-28T02:14:59.714184+00:00,1779934499714,delta,0.999,0.88,0.9395,-0.119,0.12,0.001,0.0605,-0.119,2386.83,0.0
2026-05-28T02:14:59.715901+00:00,1779934499715,delta,0.999,0.88,0.9395,-0.119,0.12,0.001,0.0605,-0.119,2348.08,0.0
